ts,http_status,latency_ms,cpu_pct,temp_c,mem_mb,error_code,region_id,bytes_sent,user_id,flags,score_x1000,global_id,price
0,500,101,80,65,8860,0,3,4335456,63417,231,38805,2838222278322445189,600.55
1,404,54,38,40,6992,62,19,7412718,237161,214,19562,589582875775414370,621.34
2,200,28,65,69,58872,0,5,599650,248473,149,25871,4233825192930754735,26.24
3,500,88,49,22,35567,0,26,3248739,159374,225,84595,5602516629687199337,267.15
4,200,120,71,75,39081,0,15,226362,200569,78,81276,3574369373120758337,436.07
5,200,138,9,56,18579,71,10,2296930,101315,226,83066,2121857997740814808,679.41
6,200,156,46,86,35326,0,25,1003720,239064,69,66356,6884111464533652621,938.48
7,502,151,14,45,24845,93,10,3866458,46062,250,43460,322794316581822781,528.29
8,200,146,79,58,23098,0,16,5956037,68865,185,80969,832347997394983355,104.78
9,500,40,97,22,51146,0,22,5966935,134268,62,73303,4004893931183428524,441.37
10,502,117,29,26,9425,0,28,4554775,30437,246,38241,4267236562373687599,375.97
11,500,123,27,47,57810,0,11,756912,82506,172,38149,7756276285683368697,634.67
12,304,92,42,24,31945,0,8,2061221,244395,138,19418,4754762578831224222,500.7
13,304,30,59,24,42795,105,21,4750132,172126,44,55567,7484837342915674855,239.44
14,200,48,59,58,28766,0,27,1510659,217028,190,83742,4346108147365918423,206.6
15,200,72,42,65,18377,0,15,7383428,130897,234,79461,935571238790089942,308.79
16,200,60,61,38,14715,0,3,1556084,226689,171,86865,5275084468548592159,430.26
17,301,121,8,56,22418,105,9,6532978,129550,177,23756,3913001052032055675,780.89
18,404,12,16,50,54020,0,1,657233,110061,147,84100,7114099420284528477,143.65
19,502,11,29,51,21792,34,7,1091323,40782,26,66546,29373765588129553,854.88
20,502,47,29,53,61331,0,20,5899044,24598,232,58706,6999629693035144037,854.82
21,304,124,60,81,42490,2,2,2586593,181559,252,46618,4383977039414727186,661.25
22,500,146,71,91,50140,0,11,4043218,192751,95,69725,8264683704078869110,402.46
23,301,4,74,79,11040,107,19,6369633,220419,152,1407,386559504630294425,290.7
24,404,16,51,88,43625,0,3,2909421,187508,80,53766,8593360597774632751,447.93
25,200,140,95,35,62943,0,20,303996,86970,116,11374,4010474115050199200,524.54
26,500,114,94,20,57839,0,16,5366700,249777,83,54960,2233052957566876680,856.93
27,200,73,32,35,54948,0,8,4222026,119262,197,62917,1791025567950173786,39.63
28,200,8,14,75,17364,0,3,5746533,101897,219,45156,22045321183979245,547.73
29,200,45,82,35,19269,0,14,2557511,103930,224,8330,401995854083810380,909.39
30,502,184,76,90,5582,0,22,2210065,196294,122,9422,6189953710156212450,458.03
31,502,96,39,17,7337,0,4,6643551,39990,122,97348,5263835476484456553,193.98
32,502,120,57,23,1746,75,12,7465063,153566,83,35183,6891815988530553856,807.62
33,502,104,44,40,9637,0,22,4834031,145381,62,45485,6407799709086279956,188.49
34,200,184,51,90,36806,0,6,662666,226977,52,84687,4987408753908646052,826.03
35,502,54,19,33,15373,0,1,3784727,229604,211,80145,4977877074589316693,892.93
36,301,160,16,21,41560,0,28,4401232,163994,203,55713,8249024463012294509,234.36
37,500,81,18,44,46485,0,11,7875451,248260,83,6683,4976387145713506990,668.73
38,200,46,29,30,15650,0,0,3818495,48572,122,63965,4187461446700057234,56.35
39,200,47,69,36,25206,0,15,5491759,227909,240,41682,402832990288809920,604.73
40,502,50,55,61,28785,0,18,3838657,35464,19,65403,7048207666734870772,72.25
41,200,164,33,61,63883,0,13,1144139,218477,14,37971,7252826219355782146,458.21
42,200,86,91,31,20218,91,18,1969217,178849,41,54176,3099056303354062641,293.56
43,200,51,53,46,28554,0,12,6900045,239103,19,97732,3034308985790530666,283.88
44,500,174,63,80,22322,0,20,2942828,183215,42,45855,8390903481961524843,624.35
45,502,113,6,26,59831,0,22,3090027,152407,161,80999,7880536732792779327,727.27
46,301,27,20,86,26033,0,4,5019573,64789,4,33132,3472900442718889425,76.13
47,200,116,21,67,8927,0,0,1478105,160616,78,76411,7816595784639903550,464.42
48,200,133,85,66,8844,0,1,1350404,126433,232,58161,8073161223898903570,336.14
49,500,221,53,66,43364,0,0,2800385,226255,101,70652,3773339262955108671,323.48
50,200,104,4,33,26419,0,5,2061242,35178,240,32629,3023196393401632170,366.01
51,200,67,49,22,2141,0,27,5491474,216422,174,99804,4574701405362929842,742.04
52,200,45,73,19,62662,0,20,7784994,225416,43,11111,4591138508469974817,79.77
53,404,62,97,55,28358,0,2,740940,42366,145,55481,6203427856206614862,937.09
54,500,66,10,72,17134,0,21,70268,168021,95,88096,7101467092443006641,413.56
55,200,159,21,59,56137,0,1,5754929,238734,7,86652,5748701728313799864,173.79
56,304,70,38,35,38321,0,6,7551641,35213,104,85088,7928407999224954057,676.77
57,500,137,54,31,14842,67,25,6761106,236814,90,77161,7996378505922308418,877.68
58,200,83,59,47,56570,0,15,5961137,27500,7,55758,2451022194262474234,30.93
59,500,10,82,28,17991,0,27,5907235,229082,71,22984,3750265304449623597,944.12
60,404,177,46,67,2053,0,21,7293397,239048,2,76627,4744348090494664636,34.88
61,200,95,52,50,16564,0,0,1681998,214639,49,82836,7529261014101362099,254.08
62,404,105,72,36,61973,0,15,1023638,90900,69,61500,80732058405370633,877.35
63,200,13,61,47,16597,0,15,60999,241470,20,95605,5151023948210287044,598.23
64,304,30,95,48,22866,0,7,521308,74691,206,94749,2882525859887276204,802.6
65,200,136,9,32,25939,0,7,6599172,195160,63,18694,5043070705922406557,671.82
66,200,103,17,41,43287,0,22,3593207,55287,9,47961,5984968089369129306,534.52
67,200,97,88,57,47734,0,3,878104,229657,150,82603,3131336523869271234,6.12
68,502,75,17,67,49020,0,3,3777881,27851,128,91539,8796781208753698770,695.48
69,200,194,54,57,6141,0,18,2157197,147147,96,53469,8929513823436358276,444.04
70,200,23,99,27,2269,0,13,1126270,137642,192,47412,250344335627527197,363.39
71,200,66,67,55,36306,0,6,3673570,8526,162,5372,7796174206633314476,161.8
72,404,16,63,26,10218,0,16,3736117,109065,213,74480,4647732121778608911,924.43
73,500,34,41,39,37047,0,2,7887946,132632,241,73189,5763382536526875349,578.46
74,200,6,85,76,63212,0,26,3489834,32087,197,38318,2811104705664926014,516.61
75,304,40,63,83,18219,0,8,5910876,93157,216,37324,8019762699590378213,635.4
76,200,136,16,34,3405,0,16,4935916,102079,172,78887,6043602018269218333,216.67
77,500,83,74,17,32299,0,19,1368318,11721,54,98946,8022945461460732978,548.34
78,200,61,54,80,30359,0,0,7004779,210698,36,25249,4592323489521287764,843.37
79,404,162,56,52,4402,0,25,945836,157892,160,25006,6720661200335150221,842.84
80,200,33,44,43,16524,0,0,5778443,3284,122,72015,4675637361498245824,408.18
81,404,96,53,37,4127,0,16,4221089,55472,138,20111,6766609917525908423,643.83
82,304,87,42,73,28444,63,10,5006240,96601,4,37189,7030929519359450376,672.37
83,200,151,1,70,23049,0,10,2194463,242826,238,92445,4040057091188288820,322.77
84,200,225,80,62,42157,0,4,2964415,95708,29,119,8061695074548190715,462.63
85,304,115,55,52,49761,0,14,1567174,89267,210,52406,2837506980793972792,491.38
86,200,88,11,92,37132,0,18,6028297,152818,239,60263,1631736509206214821,545.47
87,200,16,80,34,33762,0,12,6999397,100729,43,25937,2158695485559007393,808.49
88,404,79,15,91,15243,0,25,6495631,8462,106,62571,7150562882346922874,220.43
89,200,181,15,35,47172,0,4,7979038,119198,79,52080,7994311691216108381,390.46
90,200,89,61,36,28605,0,7,1204043,247392,128,74473,5129244735106448361,828.24
91,500,36,41,77,24049,0,0,247060,22668,195,58881,7200287684481600361,149.47
92,502,140,79,84,63145,0,20,5689297,111937,218,62037,1676886757086163696,684.44
93,301,80,88,62,2717,0,10,3375226,169722,199,52527,4940433176732602019,73.35
94,301,68,25,92,702,0,6,3833083,33375,179,584,5126900623847352717,463.94
95,404,75,91,27,38218,0,19,6217219,116102,193,41281,3774082350844559263,722.92
96,301,82,70,83,20156,0,1,3971465,97773,245,38652,422459181246330930,941.46
97,200,90,67,48,10236,83,18,2694486,163035,157,90972,2499523701218660709,707.58
98,200,39,1,86,44671,0,14,668010,184258,217,97972,835282856057092334,85.22
99,200,112,56,30,6120,0,14,6158003,8607,250,89429,4496713170689255350,683.06
100,304,87,30,37,13274,0,19,4433479,68833,210,93991,8132989554218650784,628.67
101,500,134,77,91,49178,16,6,76121,38272,209,37855,8796621556112392152,512.69
102,404,65,30,48,60294,0,12,2021544,129365,139,93762,8876336967796067849,143.36
103,200,91,37,32,51887,0,27,577742,60156,64,9228,6145559791545672814,789.13
104,200,129,14,83,2297,0,27,6188744,140266,157,45297,4531500199786421048,896.99
105,200,69,78,90,31441,0,17,5107201,183842,66,63474,7356620140432741268,176.06
106,404,26,64,65,7023,0,20,2149397,23171,0,8860,7595261179294628058,529.2
107,502,144,77,46,11066,0,8,897689,149954,240,9555,670153160963782049,990.92
108,200,45,63,41,54143,0,5,6851327,185980,97,74313,806027541856232236,728.62
109,500,215,96,18,18492,0,8,4543897,226975,224,57586,7728646873768121356,804.4
110,200,59,95,57,10107,5,21,584766,233442,98,49308,5484936276481827207,987.84
111,200,0,84,86,16595,0,28,7811241,91910,145,88977,7736935819872737494,669.81
112,200,26,81,70,56228,0,9,7861652,115351,51,24907,3847522273719404084,255.78
113,301,31,99,34,517,0,2,3345177,33640,54,42942,7112911756443632541,507.58
114,304,42,65,65,30394,0,0,287084,18338,126,13193,3921918596212224900,871.65
115,301,103,41,43,683,0,20,897156,246354,135,44173,6900841428426364552,885.72
116,304,126,81,26,41493,0,23,5713936,94660,176,69025,1402678965703796184,339.42
117,200,65,20,65,44337,0,4,7663878,126653,194,36449,7376887693728471337,223.38
118,404,137,3,58,43252,0,9,2411684,64904,81,65650,8594917721091597598,523.75
119,200,134,55,90,29157,0,11,6182475,208097,229,16125,8063696297507918269,329.43
120,200,45,63,30,46230,0,23,5634603,17944,57,38881,3710239939662400235,281.63
121,301,67,38,60,50014,0,3,5945975,57686,241,48028,1555615619313258794,38.64
122,200,47,85,21,50683,0,2,4142300,136907,222,72018,7616541444900916727,943.93
123,301,66,0,52,16554,0,19,205603,3698,241,58158,2781462141206957416,982.75
124,200,25,74,32,20751,0,0,2921344,32484,185,36129,3624296887605281356,17.57
125,301,77,52,45,13052,103,8,2432204,160558,66,27690,938415668849071022,375.73
126,200,213,69,30,13398,0,5,1760685,211260,186,29309,8986672457070944390,736.32
127,502,115,54,15,37432,0,14,3901486,192299,145,72097,4404218584819088558,119.34
128,301,96,0,73,61876,72,6,6574001,48433,236,50561,4719096767064948441,120.71
129,200,133,75,37,49235,0,9,1685937,172947,15,42344,1750696245375396796,577.26
130,200,30,26,84,39605,0,6,4103823,21368,44,75076,3212530256145152566,814.71
131,200,72,3,86,18023,0,20,855970,62882,36,66854,7649264621181508138,885.29
132,200,75,88,75,36530,0,12,7144261,240945,151,61994,2596989091014995165,930.02
133,502,115,49,17,31688,0,27,2675003,65462,176,5739,5017959819871892409,670.83
134,200,12,37,35,63632,51,21,2197369,137204,65,65351,8285411864277196775,264.59
135,200,76,46,66,7306,0,19,5073168,71436,68,1064,2673005333937401797,221.38
136,301,44,33,88,3971,0,20,2363658,172779,243,10738,8056729325247677405,51.26
137,304,2,85,77,8599,0,5,1883517,228424,183,16748,3616822350918680126,707.08
138,304,22,13,16,40893,0,26,1788501,147862,108,42383,6123820414169144748,405.48
139,200,170,10,81,12659,0,19,1938244,117095,72,18666,3068584032245249293,415.5
140,200,121,57,88,37499,0,26,1849882,61979,143,93006,345862862098207219,403.09
141,200,120,72,90,504,0,27,697348,150901,247,83242,2614210239242177245,343.87
142,500,190,90,36,30682,76,4,2580331,193600,86,34828,3781726347059719062,291.56
143,301,74,47,33,13253,0,22,2834809,246354,203,7640,4623964773622085956,540.18
144,301,167,49,59,36234,19,20,2606111,100256,248,99628,5464766722759824618,25.64
145,200,129,81,81,5853,0,0,6445067,105599,101,27334,790034577523238801,852.49
146,502,97,79,42,44896,75,16,7083066,114835,167,38528,3583933913829005579,578.06
147,200,160,15,74,25187,0,26,1507020,168402,115,71381,6060497370508404762,267.11
148,404,0,52,45,34139,0,16,857373,211172,6,92322,4734088176693352669,353.98
149,200,55,77,27,17260,0,6,7607251,201658,8,50072,5099294263453610997,382.63
150,301,110,3,21,37115,0,27,3137020,64088,196,83315,2634223176296510643,492.98
151,500,95,0,15,61783,0,21,480364,236152,92,97129,4584227274263202913,477.95
152,200,36,25,84,52951,0,26,2581278,18910,4,59639,8410633877627032050,402.05
153,200,60,13,45,29149,0,2,6105238,222598,114,11586,1485376398484935276,292.12
154,200,198,40,90,31394,0,9,3226584,211241,175,91821,1516485494412112791,289.96
155,200,101,71,39,61105,0,5,7331308,233559,43,15403,4271368902668114570,728.98
156,200,60,84,60,19774,34,13,1720362,42604,24,66798,8308578229123077075,767.54
157,200,47,54,67,52030,99,17,2845665,11073,248,15118,4230943201121390462,721.04
158,502,171,78,20,51464,0,2,159229,12025,204,95439,8777489491249034527,562.82
159,304,2,87,41,45827,0,22,3498429,197241,28,37154,1405323907310381090,193.77
160,200,11,26,49,62606,0,8,1231457,26496,95,44986,1816387237370147158,173.54
161,200,9,8,42,36611,0,6,3224219,50615,150,44759,157858339425684690,946.87
162,304,71,66,72,13260,0,20,4548571,203446,113,33878,3202676199497776338,975.36
163,500,56,17,78,2168,0,27,4796422,171190,18,81412,1247971350150792401,494.47
164,200,99,91,36,48688,0,25,3375167,48053,39,2760,6363125913451398730,167.37
165,502,109,71,50,51000,0,22,4438503,194857,184,87047,1077828152673529155,416.55
166,304,44,43,33,35720,0,5,5599099,83663,90,40245,5451367424068085838,315.95
167,304,89,69,33,38686,0,3,2140890,164388,233,12886,3830525522921321439,150.05
168,301,46,37,43,55355,0,7,7003923,20489,18,77304,1895323588777279584,226.28
169,200,104,73,72,55362,0,12,3223544,34116,202,4365,3513600809056985588,77.59
170,200,29,94,31,52093,0,16,7571124,97832,197,20911,1531048679857744629,110.9
171,200,62,10,73,21709,0,12,3057739,116236,196,89315,1827562875330038341,848.46
172,200,85,88,28,34985,0,7,1900500,188979,250,49986,5424413734061376375,289.17
173,200,107,34,39,31295,8,27,558155,18986,223,24921,180843378330557475,236.97
174,301,69,3,45,60271,0,7,6285181,27447,198,96449,4594269745958855117,933.94
175,404,86,69,25,27029,0,3,898322,120859,133,81535,6838371160222109313,238.42
176,404,106,20,51,14307,38,3,6439077,229723,133,88000,8135188820824976754,146.77
177,200,24,40,45,15605,0,24,1456557,23999,10,65055,5279321987032141370,692.91
178,500,19,100,77,3417,118,22,2536496,185001,129,82490,3248293418740775289,952.71
179,200,154,74,37,23318,0,20,4397964,241949,78,35719,840862011071596580,165.66
180,200,204,83,25,41938,0,23,2924972,2359,36,73666,3087934996016564389,945.35
181,200,1,75,43,8245,0,10,7769637,60363,229,68393,3884311634683135424,75.35
182,301,139,65,77,57153,0,4,5294242,213405,77,32635,7401875824220287250,876.63
183,404,30,27,69,5100,0,0,4790014,23624,75,37745,4360494721501103148,325.74
184,200,0,34,91,37696,0,25,2171414,24024,164,43219,7147436506347263626,191.58
185,304,45,31,67,1518,0,26,7003431,22605,46,59945,8057623351220117523,584.7
186,301,74,12,62,10382,0,4,7762997,246690,33,79819,2204626457903879163,284.16
187,200,33,91,21,50003,0,22,6429501,22997,51,27889,32185610744755279,137.59
188,200,190,12,55,13260,0,6,1049426,211138,180,3570,1889193050145076107,90.58
189,200,4,12,87,44482,0,5,2277542,82762,166,66924,2743843987212539627,627.37
190,404,53,19,92,26758,25,16,6162185,54643,90,15171,7621912835806120085,797.72
191,200,15,78,44,46509,0,1,6832922,47310,154,23977,6455857228201289116,350.1
192,200,7,15,23,38151,0,7,4689901,68395,98,19039,5707508060363840309,555.3
193,200,101,32,31,16670,0,25,2912065,215787,103,74025,4695200395756140620,352.88
194,502,140,2,72,4005,0,4,5026978,86213,41,46324,2181885872060152328,889.16
195,200,144,28,89,1929,0,9,6127329,4887,110,25111,4693720464965328008,788.41
196,404,44,20,41,57229,0,12,430117,40318,148,73488,775606606215143164,91.2
197,200,149,42,73,29463,83,3,745097,111710,232,19090,6274528914681126986,247.13
198,200,47,65,31,43699,0,13,2208371,179539,46,25742,893175247053145674,904.17
199,500,36,25,42,8576,0,15,3798977,240460,69,15263,5016454908806873562,299.39
200,200,149,64,47,33399,0,2,3365319,205068,149,75208,7605045090360381458,73.67
201,200,120,23,45,45006,0,25,2585465,10673,198,71887,247572655279004085,596.05
202,200,133,21,85,13131,71,11,6293275,60943,100,13007,7660781038596506490,795.38
203,200,94,21,16,19910,0,3,1795829,148102,157,71163,7728448935504802954,36.45
204,200,151,50,64,50035,0,26,4913158,241920,248,50587,1277910676814986058,521.95
205,404,102,89,34,37583,0,26,2535270,9962,187,18326,8191674313456322988,386.49
206,200,100,81,54,55281,0,5,4255101,1568,227,59046,2677129897848439054,156.59
207,304,59,83,84,56010,0,18,6758537,89831,196,90995,1611176983796423602,489.74
208,200,79,12,36,22902,0,18,7413834,198611,28,78430,832910618210142274,939.95
209,404,106,98,85,28387,0,5,4431683,177597,157,96418,2103723347384936028,761.49
210,304,141,36,25,28350,0,17,1208309,107558,214,12776,101925276662473706,637.14
211,200,106,60,84,30160,0,27,3295407,75377,206,83283,7024916738411715025,386.94
212,200,125,14,87,5750,0,15,254913,197454,153,17982,3999029435654292917,747.55
213,500,46,55,86,34482,0,21,7205088,60952,1,60989,7536688680808292179,137.12
214,502,65,90,23,42077,0,28,6563481,130361,22,75262,5001265492351966940,28.88
215,200,97,30,75,55024,0,8,5405200,82816,32,8337,6905011940034634968,267.3
216,502,141,93,55,25987,0,12,6553797,121240,172,98265,4742181058992618856,796.98
217,304,159,65,15,39653,0,6,2194463,129677,242,33803,1700294403796334921,755.63
218,502,171,49,56,60936,0,14,2210742,43535,77,39580,2770697041748291764,491.17
219,200,140,9,53,5307,0,15,7487489,38264,129,60400,554544579630973086,344.26
220,200,126,92,22,12441,0,14,3599900,162204,69,45820,5645257785377747428,662.8
221,200,46,33,46,31199,0,27,6943566,228177,241,51648,230310706711836731,372.21
222,404,77,43,69,30830,0,10,1368236,67381,127,69188,1191579655801171195,564.78
223,200,105,93,59,44551,0,3,1575273,59735,79,90612,2305881247827549868,187.37
224,200,36,42,26,4470,0,8,3132909,113439,40,92918,8403804380465231376,930.62
225,200,13,87,36,50636,0,3,3588022,214702,155,3344,2957182596694386322,294.37
226,502,21,90,30,54105,0,1,7490156,562,136,19739,6071494811358933426,319.12
227,200,160,69,58,4942,20,18,2204939,135334,8,56111,1651717637871951420,633.15
228,200,23,44,61,10169,81,8,998314,232934,53,40512,5011220063363642430,180.68
229,301,142,40,17,30301,0,7,3504611,151697,202,63101,1592240905219821576,62.31
230,200,7,41,70,25695,29,1,1924501,60581,121,40580,3992784597330719913,463.2
231,502,121,36,66,12141,0,6,6694415,120933,2,80546,1968668933701706961,750.91
232,404,86,16,42,58442,0,2,5466258,96430,209,98467,4978503819057437143,479.91
233,502,119,1,26,52206,0,0,5337212,157825,65,86702,1466921465152904851,129.32
234,200,89,9,83,28156,0,26,7910514,122923,168,80539,7744806858563526045,569.41
235,304,100,93,79,14219,61,3,3470430,239774,186,4844,5379798704595565570,521.48
236,200,3,81,74,41433,0,12,6940422,7915,8,1922,8002531505770828039,629.32
237,200,38,6,60,20847,0,13,5448945,33927,211,81539,7411760097380892323,380.61
238,301,147,94,59,7172,0,1,3734757,220908,73,70544,5931632209265723204,632.49
239,200,46,87,82,57219,0,3,6492130,139564,87,35495,5977740815613056561,787.21
240,500,136,47,51,10112,0,12,5703347,45544,113,71141,636790720866122662,795.7
241,200,117,97,82,53006,0,12,7867891,244976,127,44569,2710949086696477733,856.55
242,200,23,62,76,57128,0,2,573076,175263,222,19294,7367825894929419275,695.42
243,200,120,44,51,23992,0,9,6116488,10426,70,89309,6809575560787434812,970.91
244,500,122,19,15,52043,0,20,1805659,24491,24,47725,773714758771678804,765.46
245,301,138,58,43,14810,0,12,2031750,191774,98,44909,4970715535947089498,912.19
246,200,57,11,62,50265,0,16,1047028,154685,58,89042,1670603835598500900,793.26
247,200,99,47,64,49276,0,3,4915382,35143,145,94996,8403125356493307932,876.2
248,404,97,6,60,23359,0,12,911160,181104,123,34025,440097158872688007,614.39
249,200,94,74,61,14851,0,9,4612945,131621,166,96659,4775388094995559503,276.96
250,301,59,21,80,30435,0,10,5461029,98765,217,5959,8452130691714740216,85.99
251,200,25,95,63,42651,0,3,2434069,145105,253,53252,7288511861691275640,132.6
252,200,128,36,41,9847,0,4,5572004,227200,240,3129,2930114610763126987,844.44
253,404,43,15,39,1125,0,6,4419347,109411,218,84953,5777057777542975322,520.55
254,200,121,0,64,28546,0,0,2486984,223463,169,71387,2808293178255334507,338.93
255,200,79,97,30,43429,0,9,2525628,155965,54,94179,2923489333945726813,176.98
256,301,132,88,60,28299,0,4,3548647,141013,197,34593,7625100055290913062,826.67
257,301,152,9,30,58425,0,11,4136438,98887,79,3628,206950952000564754,940.01
258,200,209,26,47,24825,2,19,3128052,98123,99,65737,4674645194876376517,884.32
259,200,163,46,68,40169,0,2,3431336,167525,55,53161,6369622684484559958,413.58
260,200,1,44,29,40827,0,17,1264918,144401,172,21533,8279248707044408304,419.5
261,200,105,57,28,58782,0,12,4796899,139322,170,66182,5355932938987804188,561.52
262,304,185,4,32,29119,0,1,4159775,228006,21,25303,2849005412976741118,136.76
263,304,78,94,72,23720,0,16,7117575,34136,101,45963,2924153190069146819,995.43
264,200,61,20,82,35402,0,16,6552658,124025,200,21067,8544700301059800412,762.99
265,502,115,22,26,40547,0,25,5548353,113035,60,58134,2042314098357651306,55.15
266,200,12,67,73,63800,77,12,15640,49202,163,54672,6033768454169205245,408.08
267,200,43,45,45,61665,0,6,2835506,13386,160,85737,1016865625619293343,3.32
268,200,14,39,59,20742,0,16,4167838,118145,195,7805,2654628217011197868,108.9
269,200,42,63,84,26182,0,3,6884785,80388,211,15095,1355935727447389645,734.66
270,404,157,90,57,37348,0,2,478152,71144,99,98901,1919771103034261641,23.95
271,200,119,49,59,63485,0,17,2334876,243940,146,80425,1767836248330896389,113.84
272,200,113,48,41,30301,12,27,4470588,139321,243,46871,7865985608179352763,896.41
273,200,69,15,66,61577,0,28,7690497,217811,164,72512,2042654553173714965,815.69
274,200,45,88,84,36457,0,18,5647101,96659,159,98484,2579101570290525568,366.34
275,200,85,25,89,44488,0,20,3110057,27880,82,70317,8251977654019105083,916.04
276,502,95,40,55,49510,0,15,7458558,237245,105,1970,7513473696483866849,816.56
277,200,65,29,61,25511,0,24,4723292,215859,110,26268,8736855837463095207,97.5
278,304,43,28,45,22933,0,0,7555012,51842,183,28661,2616747109420131450,193.25
279,200,202,95,71,28733,0,26,5567241,49716,217,7566,5790790352680684305,243.02
280,200,0,100,25,22164,0,25,2153896,238809,2,25723,2349664381678144566,623.97
281,301,4,5,36,26281,0,19,4420495,114423,207,43035,7388711537655974557,829.71
282,200,46,70,24,15388,47,13,7639227,202706,29,77744,8877048098581950040,75.01
283,502,112,19,48,29618,18,26,3561558,215752,4,18941,8734060497585588538,741.02
284,200,125,12,52,34403,0,12,2796726,149775,136,22708,4792578239788774263,151.49
285,200,84,14,83,16163,0,11,2412985,164625,66,48030,7359614211510142523,255.24
286,502,54,26,25,10661,0,10,3295362,7196,165,56021,980710013678000883,754.94
287,200,46,44,47,7597,0,7,7961167,192221,210,44640,1680103204169337820,17.76
288,500,125,98,56,39185,0,7,3363068,43053,21,60643,1534820896061751174,123.84
289,200,9,40,28,45730,0,25,1606420,154350,211,26612,5808793302717621640,280.3
290,200,45,60,65,20152,0,19,7703070,218418,100,94594,4966242751461838431,196.2
291,500,150,62,89,2782,0,5,715023,61798,136,3304,475358743704651775,2.86
292,304,83,38,81,26864,0,10,4169486,172771,224,87659,5129329195442251510,726.53
293,200,18,39,68,17614,0,25,1434422,159663,26,66470,464165254116693167,384.66
294,301,37,63,58,12324,0,4,2747829,131783,208,70328,8451254625217162957,897.23
295,200,44,68,43,45829,0,0,2245516,40500,34,83488,5589195899533682596,131.23
296,200,186,97,38,31613,0,21,221135,196782,211,20397,4493199212252046090,605.94
297,200,15,30,86,50756,0,17,3651698,17733,234,49309,3991823992952655013,985.37
298,200,47,14,87,39407,0,24,1738950,145734,39,51142,389129288489118590,526.23
299,502,87,68,19,14362,0,13,3896899,8186,131,44645,6767413582450175143,420.8
300,301,98,98,48,60934,0,8,818837,135410,189,53896,4387605386445312689,936.68
301,200,83,42,49,26631,0,4,834579,27415,6,86032,3673838348131433791,494.32
302,200,85,36,68,42533,0,7,4327017,154100,245,81725,676114990354058861,858.46
303,502,134,58,55,20739,0,22,5890216,115562,146,37063,5270476886284464184,976.15
304,404,94,8,64,23998,0,12,1870625,34354,149,75977,8280336055203900331,777.65
305,304,141,17,66,13016,0,14,6047133,16287,42,4401,3488414772293107689,746.13
306,404,134,4,30,53804,0,28,5611812,26910,121,62668,5267725198600719292,632.13
307,200,73,88,28,20238,23,13,1022862,90366,156,76026,3061421053381869069,921.58
308,200,82,10,24,23435,0,21,2333620,103915,167,39356,8138976033937458906,60.54
309,200,9,32,63,41930,0,25,3889423,138274,139,61323,1277145897683692780,651.41
310,500,30,37,28,59991,0,6,4600049,137796,193,79658,2396347839129897377,35.58
311,200,93,69,44,55601,0,23,5969376,48623,33,17709,7888621536149400378,77.95
312,502,100,86,44,19259,120,21,1709179,207239,120,73614,7021706668953993243,335.32
313,304,155,75,39,27636,0,9,6087780,202020,15,56863,463990376256496994,675.79
314,502,60,58,82,62641,0,13,2547576,199298,223,49934,7767969892887086755,924.95
315,200,102,98,75,45613,0,18,3256445,11967,92,32756,2403080000461494025,143.61
316,200,84,65,68,3590,0,6,6621054,51450,25,72896,3493114441041060916,858.27
317,200,121,40,75,16144,0,9,3797168,198936,195,25936,2409972149094361157,378.84
318,304,192,51,66,35460,0,7,690390,28551,146,22189,979431360005422618,902.87
319,200,229,30,21,13245,33,6,3600924,139865,172,9007,6101041473826227429,315.8
320,404,37,33,83,61385,0,12,134190,153546,181,22781,6846136359799816042,280.29
321,200,69,0,83,19465,42,23,6133567,106055,71,31158,6820762288279303056,5.31
322,200,152,1,31,20393,0,13,7229910,32789,224,18080,3045304287315540465,71.34
323,200,166,1,70,47273,0,16,2234778,96867,21,40301,4957171772210470753,94.01
324,200,11,75,58,19900,0,2,3826395,154775,63,76900,8818932148811922314,272.57
325,301,169,11,59,7157,0,4,5592059,64782,61,537,3831790765320167155,62.44
326,200,39,83,79,14729,0,27,6797116,49220,178,63481,7179950298090222032,64.0
327,200,66,82,53,43089,0,1,1640819,70049,211,80159,5614530156643130572,0.81
328,301,159,19,40,13316,0,10,1580978,247387,49,53856,5868372089155539953,361.47
329,200,139,22,58,1624,0,20,4036146,171126,30,37821,7397388071234325804,13.0
330,200,107,78,37,6380,0,8,4254942,91328,71,48197,8436457475905602376,8.48
331,200,16,7,26,31564,0,5,6625364,180576,156,30136,3350201006577362491,610.6
332,301,43,0,35,56441,0,5,2254516,169039,8,65943,4988120173224409252,374.25
333,500,18,96,57,29651,0,13,2292024,187900,209,482,3860306973294209240,361.22
334,200,7,88,73,33810,0,17,7807531,63711,122,48021,3205971405966181927,291.45
335,500,49,1,68,25003,0,27,7774732,95749,97,57080,7755110671069332893,891.95
336,200,22,53,73,50907,0,26,6950189,33160,20,44283,2612917389121154722,859.35
337,200,110,62,47,22534,0,20,5711866,71114,53,28573,6190320461571536119,973.97
338,502,132,62,18,60859,0,14,2533149,202395,169,65552,5197771207856151510,528.53
339,200,195,22,24,40948,0,22,7955819,156206,192,91780,2125086976242184257,272.02
340,502,89,45,69,26935,48,11,1905169,152502,136,31434,6224186566225304866,606.35
341,200,92,50,47,56803,0,14,5250034,160310,12,49844,6996066746797139435,162.98
342,200,48,69,47,57923,0,13,6919937,237961,35,42766,5397406501362006306,211.05
343,200,92,42,18,17071,99,17,514733,91379,209,62185,3159527098160858015,621.32
344,200,28,12,46,21789,0,19,2213644,235159,30,7374,6960912618817474591,773.09
345,500,20,84,87,63953,46,27,6129547,193229,7,35485,8403099832045696091,288.36
346,301,93,33,48,3664,0,4,5010293,81727,233,65340,8310818666097929537,428.95
347,500,6,18,45,43400,0,15,7516942,104968,1,4930,6406792925851400346,818.73
348,200,112,30,74,11559,0,9,2349037,120641,181,10952,3961731475887528167,366.03
349,301,25,82,34,56127,0,2,4549859,249603,74,45435,397325147273936878,370.37
350,304,20,40,88,33170,0,10,3997034,57831,158,36943,1423093406721073624,198.28
351,500,17,40,55,29483,0,1,608544,140729,49,71772,1841930740028227856,597.16
352,200,108,69,56,8152,0,21,7535997,152717,54,14233,7302744646418485171,884.46
353,502,23,35,91,45805,47,13,5941044,235449,154,77291,8898148263954598419,803.11
354,200,126,100,67,27271,0,7,836225,149313,181,29024,334337763171222014,642.84
355,404,2,12,61,11454,0,25,2455846,136887,167,13368,921777283248355175,747.56
356,502,47,40,47,14949,0,9,2294283,67700,101,28775,5722911945525762676,751.5
357,200,191,95,89,9320,0,28,7140475,141637,136,80866,215166641230266985,256.31
358,200,51,80,86,25129,0,26,2163062,153129,249,6595,2059370953449795885,166.98
359,404,91,81,42,13228,0,1,6450676,71552,33,58416,8223256150772423984,582.37
360,502,91,32,41,52497,0,19,149990,91081,220,18730,572185786293600669,749.73
361,301,139,28,80,13589,0,25,1754846,24290,44,30893,5463090783897925141,349.48
362,502,55,39,78,29866,79,26,5221923,61800,72,13456,1749303013879419384,807.57
363,200,185,38,91,40675,0,19,1208207,61856,40,81354,2458173436922883889,176.76
364,304,109,13,52,33882,0,17,7069212,142401,94,8844,6394266115307184921,231.16
365,200,115,37,59,36792,0,23,2644352,122091,246,49816,2190295784991017016,26.71
366,301,57,83,62,63003,79,14,4567727,66835,167,55728,8361652686874809155,43.18
367,500,126,52,82,46830,0,7,6010916,46421,83,62197,5161910045074638007,182.69
368,200,101,83,17,20743,0,26,6188467,239232,20,70366,193183808948403278,938.64
369,200,97,98,43,14715,0,0,6268782,133181,243,29886,2457788611088958446,930.04
370,200,246,56,69,44196,0,27,2355514,44435,163,16421,8823188751442121361,827.39
371,200,2,34,85,54806,0,6,7186356,126101,61,51488,8411052611110171886,748.4
372,404,68,19,33,36810,0,1,5612014,173171,133,18252,5917731411425257744,838.87
373,301,73,59,70,34394,0,15,5027823,167964,161,228,4469228629021942277,983.85
374,502,93,19,83,665,0,26,5147337,176900,21,14849,6923850928866438079,997.68
375,200,76,92,76,11860,0,28,4500753,85726,92,8887,4072968009583656108,173.9
376,200,78,64,73,3549,0,9,6838797,248978,164,60327,3150491337100284115,801.9
377,301,105,62,39,7543,0,0,3537688,124689,172,83859,8952605871479740774,711.75
378,301,133,89,47,62222,0,17,469116,104813,31,41565,6404195770557898013,779.36
379,500,146,75,28,48190,0,4,6706045,241850,58,53385,2644413098126089196,962.97
380,200,61,53,77,29957,0,19,468428,123915,38,78841,8620339961906879988,825.65
381,200,169,6,29,53059,0,23,5888988,239719,215,5293,2357785217834671729,718.98
382,500,21,9,28,3533,0,0,6354516,178916,241,51046,3316258142366710355,763.05
383,200,176,49,75,26893,0,17,5042875,107227,121,68223,5336645383009088680,145.22
384,200,136,53,18,37975,0,9,1101178,156692,40,52215,8317842702172932030,628.37
385,200,41,89,80,5402,0,11,2191034,26527,106,44254,40866449755288307,36.34
386,500,74,83,40,29869,0,27,7573279,50189,131,75825,2515763765419689543,761.64
387,301,10,35,75,17645,0,24,1450709,150224,159,95088,2449806285913611977,184.57
388,200,73,1,15,51869,0,21,1928192,61972,192,56398,422991446164880127,486.16
389,200,37,35,40,32103,13,7,3490599,157534,150,50108,3459667205079744865,32.88
390,502,90,47,38,32610,19,10,914825,151792,189,44981,6427724363909553538,672.97
391,304,52,63,65,50128,0,23,5471600,240216,124,45421,3095590085637530461,594.58
392,301,8,22,80,56355,0,1,3578944,85442,85,77580,2491627207447123803,715.67
393,502,34,47,82,40534,31,25,328884,74591,24,63191,8312031157820296080,24.53
394,502,165,86,66,45834,0,3,1594017,9865,120,65678,7314250178906348504,85.44
395,200,76,30,28,54550,0,13,7411906,85123,41,58176,7138668437571122287,621.85
396,502,42,30,34,48545,0,28,648712,169511,107,86077,8596491372721707200,220.78
397,200,121,27,89,28821,0,24,2323166,124399,143,83960,7568195110497003219,316.29
398,200,95,84,19,17247,79,26,3247604,132425,255,59908,8260260572849523177,403.12
399,200,69,3,38,40554,0,6,5721534,124265,54,89717,6910632097050152458,492.34
400,500,114,84,55,41562,0,6,721357,103221,151,11868,7726225755978819961,785.82
401,200,56,21,50,63336,0,28,2996016,36144,233,47576,4235378720368372317,335.36
402,500,8,42,37,30030,0,25,652895,245296,169,4080,188960826469129899,166.04
403,404,52,33,31,30564,0,28,3953331,220294,94,64612,1810929604916892155,41.74
404,200,101,18,23,19968,0,7,613887,121933,205,2280,2803544245017434492,231.85
405,502,153,38,92,8929,48,21,2045509,143553,64,92029,7160422171042095885,390.35
406,200,118,50,64,62411,0,4,3665020,148322,12,19665,8964723298418928284,832.95
407,500,65,64,47,24011,0,7,2271546,198476,26,45809,1219428908010916681,711.34
408,200,66,90,31,22959,0,3,5359630,243759,143,49903,6002770355091774324,171.3
409,200,63,18,80,14662,0,12,4485320,103940,137,2651,3096374670276571650,985.15
410,404,29,17,73,45166,0,15,4403211,18427,151,11304,7992001526672282828,397.14
411,502,147,86,23,61218,0,6,4345540,152389,237,69372,8482944310279572669,667.23
412,502,80,10,73,594,0,9,5899559,244288,128,46167,6020173492532831077,320.9
413,200,91,63,75,23777,0,28,7351837,144117,33,85542,6840676374722978711,481.08
414,301,51,57,26,37526,0,19,1424698,18538,19,73023,8164257508665766059,927.93
415,200,61,59,91,24725,32,4,4605208,218806,233,64771,4387307844572433163,399.07
416,200,79,10,68,13857,16,22,5047259,129615,117,33764,319542078916556470,455.64
417,200,128,19,59,4798,0,0,5521835,171843,35,27187,139234015357610406,925.52
418,301,57,35,52,24073,0,11,7046771,19688,254,11059,6386794890800043703,467.94
419,200,65,75,91,47144,0,16,1364707,155738,42,44116,144456427163356733,797.99
420,200,35,35,89,46201,0,15,1276781,118681,144,67976,4782460957658177059,322.01
421,500,54,20,78,19309,0,3,1783043,7485,151,9747,1231953272889116207,818.31
422,200,149,20,43,18506,0,13,7318341,15085,198,35840,640953035084538676,506.37
423,500,31,33,73,38384,0,0,6817095,218783,18,94512,279217925696038186,501.97
424,502,61,99,75,34198,0,14,2999433,118213,79,36553,2129226176504682853,451.76
425,200,90,5,17,42470,0,2,7794696,29144,139,49573,2214403026558657959,558.38
426,500,86,75,69,18225,20,17,5675398,202439,237,13367,177494679267507240,812.68
427,200,211,59,75,48987,0,3,5258984,170195,160,90937,494794588929320397,510.43
428,200,63,66,76,58449,26,6,6636372,132356,231,70324,7523698265182229345,700.83
429,500,143,95,22,20206,0,19,5200853,200704,110,87044,5815891050939846211,144.04
430,200,10,0,86,55326,7,19,5199664,65729,144,28839,8123616236265724084,471.7
431,200,95,83,25,62162,0,14,3363567,111352,228,81846,6360359321143349541,527.43
432,404,62,42,42,42599,0,3,3161707,177098,235,25394,7815218221858577785,823.08
433,200,74,67,41,44412,0,19,5979460,17187,229,34677,6744707897077268039,128.09
434,502,104,25,83,46032,0,14,1342167,225608,235,79811,2371084417887145185,108.67
435,200,18,26,68,18706,0,6,1811034,116872,100,9256,1022086800932301800,933.54
436,404,121,90,81,58692,0,8,4889230,96225,54,86457,3661159997585276222,908.02
437,301,116,93,50,5625,0,18,2466250,154386,65,60284,3497715855434331357,804.01
438,500,101,52,42,14685,0,14,759917,52221,139,38339,1201834732832056211,989.8
439,500,76,40,84,9969,0,23,7372919,140137,226,40267,8151947832630491852,78.78
440,200,125,91,49,61108,0,10,4227696,119507,177,2155,8347484970775251786,609.36
441,404,190,59,17,17755,0,14,932945,42615,12,16921,8828370987818312127,566.39
442,301,233,17,43,36661,36,13,5453792,58796,192,39323,4637248888313373355,704.78
443,200,190,70,45,40724,0,14,7876664,206845,49,5650,6692062851244969057,349.83
444,500,126,95,51,23753,0,1,6387935,75663,173,36095,7609923106112514739,852.07
445,301,4,85,54,9069,78,15,4038562,32916,59,5430,4647673676957644221,191.43
446,200,53,28,68,32041,0,23,1634201,126559,238,65902,1861051693746344686,968.54
447,304,133,96,56,13035,0,4,6822150,169024,185,62110,5149279647591107547,916.23
448,200,121,23,15,46612,0,21,607915,47724,141,39632,3189056325822553453,440.57
449,502,98,0,70,18054,0,22,1652,212250,25,65757,5177613401907860160,766.51
450,500,63,54,24,1525,0,23,3086044,243705,57,36206,3735920179422202118,891.72
451,304,5,53,37,30717,0,22,1256729,219319,100,45659,696988071607196067,609.48
452,200,135,10,20,35716,0,12,1247301,116630,97,97269,7566000675623487093,148.61
453,500,72,60,28,9682,0,12,57274,227542,148,45838,4742436254184426957,844.04
454,502,57,35,27,41092,0,7,443292,7233,32,64042,5687716220356361850,195.93
455,502,66,36,78,7449,0,8,4918029,67611,36,95788,3210773607303612536,393.23
456,404,46,76,33,50049,0,26,7429511,50141,149,95663,719534170247726377,451.3
457,304,145,74,59,46821,0,5,30160,126783,40,68357,1162841425705449475,267.09
458,200,197,57,19,7971,0,20,5638632,31394,181,9286,8094965297532456359,110.4
459,500,139,8,19,17496,0,16,4442494,79460,120,62345,8588255603010551263,851.74
460,502,17,87,38,17824,6,13,20309,132419,233,42535,6397366572279947516,566.27
461,404,126,91,56,4504,0,14,106018,42040,204,121,3790912016083785015,702.12
462,301,118,12,62,31865,85,27,3684285,174910,114,54887,6506437471977064896,24.93
463,200,8,68,29,17121,0,0,190697,165812,249,94661,6424025825830026368,989.33
464,200,17,18,43,54299,0,4,489888,128859,146,94086,5700336186911478853,649.52
465,304,119,0,21,45950,0,14,7169386,5778,40,34323,188166029697275944,987.17
466,502,79,29,15,62186,0,8,2695350,128286,27,52299,3416580896486405776,627.21
467,200,165,26,68,7684,0,2,5737173,16045,229,83225,2909261097468178167,630.61
468,200,190,22,19,4318,0,16,2338733,145480,142,55262,1590748035273381512,257.52
469,200,36,3,92,26881,0,24,4572722,98411,171,39878,8232931199152721564,511.89
470,200,102,0,66,46410,0,14,1750937,199298,101,97761,8653411357752691005,278.14
471,200,62,70,91,11295,0,26,7570400,159502,236,80996,2347808804912028183,500.02
472,200,157,50,92,55579,0,10,3091905,211496,138,73780,1429048281359590861,236.94
473,502,49,68,17,35802,0,20,3254254,214337,107,30226,1629443674599657552,567.24
474,404,32,30,52,38711,42,14,3934903,97954,125,36011,6827301125022041061,870.63
475,200,115,93,29,58455,0,12,7487463,40943,135,8086,5058028384056623261,311.18
476,200,66,79,39,10677,98,27,2106379,210996,239,92136,6368576936043064508,69.88
477,200,3,78,36,27667,45,23,4507137,32315,252,65515,8984462549948925249,464.59
478,304,186,16,72,12650,25,13,710736,72794,160,36965,167155495177039197,124.55
479,200,1,79,22,19871,0,4,2252153,226681,36,66222,6575787679023929718,255.18
480,301,81,73,42,47045,0,7,1268101,89162,70,13185,6298492119422723096,519.99
481,200,132,35,63,17812,0,15,6435985,33898,61,47497,4157615165634320744,144.06
482,200,41,86,51,55771,0,16,2046874,11453,125,90459,2127238888733135127,53.2
483,301,85,85,63,36953,0,14,4392807,201506,32,94858,2572214432512859673,304.56
484,404,77,83,68,12932,0,17,3765226,26448,116,21092,453158319047864985,614.4
485,301,134,87,65,716,0,28,2316942,200444,131,29335,7095377586612133833,261.21
486,200,92,38,84,44646,0,16,4047918,230079,227,4671,3960214834571731349,517.54
487,304,78,54,82,8279,0,14,5014200,32315,18,74974,7758756378139046567,862.52
488,301,171,38,32,15766,0,19,2595882,145736,134,55200,1720189653732984135,444.68
489,200,75,48,27,3205,0,26,457392,195259,58,24340,1698740572994659785,326.3
490,200,73,28,81,21117,0,2,2906243,190915,113,39370,4546738180258869987,976.76
491,404,5,10,77,16849,111,11,4565767,163469,241,1515,5785689085914005189,188.38
492,200,82,64,32,30175,0,2,1579305,90417,51,23410,8485432626020242092,327.8
493,500,92,0,57,52580,0,18,4058051,196756,229,56068,4089384933439559284,291.89
494,301,92,53,43,13323,0,19,3495024,52536,170,28294,5770950334362045390,855.8
495,200,9,49,23,12893,53,11,404322,206736,42,42659,4762969729197232488,716.38
496,502,223,3,57,12396,0,28,2144004,8026,60,79948,1225073702202190142,622.31
497,200,193,16,89,25889,0,11,6990882,28302,75,92754,5462704821121981140,972.4
498,200,82,98,45,32993,0,10,5402666,145123,64,29053,7513743022495725321,614.72
499,404,91,69,48,27525,0,1,5312556,15183,52,73885,3010060408632642298,880.06
500,200,74,68,15,36165,0,1,3252384,189133,176,27255,6394812992609717358,20.74
501,200,79,92,52,45129,0,7,6253348,244195,183,94134,2406154908105314407,315.53
502,200,109,71,26,14950,0,12,997109,101040,91,82839,1324102595863712238,453.13
503,200,149,81,25,53479,0,17,3439745,158249,193,39027,6840907724625086812,887.91
504,301,33,75,61,17491,0,5,293830,52494,129,42238,2013633426035190558,700.83
505,200,200,12,72,30590,0,14,215273,159766,234,9833,6234031017544926925,563.48
506,200,43,43,25,1204,0,15,2453098,8934,166,7338,8403478638787969681,124.48
507,200,7,74,46,28948,0,0,6293401,161180,75,42429,4497187029557980530,407.26
508,502,59,11,82,46834,0,0,6355284,104154,95,9201,1494783881927448807,665.69
509,304,31,49,21,57044,0,18,3676633,13011,99,73412,257974181531197466,1.61
510,500,65,31,87,33776,0,9,2979400,168757,8,57050,7117601258165155898,487.84
511,304,46,39,58,23978,0,23,7732675,225035,234,46959,3534485437461104939,590.1
512,301,155,44,51,59788,0,21,6847330,44189,211,67953,2429844056037603235,861.9
513,301,81,88,79,40731,0,3,2809974,19729,171,18471,2481193818833893475,580.05
514,200,0,33,27,46545,0,8,4961393,80331,100,63170,226081867411963926,253.52
515,200,132,62,51,44670,0,14,1784155,51482,124,51681,5640401460699891359,7.81
516,200,73,63,85,10114,0,18,5807611,45221,209,66205,5911684433289056489,231.82
517,200,116,1,48,40990,0,3,268613,225639,155,90470,3931747715091576859,7.86
518,301,136,91,61,59655,0,6,5073478,118548,79,62225,4856734088155384659,143.67
519,200,204,50,79,2819,0,10,1199571,81542,128,90564,203697038598721323,18.15
520,404,143,81,85,33665,0,5,136452,67919,78,59928,1999298905564138477,259.66
521,200,88,80,90,37522,113,11,5927551,128251,22,37090,3296104211725746401,272.16
522,200,150,64,23,39129,0,12,2411657,97302,112,78532,1673165388634553013,181.99
523,500,126,60,50,22871,0,7,3915901,209752,88,18341,8533217296599407584,261.07
524,200,39,21,32,28035,0,12,7913606,79403,136,14605,2791217371130490302,467.44
525,304,9,11,52,21531,0,7,5198472,94006,171,92993,4373637340850253360,660.96
526,500,57,28,82,51142,0,3,4070997,10928,200,69363,3696459323248443360,286.66
527,500,138,12,83,50660,0,19,7747627,229540,212,79704,2041720768246396504,1.4
528,404,4,59,49,49835,0,25,56609,92224,45,66637,157220110066093632,43.04
529,404,74,27,39,19912,0,14,3014354,45338,138,61290,2531906535915714569,440.46
530,404,151,70,37,15265,0,10,1627816,92103,15,89821,468573070051387395,965.09
531,304,162,82,49,63607,0,22,403790,187983,204,76181,3509916380351367538,954.21
532,500,93,67,90,28257,0,9,2411817,49517,155,94202,5035577946340373251,21.83
533,200,79,91,60,36763,0,24,3426925,237472,253,52873,3506551362327939801,558.93
534,200,55,52,55,39674,0,4,7460740,160888,199,66903,6280326261479501801,641.75
535,500,118,38,64,26262,61,10,1603528,151384,63,49369,6541680332689707731,519.59
536,200,44,62,64,63829,47,24,6645077,197438,68,55214,3903302891891293037,16.34
537,404,136,40,24,10611,0,23,3342336,238949,13,53646,4664781933935163841,444.07
538,404,82,76,80,6115,0,7,3178507,215697,171,21418,1139572752793009710,147.45
539,200,227,8,47,46320,0,15,2833262,153013,59,47544,6742017380176516617,495.6
540,200,127,46,37,33986,0,23,6499742,79025,113,24039,5704511576286388079,983.79
541,200,107,34,54,2245,29,19,2410286,134723,15,21958,4240268978033116132,950.23
542,200,89,24,66,59294,0,20,5697264,15381,250,80795,2027374765615195857,802.75
543,301,146,5,16,10159,14,0,2731039,60692,65,26582,960317420822758238,314.33
544,200,26,92,16,34258,78,21,4571177,145550,194,25536,4544787182448146063,556.17
545,304,172,85,65,28914,0,17,6409687,51990,54,19855,1550339920685278939,505.27
546,500,135,36,90,63458,0,12,2756131,17783,59,15615,6125538426556593664,262.24
547,500,112,50,80,16612,0,3,3873073,101129,160,64032,225496273936938609,48.48
548,404,104,3,58,42056,0,15,7342600,138705,11,39437,6225115873388365649,63.96
549,301,63,77,72,62894,0,14,4933866,161898,15,95864,2946346343668412077,99.63
550,200,48,53,59,12922,0,3,6510642,193953,100,56506,3798983945218229,890.68
551,200,182,2,72,27079,0,15,2920195,42846,80,9942,5826933068049761167,88.79
552,301,20,66,21,52366,0,22,6293982,206069,215,87020,3254847665020065299,718.02
553,200,137,59,87,683,0,3,783089,116174,14,1386,7170461276288400170,198.84
554,500,101,10,19,50099,0,28,2993301,246845,174,36553,2846359595067609412,139.27
555,200,14,51,19,11221,0,28,3971004,130665,244,70965,3568903050108600083,673.96
556,200,38,56,33,26615,0,2,2182201,115862,195,47625,6054379444049766162,398.64
557,500,165,38,73,36874,0,0,41063,213935,255,15588,2343736587695836414,481.73
558,301,2,77,51,48608,0,19,6318144,48628,78,13064,6468475513139532311,74.23
559,500,51,67,57,49314,0,20,3356360,33581,172,18085,1918457042085970624,57.13
560,200,79,62,30,36916,0,17,7803301,200241,214,56997,3411184073292990324,69.32
561,200,111,65,38,27586,0,3,680586,97852,149,31692,8979065999359750230,328.11
562,404,143,88,53,53925,0,19,1982583,87817,120,34248,5709286255709598354,304.45
563,200,117,14,16,20617,0,1,4657225,69322,22,22665,6534109649856607965,59.91
564,301,7,61,91,31613,0,1,6021870,122071,251,78854,3619741433069886854,243.97
565,200,148,99,47,1247,0,24,6739674,72350,7,40616,7557939568426308400,633.14
566,502,63,34,56,23042,0,12,1992679,44294,207,19320,7198620138516110415,349.76
567,404,177,89,48,34343,0,18,3953266,58116,173,61657,5400488187738116018,553.99
568,502,54,16,90,35197,0,7,5133179,201889,198,40415,3051270678163189792,887.82
569,301,99,99,58,11948,0,3,1471333,43299,3,5512,7996542726819104651,989.1
570,502,7,30,88,46716,0,22,6432929,203687,36,28796,4257435557663910858,7.85
571,200,127,76,32,13008,0,24,1730656,137750,58,74566,8311347133360527883,770.28
572,200,193,21,43,41669,96,23,548362,38638,120,15168,4763944497650594525,518.06
573,200,141,28,15,12640,0,14,1121554,26917,1,96605,1341689376489809190,811.42
574,301,25,76,35,57796,0,4,3006214,204367,39,36724,8426137672643965196,235.99
575,502,10,46,37,25140,74,24,543144,30023,199,18985,3752006381444152843,823.8
576,502,28,90,85,34885,0,26,261907,60902,127,49501,3041241883208454951,244.81
577,404,24,47,83,35395,36,4,2555452,61312,146,92624,368250765964294405,378.3
578,200,92,1,46,53276,0,27,7405702,176549,111,55379,8231712605853616095,194.87
579,301,143,72,53,3971,0,17,3338214,90915,115,25549,6813600902441644534,333.07
580,200,104,81,69,60642,0,22,1523958,25938,103,4534,5827207200807613972,757.98
581,200,91,31,33,25963,0,4,2270807,66032,128,97649,2079031312414509847,221.76
582,301,54,19,48,9838,0,14,555826,15662,115,91029,2108384583001694499,680.32
583,200,25,100,66,46705,0,10,7136022,120294,215,70683,8274694208334043354,670.44
584,304,53,47,57,56502,0,8,2462354,8468,225,72827,288774819022197068,907.94
585,404,54,19,83,10385,0,0,6054733,3099,79,71481,3070533637649636327,962.81
586,301,82,92,50,41004,0,24,2653299,106660,42,97455,4679881928653170983,900.42
587,404,16,28,19,32907,0,28,5898492,249613,85,61167,4855790391920810839,636.74
588,200,43,47,51,37617,0,14,6076207,79648,231,35820,5843898709857699540,692.94
589,301,89,91,74,47291,0,27,746328,163984,45,34746,787267737276287630,127.99
590,500,38,20,83,58010,0,2,7628811,74397,204,38747,8346706231108866141,530.78
591,200,46,94,56,22200,0,16,1931436,203911,70,36956,3049851459434501733,850.5
592,200,110,33,25,45099,0,14,3588157,47111,44,41988,8288254003302833041,643.72
593,301,117,13,47,28652,0,21,1865973,183520,221,26547,2586397134329378524,611.57
594,502,99,79,59,13693,112,19,3790585,204475,239,46130,2480432975551900668,195.87
595,200,85,98,79,22017,3,4,2221770,30769,100,92723,6555809162430824813,132.42
596,301,154,33,56,36843,18,13,6265337,222374,128,5033,532223204268840968,844.03
597,200,130,61,28,17346,0,7,1295339,112806,189,31234,1299994436443447586,194.73
598,200,7,66,19,17469,0,28,5780545,200271,156,63297,6338338007621820854,926.37
599,404,154,18,29,21188,0,11,2723575,96541,71,37853,8715181566658634307,268.97
600,200,57,69,50,24054,0,17,2542675,176209,230,98602,2385544331921781975,895.15
601,404,62,4,62,47172,0,28,4263956,210634,233,70527,4444887108185528626,607.62
602,200,81,56,34,53670,0,25,3162257,215561,197,70253,6694499897115028342,479.31
603,500,113,85,48,30471,0,27,3158779,33545,169,46162,1780426651493566483,497.83
604,200,103,27,75,14196,0,5,697764,246002,158,77642,2263369049389900641,625.16
605,200,135,56,41,10020,0,17,3509624,143739,225,24100,5085547112689319511,520.61
606,200,22,18,17,601,0,16,458499,49948,179,58643,7513511391967659007,0.75
607,301,133,82,67,4919,0,1,3476282,166661,103,61921,3404416950936601545,127.8
608,301,200,46,71,48470,0,14,4832336,43675,243,88649,3844822193274239914,641.48
609,502,84,72,33,49371,0,5,207138,41994,49,7712,3805200675575258150,667.36
610,502,17,24,42,51281,0,19,3319485,77265,140,15947,5941919143452088264,518.09
611,200,83,80,70,36413,0,12,892708,102649,24,43680,552341431303319146,771.75
612,200,103,23,65,40072,0,10,1687458,106060,192,15393,7800472111553761335,934.73
613,502,143,91,92,9441,44,6,1495337,37866,167,24182,7752276849587263332,965.01
614,502,23,30,89,49140,0,3,7278342,220975,132,22065,7238036671640067349,158.31
615,502,33,57,47,43069,0,15,5570112,42391,161,3145,7639304259862393849,452.83
616,304,104,5,34,23916,0,17,220679,182071,15,63154,5281521777822141225,486.75
617,500,13,88,32,51225,0,14,5103331,65367,146,2694,6132011533316357454,138.7
618,404,127,5,17,8022,0,26,3215047,165050,92,87455,8712676707091342408,838.8
619,200,129,22,56,24382,0,14,3850746,185338,57,21231,5036413863300056284,147.72
620,502,117,84,63,30005,0,17,7829088,111335,255,37567,4471272463924456980,979.43
621,200,61,46,17,12778,0,11,4443665,34305,121,79507,1350543787614877235,661.74
622,304,108,50,52,34614,0,9,5706952,124179,142,66451,1451991905047972064,538.64
623,200,82,20,66,12172,0,22,4720627,145900,36,97453,5535380974527103148,781.56
624,200,40,18,67,28963,0,14,4819223,140305,181,44774,2324562491667857440,253.78
625,200,16,4,19,721,0,18,2408727,195027,221,25709,3731033507929540492,83.19
626,200,117,32,78,10687,0,22,2587593,151091,149,21447,1294901047700790820,492.79
627,500,99,10,57,30961,0,24,3255888,196350,233,27851,3791684784550990408,581.79
628,404,70,64,26,60198,0,7,3684752,6566,66,49104,1042845391768915415,475.98
629,404,55,74,48,21538,42,24,5138240,2673,252,81578,2691182109837506534,774.25
630,304,101,66,23,26144,0,15,4668209,97632,107,2694,835267183700261964,149.01
631,200,7,24,37,31881,0,8,392293,132698,192,58802,593355025580245106,410.99
632,500,119,6,74,387,0,5,4392185,44458,157,41273,7154595100056923967,563.36
633,500,107,10,83,45017,0,28,3621529,163642,72,31793,7022337302719518691,190.31
634,200,77,56,73,15819,0,10,2973108,173818,231,8522,3390771791617828699,501.23
635,200,65,19,59,51713,0,8,3652250,49356,48,95012,260448219851954737,462.79
636,200,99,59,59,39696,0,19,6359525,1390,86,24797,1319907585431917084,960.5
637,304,185,70,82,61551,93,6,2163749,81647,207,45734,6200625313277705379,874.03
638,301,23,30,44,37366,0,18,1086293,89919,239,64482,2309129225109204074,834.86
639,404,14,64,24,60160,0,1,7116956,174726,235,32502,5506511609433825483,669.33
640,200,87,56,36,22490,0,25,4998120,174080,95,39754,1004642080502039008,379.13
641,200,129,65,24,44564,0,26,2205596,195776,39,76893,4311343691506007554,985.66
642,200,117,69,25,56698,0,4,6999704,122975,124,62271,603883809224808399,248.38
643,500,56,26,50,48766,0,7,2192739,3067,111,26618,7536832271197530624,522.98
644,200,137,66,24,56241,0,24,5954727,53876,155,2569,5207372984492738483,699.96
645,200,67,1,61,14207,0,26,3807969,224543,194,28816,3666889580810629763,487.3
646,500,131,61,83,16153,0,1,1379115,193750,170,59561,1625572918179201468,296.25
647,304,160,97,55,54373,0,3,639373,68103,225,54382,4213887667582921500,233.58
648,404,82,72,54,10020,0,18,7914731,176446,80,24357,6404951766094854809,630.7
649,200,18,82,74,53376,0,12,2804921,40549,97,45023,2522820415508604385,807.47
650,404,85,99,59,21292,0,19,1465768,45233,114,83318,6428200931664807896,838.23
651,200,63,31,49,59193,0,25,5584253,239678,140,87880,2587557599141768495,485.99
652,200,49,81,31,45426,0,2,5126645,27213,66,58816,6657286003470596743,371.76
653,404,132,52,41,12467,56,24,6825065,42609,67,87023,2144033564984564826,385.6
654,200,23,26,75,41888,0,27,2274465,223753,132,96282,334957933420055821,526.26
655,200,98,71,41,22769,0,1,4915921,225762,87,66676,8773404214411385071,592.35
656,200,0,19,26,8702,0,10,5392585,127172,227,88493,8382817664386085558,643.26
657,304,89,59,30,43586,17,1,4816116,74462,115,31482,2597076298364236229,253.95
658,200,32,40,30,34269,0,14,5267321,112120,136,57224,5574369165936352656,107.36
659,502,72,44,89,46706,0,18,4528334,62799,211,770,3467639008016888048,817.05
660,500,39,37,68,41883,26,14,4934605,38181,96,60762,4687014987590099024,62.26
661,304,74,52,61,1751,0,28,3046944,176829,81,27705,397984169949282806,387.44
662,200,42,87,55,20381,0,9,4567568,9178,175,83156,1672589595770490517,207.41
663,500,9,53,18,1265,0,15,1101726,171594,208,8150,98264467669546971,762.05
664,200,35,65,24,38099,0,25,4408071,197288,69,81173,7244886198882017302,694.17
665,200,93,99,43,37374,0,13,1981994,101308,186,65568,3552806313580566047,866.7
666,200,17,26,82,17928,0,16,7531680,226714,20,52076,4507773759815864271,238.39
667,200,48,38,82,53667,0,25,1674961,11407,29,92125,2326501872406392493,712.92
668,200,4,69,18,49277,0,7,643978,32843,8,70610,6010712816221074079,954.89
669,500,79,2,70,3689,0,12,5906531,57153,142,8637,2641098619147516036,246.45
670,200,95,50,86,52050,0,27,158920,200758,216,60835,2611356995149271991,109.54
671,404,139,92,66,35724,0,22,5383800,215274,211,53708,2488484878624704492,76.88
672,200,16,36,24,8768,0,19,7908558,128278,248,84799,4308606251431859390,228.4
673,500,70,19,20,58171,0,2,31386,27894,172,30807,7069242556648930202,927.08
674,404,80,11,75,29040,0,8,3897099,20878,102,43689,2548601980535644090,885.94
675,404,179,15,73,24677,0,7,5839697,54855,26,54600,2851247242658879186,273.45
676,200,65,79,18,38201,0,26,6613992,162188,242,67319,4051186360843360156,319.49
677,200,17,61,92,15852,0,17,1443933,208659,23,6382,1856041316920964964,451.35
678,500,140,90,40,32537,0,17,489570,220854,176,56248,7457437575481484693,953.72
679,200,77,56,76,25995,0,28,1267863,235288,118,86838,3951455304411540307,458.17
680,200,153,79,90,1047,0,11,5482896,193068,92,21429,7034580446569039810,533.94
681,301,67,48,22,10648,0,3,4679892,126621,202,10489,219229039851957399,995.9
682,404,73,69,43,4359,0,24,2239212,79927,32,17122,3551060491439996665,233.16
683,200,198,46,66,28343,0,1,4224050,7098,24,79944,602796213603941300,451.47
684,502,77,56,22,4523,0,20,7200187,37113,190,23374,5350560236085304782,768.7
685,200,97,55,69,63932,26,24,3549831,176134,220,22152,1328636158164847301,171.68
686,200,59,59,39,35697,0,26,5297075,57019,35,30732,4177296648274906710,394.59
687,500,0,32,46,60689,0,3,4613631,15765,113,79086,196307475932216654,319.1
688,200,17,96,78,36797,19,16,4537341,176400,22,47307,8074537646971480131,713.68
689,502,99,79,86,46848,0,14,2534788,148121,36,8893,3072776669805307668,625.21
690,301,205,59,54,60018,0,13,1333899,206289,99,44079,5135403285104445618,515.74
691,500,70,23,82,61685,0,11,5060262,107497,75,66443,6913322151152437413,487.56
692,500,87,47,74,19366,0,16,7390820,105222,223,85661,1735223226381960311,509.5
693,200,1,73,71,12704,0,10,4442829,138017,85,64163,2778800051315735697,11.07
694,200,173,95,16,37148,0,6,2262563,99326,6,54663,7917594353863188209,907.75
695,200,77,45,70,10462,0,28,6570828,197969,52,3813,8925510288926654208,591.25
696,200,131,82,62,50256,54,10,6984450,237794,66,62446,7480449910902613400,656.49
697,404,90,99,42,39819,0,12,7999416,19848,82,73461,3698823499349620489,761.15
698,301,22,97,73,47142,49,21,2435002,242359,19,29169,640346324728592111,921.09
699,200,181,77,81,17378,27,17,6547948,195789,48,83005,1995789354843604808,335.0
700,200,31,35,42,45281,0,0,2108316,122198,178,63383,6637697910801551424,337.17
701,500,121,97,51,30274,0,23,6335170,235557,52,38021,1983165065622383917,813.67
702,200,132,86,35,38324,0,24,3086653,57165,6,4213,3924132964744876392,889.49
703,502,10,10,18,11142,0,14,2646201,239389,163,51973,573142125816431474,659.14
704,502,208,56,75,60866,0,16,74695,143040,12,46254,5163851687975645392,23.63
705,502,12,31,85,48894,0,4,5251442,96936,85,25213,7414172363188098567,307.62
706,200,180,71,26,59584,0,2,1135728,179964,98,6395,4461437698925997866,627.46
707,200,190,90,61,45374,0,0,6745694,192341,139,11871,7448175471714960379,353.63
708,404,90,32,37,59119,0,16,774198,72990,176,81080,3708123549905750173,206.13
709,404,108,67,28,698,68,13,5916187,212500,4,69742,222014437983875281,844.13
710,200,71,29,28,42158,0,15,5697861,106996,80,4336,5126805444782362935,470.49
711,301,164,8,81,49095,0,5,5963874,185698,255,12120,7897690143188185241,458.08
712,301,43,68,77,52570,0,26,5986929,97464,72,59632,2451295998581922502,893.29
713,200,80,5,36,4582,0,0,1424258,169952,114,48149,2385770117052349409,388.75
714,301,0,43,45,60997,0,27,1714321,83923,80,65344,8965628803353505896,711.49
715,304,0,5,53,42061,0,28,992,168095,113,76177,5443761307278761047,598.71
716,500,78,6,46,16868,0,13,4430637,120943,115,25330,3551677915773016192,295.58
717,200,54,73,46,41325,0,27,5366013,207793,169,37173,7256301879078004314,388.75
718,304,91,71,60,10728,0,1,7648383,175671,89,96394,6206065485454806249,317.18
719,500,92,32,19,53497,0,1,919895,155895,223,34895,3047251245772046051,138.38
720,500,104,67,31,3688,0,14,824375,45463,28,97004,7855307633179265199,209.29
721,200,143,85,22,27567,0,1,1880655,244874,185,18288,178544974820393393,745.27
722,301,61,76,84,49255,0,4,2966158,71472,45,21669,1361370027076389046,669.38
723,200,30,45,18,26701,0,11,4147272,245382,62,58965,529232811362742571,421.55
724,200,146,62,34,6156,0,16,1209884,249996,59,13014,7558165584378968673,558.9
725,200,66,28,27,11545,0,6,2426978,214158,21,89206,3873464310921351327,102.02
726,200,39,63,69,57332,0,7,6752914,37028,167,95959,4249229743046976161,307.58
727,500,178,83,32,30771,0,18,4718726,242355,242,20208,6233867857604059244,964.82
728,500,160,89,44,12570,93,12,7492346,5785,210,73937,2869080956072547073,368.56
729,301,28,100,64,7742,0,25,5541018,36459,112,68309,1292652861974904033,675.6
730,200,62,82,90,45415,0,7,3177729,10509,113,28251,3276840295999005322,348.2
731,200,60,84,79,16637,0,23,3405755,204712,28,16919,4541261121235611310,111.25
732,500,80,18,90,12633,0,0,2808455,88662,92,26484,8285035777932369687,212.42
733,200,58,49,18,46891,96,12,1058668,126962,112,77638,3675176231171785207,980.84
734,200,161,75,89,469,0,21,7424440,177762,72,78337,6027864025844644719,504.35
735,200,194,8,36,10534,1,13,5812868,215722,134,41685,7111754487495091597,345.15
736,502,44,47,32,6600,0,5,4917274,159567,209,71302,7554664308780531985,670.84
737,502,169,100,46,16087,118,12,1765577,89729,59,94044,6221673794024762350,385.62
738,301,0,80,40,26491,0,16,201189,95252,224,56567,1370484294985782996,571.43
739,304,184,34,53,31769,0,1,2520374,74921,129,91237,1336982792977006228,252.21
740,502,35,5,45,40973,0,18,3702095,156454,7,15885,3432279371134690668,554.8
741,304,79,25,42,42701,0,1,565671,204153,141,8080,2779053335385400394,59.93
742,200,105,14,44,9526,0,9,355707,34804,84,62525,3611528464693307930,947.01
743,200,32,6,80,44575,0,2,6750342,93213,159,61097,1429834505845575766,558.65
744,502,35,49,86,45909,0,12,6287068,68054,64,35873,8068330471454317532,765.19
745,200,58,81,62,5573,0,26,7010783,93403,249,83803,1719333707968891719,508.82
746,502,142,15,27,32768,0,2,425560,34622,239,7108,5402790685119261852,890.36
747,200,226,4,40,49134,0,13,5492468,128729,162,8921,8309711971227260402,338.35
748,200,117,86,85,31328,0,10,3718920,241304,244,1657,2879698330693917655,758.44
749,200,4,65,56,3710,0,16,925215,74882,60,85617,1899179832504212720,846.54
750,200,223,26,44,26340,20,12,1669032,143378,139,78680,2992817258664926048,493.82
751,304,186,39,77,43860,0,18,2407373,147636,125,64951,817487848003248175,896.89
752,200,24,50,55,32526,49,17,638575,207191,169,63194,5616140690482985258,424.56
753,200,101,25,83,11514,0,19,1844087,202699,181,64298,8535930038614983492,870.29
754,304,96,70,49,27319,50,27,3254756,85549,114,83582,5428797089527525729,695.55
755,200,130,52,67,52436,0,3,1913230,221731,122,39437,8010191035442659712,762.2
756,500,26,48,91,46897,0,27,6741763,226371,251,24040,1695916338599851855,297.96
757,301,3,35,24,47904,0,21,1860766,44961,42,26737,8153845128580785309,703.86
758,502,148,4,67,41642,69,19,1744260,22172,25,68057,8002630917781012657,430.78
759,200,62,3,57,33121,0,25,6171947,78929,229,64273,6294716210444846565,813.97
760,304,61,47,22,36726,17,15,7563642,200921,60,73843,4793034831135896368,988.48
761,304,129,33,71,42869,0,18,7438207,96561,120,507,2734562152226498610,750.0
762,500,67,18,63,1221,0,21,780957,14391,38,59102,6439831320935567505,956.96
763,502,19,99,38,5677,0,17,4107829,245989,6,87392,8916376421808364777,145.25
764,404,52,62,67,58655,0,21,1037762,133032,119,77193,1451163553958767634,666.32
765,502,65,89,27,57249,0,8,972726,233698,218,63160,2960617907076634606,752.45
766,301,129,19,28,60389,36,9,6561974,27385,137,49219,619405250053545347,197.97
767,200,151,97,22,50898,0,1,5182784,143008,90,5283,8565519918242417877,136.57
768,304,150,30,80,60927,0,28,7759728,114369,212,15748,4080823255657253835,953.51
769,502,73,38,81,22738,0,25,4822821,80400,37,33889,7908479791130796162,771.32
770,200,71,97,64,21254,0,13,1471877,94266,100,49762,2389188899853819781,403.88
771,500,31,86,84,14754,0,13,2545086,5217,217,52753,8691366155194570678,198.93
772,404,49,37,34,63606,52,12,4248993,237102,128,69796,8558830652881270060,659.1
773,502,173,39,90,22510,0,20,2015047,99326,41,55056,6936210053416393564,259.12
774,200,11,31,51,19009,0,26,5837452,236173,79,71239,1935268234578941080,205.54
775,200,67,84,38,47758,0,12,304246,37294,31,67946,6298007411756925008,965.94
776,200,86,71,26,24057,48,3,7880985,224792,91,66016,2629038987309556138,166.94
777,301,102,49,70,62234,0,6,3192164,120862,70,73365,197540011937386669,707.42
778,200,169,22,91,29935,0,7,2579342,193253,188,44101,2904997154262856981,877.52
779,200,78,12,33,30499,85,18,7768918,19988,64,69101,8108757663488690307,213.92
780,200,200,35,71,9820,0,6,1743359,73122,64,95142,8633242540606173357,774.51
781,304,61,70,82,47588,0,5,3490757,59824,119,30887,5408109591587049313,826.53
782,301,130,53,49,52480,90,27,1850476,156384,128,76353,8291208728565014472,748.75
783,500,2,3,43,14142,0,28,5682113,11681,86,62768,2882507564604477626,552.49
784,200,100,63,43,38617,0,8,736561,83564,155,76013,4330853235453674857,573.79
785,200,163,35,58,37214,114,9,5325985,228258,14,43782,5468930955551864510,73.0
786,502,85,6,24,16884,0,11,7952484,106712,214,99365,1208954166024700555,21.23
787,500,0,53,41,1139,98,26,602448,36957,156,55491,5075822886197582475,645.07
788,301,102,72,74,35519,0,22,6342390,98922,178,76499,8295603975546164280,804.66
789,404,62,12,23,8072,0,13,6783961,205283,151,14616,2758052531543981955,786.05
790,301,137,30,22,47283,53,23,7797459,184015,59,56108,4946138383183434703,811.81
791,502,67,55,24,47051,65,4,5935391,85851,14,56282,823009421300962273,508.2
792,500,189,16,75,4426,0,6,3274240,177013,13,78069,8506920078335045247,497.03
793,404,77,89,20,51774,0,10,7338014,169783,60,99807,8728678477961558975,492.9
794,200,43,97,61,30464,0,27,6569223,31497,239,30485,7735882714380305794,47.54
795,304,22,65,16,54631,0,13,2805043,47962,161,93492,1957662355569317513,459.97
796,200,42,60,42,49444,0,7,2184881,142657,203,65439,8651481084379609341,107.12
797,502,44,73,68,55724,0,0,6172651,88806,63,65076,4130149972127217498,322.33
798,404,63,6,28,62169,0,5,5197387,42915,75,67610,4895972956622728042,272.78
799,500,63,24,77,8338,0,19,746916,191859,25,45565,7741620506198279419,183.01
800,500,7,46,28,31876,64,26,4230904,238921,104,71049,4081485243461454599,286.67
801,200,52,55,16,39225,0,21,7997242,248108,237,74984,2712273728443512166,105.45
802,200,19,6,87,32999,0,7,3351756,73318,155,55452,1238600145219767565,69.02
803,301,97,40,37,19211,0,23,4161047,225468,74,72296,1092165236277473972,45.81
804,502,66,8,52,20683,0,19,27476,190118,7,74866,582709748004252813,689.71
805,301,34,26,31,19859,0,17,5715095,23295,112,5120,2495482834670983808,368.99
806,200,12,1,62,63993,0,15,7185769,138815,143,52633,7004332682297188566,378.52
807,304,89,55,21,36865,0,9,3028447,180299,139,58348,5359309616241170391,848.81
808,200,109,80,29,39848,0,6,3219264,82248,140,2786,7733630629516001640,502.97
809,304,104,68,54,32106,0,8,1085915,304,234,95586,8143067776700613123,291.88
810,502,57,77,83,11710,0,10,1734792,5208,65,15934,1086943478812386865,342.75
811,200,117,85,67,19803,107,4,4328854,7437,211,33064,884293974050838166,984.66
812,200,127,47,81,50754,0,25,1310780,235052,32,62544,8575999714087733708,287.54
813,200,46,29,25,33976,0,5,7112916,49354,62,72885,5990443468350329155,41.05
814,500,72,55,78,22884,0,25,5778963,148650,116,10636,3256215072905159023,513.87
815,304,97,46,21,57496,0,4,6385021,99248,111,37930,2982559743165064058,380.86
816,200,133,73,71,17250,0,16,3899018,14308,189,86898,7436374141387977551,333.54
817,200,88,5,84,22184,0,22,7315490,150178,112,98900,85079121507773120,230.61
818,502,96,4,75,9461,0,20,6021283,49492,153,55692,159605055836227938,141.57
819,500,102,9,34,44937,0,26,1276570,194376,210,58010,7231091491304541530,55.7
820,404,66,91,81,2679,0,22,7129880,209013,191,14581,225404601225785623,991.32
821,200,22,50,58,44726,0,8,2135673,98883,144,35051,7068039492644828070,77.58
822,200,118,28,57,50312,27,3,3807248,232266,144,54083,4389419792499860052,659.9
823,301,117,99,20,8365,0,7,6278495,70802,88,20606,5979331711734386325,142.5
824,200,69,90,41,21419,0,13,7694306,61269,150,32556,7760380981481972259,759.47
825,200,7,16,67,63057,0,11,7410735,151150,142,75372,7653853323380186092,304.9
826,200,56,18,44,57780,0,5,2642952,167645,203,45058,2284862787849623529,475.99
827,500,151,43,69,49038,0,19,2279173,233845,46,45708,4100494004301025584,137.1
828,200,58,100,50,23893,0,8,3749828,30708,194,10507,6620857799797908470,727.59
829,500,18,75,61,578,0,17,6213617,87577,42,45206,5618928932142883362,743.29
830,200,55,65,89,15557,0,12,738489,42639,36,77862,8647425221611794824,398.81
831,500,63,69,59,46416,0,24,1382816,141009,30,7404,664225260394929488,752.29
832,301,43,78,49,55981,0,4,5435912,58749,106,43120,2846956080895204511,925.83
833,304,79,68,65,34918,0,20,5782163,98572,26,83343,797120549756425197,27.73
834,404,67,33,41,59496,60,27,7804109,69528,77,63436,2439618114813578095,313.27
835,200,275,87,18,14964,0,4,4411042,53267,15,52957,487412072307406357,806.29
836,502,59,3,56,27100,0,17,2503817,143911,35,14698,6798775879283985146,466.1
837,200,99,49,63,4652,0,20,6984129,115044,165,14889,2503843760035513806,268.76
838,304,44,34,34,63380,0,25,7316556,223712,93,77452,620259363378854416,652.89
839,200,24,63,82,1236,0,16,1899254,170965,98,19999,3282519288130801355,330.43
840,404,11,74,72,11240,0,3,2272,32961,252,73288,2868709296310072138,614.46
841,304,169,20,45,22159,0,10,1621833,54174,204,15264,8591923874966658754,528.83
842,304,65,88,74,51513,113,28,3027126,192882,97,49640,2099014903308839454,426.97
843,200,0,52,80,5370,9,6,6278164,93619,171,57835,1839470781799492194,940.46
844,502,57,79,63,18064,0,25,2882329,6229,15,62468,5466326690576980009,184.23
845,502,103,58,82,43991,15,14,6064973,123624,115,29361,4841666379223495262,404.0
846,200,103,1,32,43736,0,21,2639219,206496,137,59903,6026127758375941544,263.66
847,200,45,18,66,61660,0,6,3558886,119856,246,71081,268105341163602659,360.78
848,200,53,95,76,15072,0,2,2941161,135098,65,69877,6764848376559727413,916.09
849,200,12,53,82,49257,0,6,668432,132944,242,56099,5145655416122925237,889.66
850,404,72,89,55,26536,0,10,5349932,53114,92,50997,4032820508594329336,437.13
851,200,146,23,86,7118,0,25,6438284,96011,6,1364,3974811405434331750,448.33
852,200,49,28,54,26046,0,19,7213185,174466,147,58486,8081154243588130791,153.06
853,301,175,37,40,20419,0,6,2929623,78363,133,23509,5210346621791419122,148.94
854,200,115,47,22,46769,108,12,207438,203726,195,42222,7183415362339871758,709.37
855,404,126,93,66,35786,0,28,7836248,206254,150,19541,4357501271671033758,5.48
856,200,64,23,85,50430,0,1,296933,152023,71,10180,1716540316324965776,705.49
857,200,9,92,47,33484,0,3,5302239,212572,194,96612,6045879092781803109,18.96
858,304,23,9,20,7272,0,5,3604725,187918,162,83494,8751841974110631943,970.48
859,200,72,30,87,3711,0,18,863341,79864,210,21093,1638366140651663539,388.21
860,200,108,2,26,52018,0,26,7371133,53456,113,64516,5568587380076044320,518.65
861,502,8,22,36,39041,0,22,6250074,158866,212,65339,2680492930959383277,741.03
862,200,17,48,37,46493,0,0,2453348,196384,233,55670,7445825663283120130,449.41
863,404,127,78,65,46229,0,12,4441511,167273,138,90909,5580627368853303235,6.42
864,200,196,53,71,57027,0,10,7532737,39417,59,63258,2811680889485528082,415.89
865,200,135,62,57,34806,0,4,7954198,51162,21,34836,378981756496844105,135.73
866,200,60,26,64,27281,0,20,7402264,182461,81,74007,425744677884311061,166.35
867,200,32,11,28,53064,0,11,4639138,220419,203,81055,3630149214762015479,513.46
868,301,164,90,87,49779,0,20,3039061,182651,213,64670,249232120375715452,57.99
869,200,271,76,84,22956,0,14,2116461,94936,195,22875,3548305823367797807,123.71
870,200,94,0,32,26840,0,8,7881650,60251,99,58768,426766541310966919,802.15
871,404,85,22,62,27615,0,4,4471085,181820,3,73318,851317885537151022,592.8
872,500,110,35,26,25129,0,3,2368591,113578,17,34185,7998402465311485336,785.56
873,200,50,25,15,41006,0,2,7287697,168856,87,35936,5015263202046044446,768.81
874,200,76,54,55,59158,0,7,7816789,66222,25,15031,7483377472761117642,548.22
875,304,128,68,84,59718,0,9,6892892,182230,200,14340,7001542296295387148,377.9
876,500,83,86,76,5892,0,9,4159305,181590,122,41177,3825199080607903019,681.98
877,301,90,61,42,60457,0,11,1961403,153158,23,90848,4175697141309659535,838.81
878,500,14,64,59,7110,114,22,1819519,219741,145,81487,57694233090533899,380.03
879,200,94,57,27,8418,0,16,4463146,29204,138,717,8166380204055923890,474.42
880,200,44,7,79,9653,0,27,7266119,233739,100,66355,4146209312502252292,738.93
881,200,82,79,92,29307,0,8,1655134,195598,124,11259,3863240902354133432,132.47
882,502,113,4,43,43911,0,15,5236891,150625,224,81173,7095359346657627836,133.07
883,200,63,34,81,16849,0,24,3102512,85023,201,83792,4799558879078468374,460.36
884,200,3,10,91,54161,0,5,227125,13881,197,49004,2997432379574065723,105.39
885,304,20,34,36,43730,0,18,6938325,119577,206,34875,5605854388619831019,793.1
886,200,139,61,51,63950,36,17,4311162,130778,175,69310,7982716415588371293,776.79
887,304,79,44,92,16621,0,9,6186540,156058,7,29574,1227151809244607430,458.37
888,500,9,25,84,47305,10,26,3161067,96197,128,69443,7673348500716198913,42.99
889,301,18,84,46,52119,0,25,768828,207233,146,71985,8612247360325041494,196.44
890,502,50,92,45,28385,0,26,4268689,249867,245,24148,4031362916834950536,734.08
891,301,88,99,23,42840,44,17,672124,238511,205,39991,7351250955647333050,928.41
892,404,59,67,91,25662,0,24,6838417,187841,63,70256,6433935907728147779,472.05
893,200,83,51,89,23055,0,27,2044640,129000,231,37900,8198059452040098194,752.03
894,500,79,51,78,9027,0,4,2697289,91872,150,71588,7250479167044582569,709.5
895,200,143,75,33,47608,0,0,1893580,90263,33,26220,8313679355253168421,967.15
896,200,69,14,73,56758,0,2,3964513,228963,73,28787,6541256664298912060,314.77
897,200,82,59,17,7674,101,21,6723404,21774,249,29903,8043755543822979108,174.79
898,500,125,78,28,11870,0,28,5016598,47040,57,25376,4864273870646833889,248.59
899,200,140,26,77,46614,0,18,6174413,228364,193,67454,7021067610137970434,119.54
900,500,190,58,39,27225,0,13,7129596,51473,67,27692,2693545509070569808,11.75
901,301,12,4,88,59635,0,18,2300643,204925,214,13324,6905350942209968685,977.4
902,500,117,19,34,49592,0,1,1717618,249411,15,47500,1826924145843112904,636.64
903,404,64,16,30,24447,0,23,2570652,95875,199,56897,7955179005351041884,825.93
904,404,103,62,47,60813,90,15,5532704,42077,39,9693,2526075663967001719,491.61
905,500,76,98,57,7598,0,27,141717,207746,186,97033,4380489940405825284,328.04
906,200,109,79,38,63598,83,19,4154698,105792,194,42705,5066781970355813358,781.17
907,502,88,100,60,9985,0,3,4512781,45831,32,49301,6013936132522432087,173.88
908,200,49,10,78,34261,0,0,4975656,241725,67,74191,7892337876430947618,937.38
909,200,95,79,44,8416,0,18,3523457,134379,180,87421,1723306344383248535,388.07
910,502,91,18,46,5255,0,24,6874128,148360,169,13036,5250965722947210943,22.9
911,200,87,14,84,3453,0,13,1228606,236570,36,66982,6590111219280961141,909.38
912,404,31,93,56,43529,0,10,3749650,159341,181,46252,1867779883631656675,133.9
913,304,71,10,50,48445,0,22,1594111,145723,200,71437,411950229879223200,819.6
914,502,34,60,44,46001,0,9,5741326,184267,118,40621,1504694697486357783,63.85
915,200,59,90,33,40948,0,21,3373503,185673,175,39313,3684033174359285316,70.09
916,200,41,5,71,14432,0,25,1588822,104966,161,81486,6809836923231307314,141.69
917,502,48,31,51,16543,0,9,599290,18089,75,49010,2776054632111141942,893.7
918,200,57,43,72,26056,0,4,7586328,65740,173,14396,2721488098919157217,147.77
919,200,85,21,40,9662,0,25,2960324,159656,90,13639,5909693848435887302,179.29
920,200,58,38,60,60631,0,19,4101872,71631,250,47710,8999294908729596968,72.52
921,200,92,53,68,38743,56,16,7434048,181808,24,71931,2937100292877250525,684.76
922,200,0,7,69,47162,0,5,3728352,92648,88,75531,1584045429206861084,603.19
923,200,80,11,84,21085,27,10,7918266,117578,153,61392,2809082387234495868,880.23
924,404,44,33,81,58800,0,10,2842995,107387,142,73767,1107426075081432828,24.01
925,200,140,100,19,60037,20,4,479114,105048,179,42977,7868108585636505265,745.22
926,304,37,73,20,55675,0,23,7766326,181609,165,6771,1224443409550804272,8.56
927,502,136,17,53,17842,0,25,2652557,215822,53,34869,6790384797537701453,693.25
928,502,170,85,90,25022,0,21,1320619,193045,145,69532,6335530727496155602,488.84
929,301,44,53,86,33140,0,25,236976,153780,4,48727,5867347972799892052,828.2
930,200,51,80,92,31232,0,17,5581407,190896,50,69754,1344138093153424090,431.16
931,200,78,66,69,28140,0,28,2724795,176465,32,26259,7172661804418313894,366.55
932,301,118,13,69,15469,0,26,1859740,108794,46,39844,3995916486182247510,866.2
933,304,28,14,74,8743,0,25,5138509,244235,172,52181,1108278286179211336,912.55
934,200,27,24,82,25053,0,1,4077738,83673,174,90027,3098216281776542783,176.3
935,301,101,10,78,24146,0,13,5187553,231147,209,56664,492728310028935960,852.96
936,200,108,55,47,33276,0,12,3395463,126848,135,13422,4724740504641918383,814.81
937,304,110,35,52,8676,0,23,2706378,170380,43,89039,3965593793329529573,319.52
938,301,73,43,65,60614,0,6,4214697,138531,55,44232,8204582667948872487,276.44
939,200,41,66,66,46139,0,28,7062431,187000,43,96253,7106049148257206954,644.15
940,301,43,13,49,26463,0,22,568518,180891,30,81183,5803306274895189466,262.0
941,404,131,70,48,24247,8,7,3162470,109708,32,63593,2320570793108578412,395.72
942,200,41,28,59,7622,0,18,7455477,249978,202,61124,4127476655724406437,736.37
943,200,125,95,52,54380,0,9,3826314,144868,238,23139,921005858102213049,475.18
944,502,133,52,65,49884,0,25,6963853,201627,249,53369,4718531850686413315,435.4
945,500,16,38,69,37672,55,5,3892546,177403,90,44719,8653617110214209268,38.23
946,404,113,65,15,39122,84,16,4772996,154574,46,10388,660348913289468536,758.56
947,200,80,50,15,27036,0,0,3909784,148647,55,22598,7240722897291176616,762.77
948,200,124,71,15,56921,0,28,365227,30878,107,91547,8955017089493711784,362.12
949,200,39,19,50,31947,0,25,5769582,15655,248,78002,4723380696370853256,262.45
950,200,85,97,58,24988,0,3,3000984,184030,67,52053,7364690996180838075,460.05
951,200,102,40,40,54522,73,1,7253967,183352,117,52585,7486808902163190621,751.91
952,200,38,29,52,17204,0,7,5882763,110621,42,8420,133625602269491153,94.13
953,301,75,73,77,61933,108,18,4831207,170288,173,70530,2696142701465142186,551.77
954,200,13,32,25,34079,0,1,7774861,137647,241,71138,6107812942490940061,578.33
955,200,144,60,70,57309,0,9,11987,223034,129,53936,8452083456530352485,709.15
956,200,30,9,91,3803,0,23,5097403,76447,64,72891,476894238410605780,72.83
957,200,43,29,26,5118,0,7,6780019,62392,72,21726,3316249880844585248,472.1
958,301,66,80,57,6580,0,28,75238,69991,206,95845,1343464036218619225,665.78
959,304,105,36,43,22172,0,9,3744773,13488,160,728,1854075488935576667,786.95
960,200,165,52,86,60826,0,23,1197793,206211,88,46459,4130148778210349544,315.72
961,404,140,55,43,19874,17,24,1355839,7483,40,78830,2795350176948721919,365.31
962,200,14,8,27,62791,0,19,1814784,83748,132,21622,6975536019923658448,489.61
963,200,113,40,81,30127,0,6,4375562,208897,11,72768,1676284708596421452,964.03
964,502,130,19,75,32247,0,20,6943410,210160,29,86390,8419138688489805616,894.98
965,502,107,22,67,7689,0,18,4669357,107390,252,39831,2737313246654692899,377.78
966,200,98,23,51,15866,0,23,4695445,218758,252,8577,8437437669376654866,670.2
967,200,131,14,36,45563,0,21,2844983,177101,188,63604,7804865998016486634,88.15
968,304,94,15,40,49072,76,12,3024586,19966,88,40796,6417019069819107735,59.29
969,502,21,4,23,28268,0,10,3844239,95208,106,91986,5664097320796627166,777.19
970,404,104,78,75,22708,0,25,2142688,142337,58,79986,5181660145091156866,432.85
971,500,104,32,15,56799,0,26,4100786,69617,178,54230,5796008970304463861,805.93
972,502,69,39,70,11552,0,10,6336248,34085,19,83284,5887162644436388648,356.73
973,200,112,11,78,49288,119,26,6954774,35156,139,29823,858414111170393029,101.57
974,200,55,73,47,23241,0,1,832562,224714,210,84555,6310921225235122281,231.17
975,200,139,31,26,61567,0,20,4722115,19385,233,40045,6361977654576629065,878.79
976,301,145,74,91,59223,0,15,4336035,154730,207,22150,1888865657419016519,16.98
977,500,16,11,76,35727,0,16,3286381,177715,1,49451,4390215272868622881,314.82
978,500,8,7,23,33638,0,13,6862982,244016,60,47447,8889663148851080053,8.02
979,502,82,55,82,29644,0,8,6774204,1622,195,78438,8104930711618305000,850.71
980,200,123,60,80,56600,0,0,1078566,235989,34,64133,4005123023844961016,174.18
981,404,249,98,59,1578,0,27,1928367,215313,125,74469,2357934499501533589,446.44
982,304,0,38,64,32844,0,24,6811698,227104,166,80068,7354417325877676439,578.79
983,200,28,49,57,10931,0,21,7352435,206042,210,21461,1783268510830229810,579.91
984,301,85,20,27,10166,0,27,4363512,220159,197,49549,8891710581965169472,8.36
985,200,100,51,56,7706,84,23,1882687,82864,15,78611,2630834525919691763,297.11
986,502,29,64,71,63596,0,26,2218653,220582,76,3725,8858220719844662277,911.85
987,200,81,7,92,32271,0,20,7289739,149812,196,19649,5914042173196982253,124.43
988,200,61,31,78,12973,35,8,2614143,112727,155,86479,2487504575553874809,119.44
989,304,156,49,75,12461,0,15,5191873,173446,163,61630,4863306627712210168,690.48
990,200,45,28,50,34983,98,23,1812929,167049,5,10501,139891747323353102,438.0
991,301,26,97,21,48420,0,25,5949952,131968,48,84590,1621235950024722095,708.64
992,301,69,72,15,22845,0,23,3088754,130929,250,92246,8210096035369661424,9.63
993,301,41,29,42,44124,0,12,4514744,140919,76,15257,2577384369592284086,25.53
994,200,114,72,39,55736,0,14,3139319,67508,10,21258,6723408862859170048,614.34
995,301,48,68,32,14421,99,23,4084911,161644,229,54141,3687485575213533787,151.11
996,500,22,71,32,59321,53,17,4691753,25238,58,91032,2423337557868949637,69.52
997,200,62,83,80,24676,0,1,6941560,124148,128,33734,6013903556304821764,6.63
998,301,164,69,54,22283,0,3,5177533,223520,16,5353,1567394669379250848,901.27
999,304,8,76,79,38189,0,11,7381740,143033,245,32613,2971795583334251624,810.88
1000,200,132,22,39,32376,0,27,5317025,65000,235,46075,6192097027799816577,583.3
1001,200,91,25,44,26984,0,2,6231830,118531,4,70930,1433653600935316655,144.07
1002,200,2,49,86,23349,0,17,6088309,210245,53,42556,1076880385790970632,553.67
1003,404,73,72,16,51837,0,21,1677438,29081,46,15718,3913191341393845021,684.77
1004,200,177,57,75,33108,50,11,1596556,240071,228,30503,7448449259101249537,645.73
1005,200,150,61,18,30624,0,7,2725311,133943,8,3109,1955769026547781540,610.2
1006,200,132,67,86,52929,0,26,2363822,117208,101,7206,7866523657143122489,405.51
1007,404,116,52,41,49253,0,14,5938978,246296,251,28660,3439474503097917369,238.5
1008,200,180,40,92,14730,0,2,753582,60254,130,7373,2985229787120082664,457.62
1009,301,83,97,41,55980,0,17,1597379,173959,55,24787,6189200312956927314,608.41
1010,404,15,88,29,56636,0,6,6544645,16655,241,71408,8376209724887091974,689.66
1011,200,93,85,53,23917,100,22,7304213,145133,59,12304,4920406318207160831,896.18
1012,200,59,90,74,1350,0,27,5791803,169012,251,34969,1603987750008094016,425.8
1013,500,41,62,74,61262,19,2,601277,19952,140,66304,3698346952020692501,724.01
1014,304,77,65,56,1411,0,27,71061,32151,227,87864,8640917113544896063,796.24
1015,200,4,61,86,51205,0,12,216311,12548,121,51230,6166079292455012805,518.0
1016,200,7,75,19,34602,0,15,6564356,28217,26,56001,1367877423962229826,88.61
1017,404,27,56,88,17043,0,19,3341600,242708,165,2073,7753774347250241561,467.78
1018,200,59,47,18,41189,0,15,7710847,959,96,94076,4488710329189729886,118.94
1019,301,86,84,58,9489,0,23,7764734,159472,28,12309,1731652610581812967,133.44
1020,200,80,21,62,3278,0,9,1075078,220002,57,60315,8608849526598613684,216.25
1021,301,85,14,26,7825,0,6,4387951,129255,72,5392,7697038281156132951,662.97
1022,404,29,41,15,32318,0,15,5856646,174768,77,3470,725130909168453159,920.58
1023,200,104,93,91,18288,14,6,5901058,196552,26,99169,6312854157312332014,28.16
1024,301,90,50,50,48525,0,25,2681456,165082,218,84810,611729443487189750,826.93
1025,502,23,6,48,53962,0,2,6174852,148767,213,43609,16649056192978912,195.9
1026,200,108,91,40,25607,0,28,6247203,118324,13,86363,2475978673182985622,471.22
1027,200,90,88,58,42906,0,7,3328208,135190,190,69128,1706308648672685317,450.7
1028,200,42,19,48,55908,24,24,2061721,226776,26,61140,6451568372295546598,886.24
1029,200,69,62,19,39922,0,6,4718237,138614,26,89202,7674029282746986087,687.8
1030,404,119,2,51,2451,0,12,7977665,239042,239,54684,3795603106841417368,56.98
1031,200,40,14,89,60074,0,12,6044551,74620,208,70248,423110656869758617,963.52
1032,200,227,44,52,34679,0,28,2337232,15762,226,39895,4666526881609160133,349.63
1033,500,105,44,45,10809,0,10,1771272,206892,71,74611,4242291759572234040,351.87
1034,301,54,6,25,56448,78,26,6500734,98911,74,64405,6108371808917441060,965.14
1035,404,71,88,85,9022,0,18,4574602,28258,231,92628,5652329697278632973,84.81
1036,200,93,1,27,59996,0,26,2434711,90971,129,88725,509932001277210918,103.22
1037,200,22,72,73,31261,0,7,2725075,7453,10,62877,6199403729075311372,339.88
1038,502,142,31,16,31085,0,8,5773595,140561,41,46329,5974586017380279101,196.61
1039,200,22,41,64,60896,0,7,7033487,143798,118,9655,7220621665037571604,104.61
1040,200,16,55,40,63505,0,8,5671485,240337,2,88664,5926956128082822000,14.13
1041,200,12,72,65,44742,0,23,4372409,92339,170,76754,5494547448433381321,647.13
1042,200,204,50,83,46387,0,2,3625294,89390,234,55584,3412824253799400318,278.36
1043,502,179,80,55,49764,0,4,4072954,41156,114,49657,4986609337762404559,941.0
1044,200,33,40,71,5957,0,3,1551532,181098,130,7391,3761347398100088262,877.02
1045,200,102,33,60,34396,0,8,7977811,159380,234,44468,6809351175029810077,162.2
1046,200,97,47,56,55450,0,25,362660,19000,132,43107,4348665478084090887,28.62
1047,200,103,25,65,890,35,0,669353,70203,181,83527,7429570200473918145,919.68
1048,500,74,54,61,50334,0,9,3069370,89730,215,52444,939922687412047070,922.29
1049,301,125,79,86,37268,0,23,3037278,189853,2,89415,2099077022247767781,961.15
1050,502,91,60,34,48025,0,21,1066163,205851,21,24080,6859905730944380997,934.48
1051,502,88,53,65,13888,0,19,1915338,1962,255,29353,6585213115862000307,417.66
1052,502,72,67,57,6067,0,1,6903601,119713,90,59600,5609596156360680834,700.1
1053,200,72,100,45,63005,0,20,7611550,37796,2,45603,2636874623709462746,261.42
1054,200,1,63,49,53516,0,3,731072,224259,29,96891,1576349339170893259,636.4
1055,200,23,63,86,40143,0,24,1665802,116880,211,90579,7698768940273712215,574.23
1056,301,85,92,26,24080,0,21,7135533,128004,28,27019,328349383444097604,585.45
1057,200,118,33,60,26533,0,21,3794310,1491,214,61575,1968107362940552062,271.14
1058,200,90,81,26,52421,0,6,647350,157160,253,39088,8314203864443326775,856.04
1059,500,165,56,41,33890,0,18,732367,191757,192,72297,1799179819334712779,857.45
1060,200,70,63,81,46666,0,0,5680011,167343,134,17659,7402338545945017465,972.03
1061,200,65,39,80,11143,0,2,6228210,182728,108,18085,6794829322030055541,468.93
1062,502,80,28,49,35599,0,14,7216966,220941,142,56324,5137395536589320798,934.31
1063,200,9,87,48,16424,0,0,6455051,68902,1,61414,5768118821354980825,45.99
1064,200,54,45,17,1646,0,0,6564825,68306,195,33275,3342879588499917286,891.53
1065,200,82,23,49,56139,0,4,2018391,79013,177,14161,2397106515513909572,985.4
1066,304,186,3,79,50506,54,12,2365094,45551,172,70298,2707757803717739760,140.62
1067,502,215,25,19,3509,0,16,6387480,210740,182,31623,3630199074101837799,736.77
1068,200,26,79,59,57567,0,17,1700298,233498,17,95898,13923891970312217,319.55
1069,200,60,36,40,32788,0,6,6474406,8605,249,7026,1555776884078217460,461.89
1070,301,12,36,42,62116,0,25,3962950,244070,163,10705,6220278651926775663,601.04
1071,200,40,21,62,22615,0,9,498365,180210,222,49939,2942175709039956866,505.89
1072,200,33,57,49,53491,0,16,4840876,75490,226,79372,3055448200553496825,731.33
1073,200,93,20,83,36122,0,0,270905,23395,189,67591,6167801886492398645,661.32
1074,200,59,3,57,6321,0,12,5316343,172711,218,14951,915681874551842646,556.11
1075,304,99,24,56,7662,0,25,3896216,217870,35,69936,4127475824590044706,765.97
1076,500,37,62,59,36015,0,8,3941536,166474,81,60030,73243755843917168,650.09
1077,200,20,95,64,35626,0,8,1120781,86891,222,96500,2898344210983056934,152.47
1078,200,11,22,59,23930,0,5,1036626,14881,85,95177,2383242056437209081,457.58
1079,304,14,67,33,51635,0,0,4285462,136487,197,30799,8314776549828220844,47.15
1080,301,87,12,48,12656,0,1,302206,27879,153,65254,7090777555516932788,73.68
1081,500,118,59,36,39655,0,23,3784387,4253,80,94592,6224542166608776566,790.65
1082,500,3,76,53,5292,0,18,6774621,216830,119,46605,1598866491363808651,123.93
1083,404,28,92,56,26356,0,28,6991953,235256,3,9487,5219327621752502202,217.83
1084,200,69,41,89,43475,30,18,4984659,181620,137,68991,4650227955315064488,861.82
1085,200,6,44,41,35672,0,11,7703849,217620,138,75028,8728809773613819768,388.31
1086,304,75,41,57,57868,0,1,4878785,232796,140,99356,8770035952991591078,606.1
1087,502,103,74,53,42859,0,20,4859496,51578,42,79853,4587036396436026748,528.17
1088,500,23,70,48,13508,0,5,6449034,180216,122,11812,1428871586603800257,539.54
1089,200,75,40,45,45162,0,18,1085690,181460,254,4755,5853433138241049823,117.2
1090,304,107,100,40,50546,0,19,2692982,44660,189,11285,274858707355836522,580.3
1091,301,37,27,79,36763,0,14,2631080,42271,60,93762,1257360838946636918,110.74
1092,200,135,0,87,62948,0,6,1388516,142327,6,4340,61533486363325539,650.63
1093,200,88,47,22,23484,0,26,3733900,97375,174,18995,3423657321729422333,931.28
1094,500,75,8,87,34181,0,27,7362239,73532,193,6617,646654560819981726,27.22
1095,200,79,33,75,17272,0,8,7993388,59739,192,55351,5382690937108123845,917.29
1096,404,132,81,62,5605,0,13,914506,100535,181,57486,1766584628580670856,743.92
1097,502,4,71,51,49804,0,16,749307,44510,211,83389,1562975244855294007,182.99
1098,500,132,4,23,12063,0,18,2377697,246650,60,14199,903154039776266715,814.42
1099,200,161,40,16,63754,0,16,4541534,76823,87,53545,3586915107693514954,201.92
1100,301,68,45,30,47160,47,2,5018833,190185,233,8158,8337531222557610222,560.02
1101,200,40,87,83,56888,0,22,6986855,74502,2,60390,8733746040170628334,200.36
1102,404,76,80,46,19945,0,9,282504,187583,240,51841,4999142370878634960,854.67
1103,502,114,15,88,9632,95,5,1906225,172607,246,70398,5766069352834314253,984.95
1104,200,34,55,91,21702,0,24,4088485,216404,162,52641,1557605647019883534,396.55
1105,200,47,65,26,59204,0,0,2877425,234787,218,22053,6193650962053849243,77.44
1106,301,114,75,85,21926,0,27,5061147,123404,51,43040,3548313610301693817,9.02
1107,301,29,89,67,37237,0,10,4224241,201745,195,39762,8713892322803522687,82.19
1108,200,158,21,60,25236,0,0,4009710,101939,75,91261,1031049740843095269,493.01
1109,200,84,43,17,4852,0,20,5733715,89580,231,69386,7694064717264491926,942.21
1110,500,159,27,78,58031,0,20,6289250,80955,138,85215,2779962660088623101,457.91
1111,200,13,98,62,53841,0,15,277413,103261,111,20858,7236763994582271384,25.11
1112,301,76,14,92,8648,0,15,5137391,127027,63,79766,90726976676064459,232.45
1113,200,35,34,81,26700,17,18,2409140,234601,248,21639,1035024926814081374,549.68
1114,404,222,19,17,43025,0,24,2695109,164848,182,59351,7587272546269327292,289.37
1115,200,27,99,24,51940,0,24,1126433,46854,145,42321,6587974984038515097,660.11
1116,200,108,38,59,14116,0,19,2631294,247857,25,61553,6040153492188903602,266.0
1117,200,113,65,27,38739,0,10,6759670,105936,178,39558,2677870640985274459,956.84
1118,200,117,54,75,46370,0,0,5127458,223688,159,8347,1381802632822856358,622.53
1119,200,84,70,37,19059,33,18,2311701,65153,216,8676,5942049227051155294,582.61
1120,200,84,74,42,46358,0,28,30851,157790,113,54986,7529329857177056335,923.47
1121,200,96,64,60,56996,0,10,2221431,198906,24,41407,8548568870048782913,959.05
1122,304,120,7,80,30540,84,21,5284885,174153,114,48360,5040113577751540950,743.09
1123,500,217,97,52,11327,74,15,7730217,44173,2,43530,2658925218381385643,534.12
1124,200,101,56,58,2518,120,25,6075993,1815,246,8073,717712879444085239,680.97
1125,304,95,74,31,8026,98,17,7369237,97028,225,66265,5588339402441031588,453.69
1126,404,142,4,59,15646,0,22,7731594,82218,147,44278,6842083711577948635,829.79
1127,200,140,17,80,42337,0,26,3765561,189250,99,49736,4314056206877045423,40.74
1128,304,89,31,77,43240,118,2,2703580,120732,86,51866,8641802079774174172,964.64
1129,200,43,34,23,49198,0,27,7099794,45532,16,65757,2758779400556661057,395.23
1130,301,29,42,91,59603,0,14,7751731,194790,173,55351,488384192242713763,338.21
1131,200,180,93,85,53652,0,14,7038404,117364,118,79485,1059411298994175620,96.78
1132,200,8,59,89,2933,0,17,2657751,232228,0,37330,130570045363042520,600.55
1133,200,70,25,73,1016,0,26,1560920,227697,120,47664,255055948622361379,141.11
1134,500,34,25,67,8906,0,17,132460,15403,2,71254,310905295148861880,488.62
1135,200,13,3,65,2598,0,23,1646843,188905,124,56927,1222085474330959479,714.64
1136,200,61,40,56,49523,0,27,3568463,121669,33,39953,4405901464662653020,849.26
1137,200,16,56,86,12847,0,5,5662838,161928,39,44763,5052486129545247111,95.89
1138,304,24,48,68,11274,0,23,316695,7575,142,39398,6262747753502551131,659.17
1139,200,34,46,64,31565,0,17,7030240,219975,145,9437,3704592920027140025,556.19
1140,304,4,37,66,27186,0,17,7343348,125632,159,75308,5672882450360149271,722.86
1141,304,60,53,65,56230,0,9,1615455,23538,251,22412,3166547133793293145,348.28
1142,200,73,29,39,13817,0,8,2751877,148551,113,72432,6328277864306822377,324.73
1143,200,63,17,63,1505,0,17,6766443,127669,98,8876,2276589208143785687,783.78
1144,301,75,95,92,52193,0,5,7528900,6757,114,74640,262921858792203193,622.32
1145,304,153,0,50,40266,0,19,7995010,79008,73,86490,8070890350952687399,704.34
1146,304,116,100,26,12889,0,4,3392415,33374,61,37181,1808440820911353359,38.39
1147,200,104,73,84,38631,0,21,2376146,13503,249,728,4059276140201517829,794.94
1148,200,115,63,80,12312,0,24,381951,102866,133,68874,7217225153101464150,202.68
1149,500,3,96,86,23989,68,12,6781354,126385,0,88325,1431650567074808752,706.06
1150,200,95,52,58,29730,24,23,6470851,99943,236,53864,7519416917290127703,88.65
1151,200,30,46,28,23384,0,19,4967344,157390,176,25048,5797225718287212975,376.46
1152,200,6,3,39,34341,0,28,1906290,140000,135,38789,451748563749752270,792.13
1153,200,86,80,83,54128,0,8,880802,68989,245,24529,3898254968531607876,305.37
1154,200,21,69,65,4288,0,10,6180390,75000,219,89205,5454076230859770882,495.95
1155,200,61,1,92,34725,38,15,801711,78775,255,21455,5570507619343236196,375.84
1156,200,140,79,19,15499,0,6,2322855,149105,248,40646,4378860761949730982,388.02
1157,200,176,77,16,52169,0,27,5005678,88608,119,14975,6652616716885333966,738.46
1158,404,78,16,26,33364,9,22,5857469,92938,173,78491,7846673886719949073,572.23
1159,200,142,89,60,7732,0,18,7935172,146402,84,24449,7437164614257506551,638.09
1160,304,71,37,57,37206,0,20,76108,27140,0,39301,4134488654411661195,212.75
1161,301,33,63,31,37600,0,18,4624234,171536,111,47293,1914900613608674242,545.23
1162,502,268,59,64,49558,0,20,2809638,96953,23,2479,6320200071629345731,521.03
1163,200,124,77,51,45477,0,14,1635644,209661,21,97581,8564035925232501370,466.88
1164,200,97,23,51,885,52,26,4921394,49539,204,66157,5798480469463012982,181.05
1165,200,80,25,24,60288,0,26,2731707,1083,10,57956,2156719819263831242,91.9
1166,304,38,42,54,10088,0,4,5506591,155481,99,10470,2609748413077233497,252.36
1167,200,83,88,51,17928,0,7,7559178,105101,129,28776,7421245607308742141,278.62
1168,500,152,6,18,15018,0,18,5653828,26788,134,86623,1327787212425670878,109.18
1169,200,60,37,40,13486,0,24,3836385,136311,160,66178,3188349865976858615,180.81
1170,200,53,40,21,55072,0,11,2030898,66405,164,91360,4607685751676151176,811.6
1171,200,2,72,30,1686,0,8,3379300,215747,56,34714,2454685944959323363,807.77
1172,404,17,81,60,33238,0,27,6212274,2458,124,48262,6656683333405023296,684.04
1173,200,174,21,57,62396,0,23,2359644,32511,16,81822,919184342813696591,64.25
1174,404,36,39,72,23298,0,2,6333721,156105,215,59694,258528526439247081,886.4
1175,200,62,61,69,59145,0,17,2499197,21668,234,76039,6817431699487007690,103.67
1176,304,89,4,83,29023,0,11,4743365,106756,48,89829,7980302093555053636,850.3
1177,304,85,90,56,37818,0,8,7047274,154026,211,79253,301735309231139951,144.36
1178,200,101,40,51,1947,0,25,3193183,60347,223,26347,2058113011019969190,640.14
1179,200,139,55,35,16283,0,12,4716835,199892,166,41969,7853102221668551834,395.36
1180,301,88,11,92,34119,70,15,6350808,247728,156,73607,8990381771106680889,150.03
1181,500,70,21,88,6412,11,16,4688556,154654,53,80476,333595366993469167,12.4
1182,200,62,53,79,35317,0,9,4894479,217709,9,65191,3365461179677881036,917.55
1183,301,1,74,54,53355,0,2,7397173,64436,232,174,892519127943959752,682.36
1184,301,42,83,73,56982,0,16,1775234,45530,51,56190,3737355672849202466,578.62
1185,200,0,97,51,62266,0,7,7699418,39876,208,51967,7854147416487291830,978.1
1186,301,35,79,21,35457,80,16,1373733,18961,3,95159,7465301395160942101,640.59
1187,301,6,51,36,34691,67,27,2416612,148102,208,89955,5565622404324073801,41.78
1188,200,129,57,57,62288,0,19,5118373,172748,241,50481,5679213276203148228,607.97
1189,200,80,53,52,20870,0,16,3392354,31347,28,44351,3734959500189965853,53.56
1190,200,32,11,62,41935,0,26,7943367,128821,67,61098,4844834673022924707,741.31
1191,200,128,89,56,29860,0,13,6194841,137454,162,15575,8998026092022368177,411.2
1192,502,31,29,29,60123,0,4,606234,181902,244,29636,6715022870831172502,488.13
1193,200,28,32,76,9358,0,4,4253146,199524,195,56982,5565920684283237724,486.8
1194,200,6,92,60,19746,0,15,7958979,87448,94,85121,2090137893328477836,990.58
1195,200,68,68,67,32489,0,21,3613796,35552,38,67541,8788897498221038966,724.16
1196,200,60,9,19,39357,0,16,5422536,36098,47,35567,5085091201852943835,357.51
1197,200,54,7,45,34414,0,11,1278163,87891,39,38249,7645015249627679935,913.29
1198,304,162,25,64,61497,0,8,6228879,50931,116,85986,3931754404077983358,461.7
1199,500,80,35,23,35553,0,5,151838,228110,9,83656,3113023012694988838,587.88
1200,200,66,47,76,61845,0,4,7985482,38014,244,34537,644200493167458749,457.95
1201,200,32,44,53,12229,0,6,6004073,48006,154,48,34086813120366881,361.46
1202,301,4,74,29,401,6,16,1101490,108566,6,68496,6275646606191020425,637.99
1203,304,101,47,90,63059,0,27,4591280,146366,7,2070,1583100089412744160,243.56
1204,404,151,45,69,35397,0,5,7726488,190112,50,48042,8479538632058152038,318.93
1205,404,14,95,72,26015,0,11,2504557,84351,27,30697,6704318566146002730,85.1
1206,301,127,0,53,13998,0,10,590059,37153,133,69758,3432559101165235355,320.52
1207,404,96,31,15,20954,0,4,4938708,79420,92,5409,3084686213357023128,761.27
1208,301,65,73,27,39699,0,1,2811837,34781,195,89488,8442374289164129420,779.71
1209,301,87,21,20,54883,0,26,5296616,149765,182,74126,3406564645425296774,152.92
1210,200,172,81,88,35202,0,28,383237,124269,224,70067,3361442802316248775,616.54
1211,200,91,39,62,61350,0,15,1735262,114738,241,43313,5188371753576048892,474.95
1212,404,0,76,82,6970,0,19,5723450,71715,57,58077,6994859646032127914,136.48
1213,301,84,47,27,35388,0,0,4666256,175723,140,64803,2149463180276096118,639.64
1214,200,20,46,59,56310,0,21,2166761,145847,188,4269,3417040298927756401,68.99
1215,500,139,40,47,52202,0,12,1963625,149266,3,58488,6708153880231511807,425.04
1216,200,204,89,18,9323,0,20,1710249,211237,171,58079,65880639069299405,250.57
1217,200,108,3,42,51674,0,13,6835702,125748,20,1949,2429025207730033807,492.52
1218,200,43,7,55,3917,0,24,5114236,65907,156,31477,3738856031939206583,885.23
1219,200,118,4,25,53272,0,1,3337578,176770,95,47647,229759500358663155,483.91
1220,404,49,56,66,11491,0,27,489906,171878,15,78071,367812907636648502,208.8
1221,200,58,27,91,39736,0,22,4057838,2195,223,10714,2664955026750215452,562.2
1222,304,95,63,43,21303,0,17,4594008,205086,133,34564,3229113115892658025,341.63
1223,200,61,10,75,44850,49,25,4932891,37473,228,81035,1168307423939421663,620.14
1224,500,70,48,63,62382,0,17,5173306,7810,231,44749,4965154274971775895,731.45
1225,301,84,7,49,42043,0,27,2661344,86456,203,63742,781105512580186012,298.57
1226,200,46,60,76,35772,0,20,5334998,28631,50,81934,1653825964756031516,827.77
1227,304,18,54,27,36520,0,28,3885688,40098,125,12412,4006119453361123802,872.57
1228,304,69,40,31,18734,0,10,4471768,20996,36,55429,3456804458002944637,771.01
1229,200,111,39,51,19874,0,4,6829043,191919,24,4975,6611970917335978751,367.05
1230,200,218,97,62,4576,0,4,3864573,249404,172,74044,6592070859802048330,415.64
1231,200,124,82,91,60792,0,18,5438140,50008,249,99953,3063724565892026923,663.01
1232,200,62,88,79,53142,0,9,3582597,225696,215,78399,6286514652230694936,987.52
1233,500,72,35,15,39028,0,7,768786,232350,164,3254,5376911252988855086,438.82
1234,304,141,71,16,23219,0,21,6949578,59200,255,19704,5119212261285102607,42.26
1235,200,16,77,77,27503,114,19,651594,36712,166,13850,4765793949524968601,898.41
1236,200,188,40,72,50662,0,0,5228154,194670,234,35273,7303559687321617054,322.54
1237,502,34,66,90,22134,0,27,7856876,227843,96,12321,3455432151639372086,219.47
1238,502,186,8,39,17610,0,23,366563,31292,12,29588,3388954563795409938,724.02
1239,200,194,5,44,48441,0,22,7962207,161413,84,83359,7323330069027969923,625.09
1240,301,58,78,48,42417,0,26,3999420,229762,162,37916,4740441397556810899,350.08
1241,502,90,31,72,60890,0,4,3716270,88602,30,74465,7485146616396390942,59.3
1242,500,84,93,18,17092,0,0,4929981,150573,10,28285,6397347105747140971,387.97
1243,304,23,72,69,4942,0,15,7219226,187110,165,2143,8268882674586371389,603.99
1244,502,88,16,18,3247,0,25,3502839,149089,65,2907,8770294087293263356,930.6
1245,200,142,88,54,17458,0,0,4249460,192689,199,30933,8984649352708008134,454.61
1246,502,104,11,57,59104,0,24,841689,175306,25,59885,4502158183624154131,931.06
1247,404,194,16,83,63483,0,9,2358833,20214,240,72723,1923613908931976505,515.66
1248,200,119,86,48,10327,0,28,2591650,229873,113,82722,5185693612379687702,243.16
1249,200,40,1,90,56142,0,8,6552622,137547,114,44069,2199218810195189851,806.33
1250,200,75,1,58,55427,0,16,1699469,154474,188,13128,6872134700168959729,974.19
1251,200,80,63,21,52289,0,13,1686656,93072,213,98430,4596031544531185438,456.41
1252,404,164,94,50,4599,0,20,2509845,92368,110,94520,5125262186398330439,181.85
1253,304,103,99,65,58305,0,11,5096161,138843,208,312,3558280439007392714,585.94
1254,200,135,88,60,22765,0,19,4588241,99372,162,77012,3373120324749510528,427.76
1255,200,2,23,80,20673,0,27,4087139,194201,192,44320,4839081273006448272,324.58
1256,304,73,12,25,44755,0,27,6028422,242047,229,95571,3185090724441002934,663.18
1257,200,79,8,87,35898,0,21,1532758,153172,222,47539,3162056758520423426,302.99
1258,404,93,57,45,41138,0,18,273253,235830,209,84283,8265516252892206351,264.95
1259,301,59,42,87,36599,0,19,6356829,180632,163,47045,646279374921691739,229.09
1260,502,120,11,79,50561,0,13,2055862,218008,100,99156,3160316240774566645,36.83
1261,200,122,31,46,26351,0,17,2293552,192059,147,19979,2137429864656682561,630.8
1262,301,50,37,79,45537,0,19,1028834,84688,90,97990,3241909193641598488,643.94
1263,200,40,9,32,45513,0,8,6771289,246094,54,68000,626855411014864910,29.93
1264,200,109,52,31,49180,0,25,5206195,154752,17,54996,5746705898781874054,797.9
1265,404,147,32,66,25831,0,9,6176164,203524,83,74005,221816444102010532,920.47
1266,304,26,53,84,2872,0,14,3952932,25158,139,73577,925146974658054035,232.0
1267,502,39,1,24,63828,0,28,6627439,28591,253,27525,7817589686409727579,750.49
1268,502,78,28,35,30530,0,14,5267849,136335,85,89852,7659931878184339126,890.99
1269,404,11,75,72,34429,0,19,7727538,21727,34,97882,2202299614935500135,64.2
1270,200,214,99,44,41012,0,3,5056493,170613,194,52361,6295189167166066071,846.69
1271,304,140,98,87,44690,0,10,4509857,137131,232,22390,7188881539362918854,502.89
1272,200,182,70,44,17584,0,24,4289817,67408,255,24866,8727685202004636805,832.37
1273,200,35,27,83,23227,0,24,2757489,222143,96,30490,4575965517389971603,574.23
1274,200,93,75,84,19976,0,7,4210182,35273,138,73800,7836086195382687662,128.16
1275,200,125,99,31,36675,0,11,6596212,131687,148,76506,7896549471271040736,711.5
1276,301,174,74,27,14005,0,25,4898016,150621,234,72424,7228337493930359008,488.1
1277,200,69,53,17,20598,0,13,1322848,199916,174,46109,1049979357916736923,906.51
1278,200,98,28,69,12710,0,1,2913533,237578,212,72307,8734884271292540219,990.61
1279,301,113,76,82,17114,0,9,1962908,25458,209,37674,8542203186815917778,380.68
1280,200,100,89,52,37395,111,21,3471470,113011,219,12367,3024798009387426443,207.43
1281,404,20,7,16,25418,0,14,7200266,191177,180,37080,7128543831126265194,280.18
1282,200,20,52,28,2247,0,10,7463327,201475,234,1668,7053810848061952210,588.81
1283,304,33,55,92,30666,0,7,5255820,65824,6,89030,8879376471448374199,968.14
1284,304,88,14,32,4106,0,26,4766839,83256,94,69154,303373543524340752,554.83
1285,200,160,11,45,17731,0,3,1414656,166311,235,80489,950007179387654282,735.96
1286,304,34,46,56,53033,0,28,7730416,14326,52,85336,7187749164912965471,87.77
1287,304,78,41,48,50589,0,24,4305756,181900,27,41730,220661362643561608,58.73
1288,500,32,87,74,13130,0,15,3777940,152356,163,15428,3298603782939321258,663.84
1289,200,77,29,23,37092,0,6,6496693,163313,181,87064,3869558670576837428,346.21
1290,200,135,35,58,19952,0,8,2866847,195101,22,87379,1428155802158271047,417.56
1291,404,115,33,26,47011,0,26,6276012,37747,193,46656,8702710469834714326,979.52
1292,301,74,40,44,36459,0,12,6916055,86441,110,67849,5344609669828161964,992.48
1293,404,151,13,29,40629,0,8,3812027,162086,127,15406,8101321369969142733,928.44
1294,404,154,74,74,17922,0,2,6328115,156512,180,31187,7490639260992254001,944.98
1295,200,47,20,31,4763,0,20,5076779,102378,19,61556,1472112164530353484,403.28
1296,200,98,78,90,790,0,27,3558160,217123,171,87990,2061829474757000788,452.0
1297,304,40,81,82,17693,0,18,4560039,97271,221,54593,2708937639040728606,808.19
1298,404,100,81,68,5212,0,5,296911,145635,12,15448,8052091836636523193,471.08
1299,500,103,61,62,20723,0,7,5368979,115766,92,52217,1932615012166406783,348.79
1300,200,144,50,85,42199,0,10,2083682,248975,164,13960,307007777086506097,428.35
1301,200,161,61,83,8272,0,5,1110526,119765,195,39627,3232706293113289526,153.93
1302,404,68,3,65,60280,65,19,4783965,224754,240,26932,8914795415131779709,747.87
1303,200,101,11,44,14585,0,15,5053437,220644,107,69596,7022761150238640323,491.31
1304,200,142,7,15,32866,0,6,1433515,227683,65,28846,5159886092647265785,571.53
1305,200,72,32,41,11661,114,7,3112731,71299,224,66731,7939952507235051096,600.66
1306,200,134,38,79,19006,0,17,179243,227360,34,28076,4334671674330742026,502.84
1307,200,177,45,57,45580,0,27,3914622,167279,137,2785,8841637829992796909,250.13
1308,200,197,29,78,53050,81,10,7801605,179861,160,45150,2755856190906906449,571.31
1309,500,180,35,72,55050,0,15,4375491,192453,238,2225,1457221320846815658,17.84
1310,200,65,94,27,32267,114,7,3524066,217724,250,31629,8762109506226567613,69.82
1311,200,121,83,73,44235,0,11,999292,146504,98,80275,6783278958142490523,738.58
1312,500,102,29,51,17030,0,25,1816830,234254,89,34645,6464348783246796846,697.33
1313,200,84,13,18,62862,0,21,3218077,58615,175,34008,4389242720475109891,730.23
1314,404,68,84,50,21123,0,8,7481606,195298,96,36545,5103551879861478726,692.12
1315,200,50,94,27,28926,30,14,5301487,232936,236,61723,1351714214413617066,874.27
1316,200,84,1,17,59791,0,2,2899174,33667,66,44920,1403855933063834231,489.85
1317,200,27,64,80,53548,0,2,1565129,146642,7,80559,371465870928320169,211.44
1318,200,83,59,47,19550,0,4,2610353,30068,173,54773,56106132606491613,572.8
1319,200,32,42,90,20400,0,24,137331,182980,92,31955,7144658600085086280,491.08
1320,304,24,94,39,38821,0,25,1997889,114901,107,91252,2447412624236481008,43.22
1321,200,49,5,90,52589,0,10,904793,188238,31,71937,8303201350703215387,81.14
1322,304,4,19,64,53447,0,20,7686972,216193,196,14129,8841519602377916193,486.86
1323,200,68,70,19,54734,0,16,4307757,90574,197,73233,2114011401898446611,614.31
1324,301,31,6,54,61462,0,25,816892,197269,155,40026,3747110868130155362,410.05
1325,502,85,17,51,45656,0,8,3397073,232383,133,34417,8369667089961002548,658.37
1326,301,86,9,63,27323,0,21,2967545,231984,44,22024,7595661710902740648,826.97
1327,200,142,100,83,16512,0,21,6787164,144382,203,23650,2142429816922979350,941.67
1328,502,70,7,22,10769,0,11,6884507,110357,47,84463,5732602523127120445,770.25
1329,200,99,80,41,8869,0,21,199926,66191,150,42988,1059235430327891880,694.3
1330,200,191,95,40,46536,45,2,452715,82550,174,41886,6336833083392089188,904.41
1331,200,108,1,83,53794,0,17,6915546,140707,149,34783,3738134261831710639,532.16
1332,200,32,57,56,54686,0,5,6285865,204289,126,49594,445998354037280295,494.2
1333,500,48,93,45,23910,0,3,1968915,208798,5,46385,7158522047879254049,834.86
1334,500,111,49,48,38925,0,16,5913703,52998,160,92905,3262828169717170534,368.65
1335,200,42,63,89,30004,0,4,1035224,59343,122,99219,757766675843908813,99.91
1336,200,64,98,29,10221,0,10,3171407,242224,90,88090,3046672601569343064,690.68
1337,200,105,63,60,3237,0,4,5187618,163869,204,97230,8432950945497938188,537.01
1338,200,130,10,37,33450,0,22,3715797,39101,39,8272,4185708779261623785,575.83
1339,200,171,0,75,29690,2,4,7929082,33449,126,57435,1422720543938473327,750.43
1340,200,162,29,69,62572,0,24,2840580,3355,133,48768,3354569436707386052,971.82
1341,200,81,82,73,56703,0,8,4746238,63937,181,66923,7715825213677337600,856.65
1342,200,52,77,24,45690,0,5,5153207,209391,75,93281,8759865083660872065,50.58
1343,200,221,83,78,11240,0,15,2682621,9812,222,11429,466194476751873502,634.7
1344,200,89,100,73,53710,0,14,2473247,168782,171,3233,3584199543002020238,18.53
1345,301,22,33,81,7341,0,24,3181781,105683,219,47613,7666165676064182558,933.21
1346,301,65,67,85,49931,0,4,349261,68246,114,2563,6500504589934735340,760.73
1347,500,12,27,36,3589,0,1,7322023,64867,197,42079,2601818733942296595,921.64
1348,304,208,74,91,3496,0,15,5695548,70982,241,60754,6131580471892249265,39.52
1349,200,107,27,87,16169,0,11,1260576,217377,210,65931,1334568299327268590,775.14
1350,301,144,57,18,53601,0,10,657051,134537,217,89616,2191460627094270218,97.15
1351,200,30,29,51,10994,0,1,7004638,153656,63,18922,6822618218821915295,396.77
1352,500,102,87,51,63509,0,0,6153234,170387,120,19835,8352464726901100316,338.08
1353,200,6,89,70,50605,0,11,4599098,16639,180,68258,5567308175289061874,365.05
1354,502,75,81,81,56172,0,27,7881610,52295,5,17738,4840535244523983152,851.07
1355,500,107,90,16,39549,0,25,437450,148245,218,93170,303298580321576822,928.19
1356,200,13,90,20,34681,41,15,6145015,138580,74,95894,5246078098485106922,206.83
1357,500,87,34,68,49863,0,19,1544253,107391,82,15968,3737624142414123878,421.69
1358,500,115,85,35,14084,0,18,308967,134208,10,6523,4742262795354029719,595.46
1359,304,23,10,74,8264,0,9,5204991,123601,10,4277,673170227123388919,473.88
1360,304,65,74,68,39769,0,21,5089430,85040,36,71903,972640803762664250,100.26
1361,200,130,17,80,10658,0,23,2260365,109573,127,37523,6467431298509138497,45.99
1362,304,224,90,76,1236,0,23,7659455,204991,76,90835,7522251452920196291,117.37
1363,500,93,68,27,35365,0,18,4858689,241988,222,37726,7239217522792848980,565.73
1364,304,6,23,27,41955,0,2,6480498,180130,179,38631,4540654033642346847,135.57
1365,502,102,38,81,50394,0,5,5684843,160988,226,83253,2292887133440117722,608.36
1366,500,72,74,71,14151,0,23,682447,86261,37,58687,8970600958627949493,266.9
1367,502,106,73,53,33270,0,5,4185941,226720,226,7451,231940883451439699,956.73
1368,200,30,53,37,5379,0,6,6171193,102886,8,61858,452580442001417447,716.13
1369,200,120,82,41,62015,0,19,5847246,74652,72,38937,4636291120004885723,614.25
1370,304,64,36,51,35059,0,17,3007545,54747,72,6012,8476056879264243518,549.84
1371,301,112,53,35,31155,0,27,5249039,158141,121,11216,3101082912709282833,779.93
1372,301,140,33,17,15638,0,26,1442930,154559,227,30037,2309182948745673862,275.52
1373,200,123,2,68,62479,0,11,3947795,176840,209,55422,1214947273489032933,564.1
1374,200,19,90,58,45841,0,5,1828728,11266,46,14467,3582802973750934458,818.93
1375,404,21,59,90,14595,0,16,438973,42646,109,43472,3021462960950124616,751.73
1376,200,189,89,38,63162,0,25,1745420,249470,224,5093,1803191015028198205,202.74
1377,500,58,35,92,44683,0,11,2964426,35593,27,7740,8140496438816946983,856.71
1378,200,42,17,43,805,0,22,5520500,174830,59,82766,2183984659133129129,798.92
1379,502,9,81,44,18795,0,20,6422245,69051,41,33484,3719933635357478338,923.98
1380,200,39,90,50,1945,0,7,7023804,159511,71,97475,3005588400572132241,955.53
1381,200,1,87,86,42848,0,28,5097477,24183,83,52757,5725075989665038273,592.95
1382,500,138,66,34,7489,0,27,2229874,193042,6,52541,1664158310730132296,38.53
1383,200,65,24,48,35303,0,27,5597344,78330,46,940,6326159013928108509,838.21
1384,404,114,89,28,29876,0,9,2501773,172856,16,53974,1720232906715569273,479.44
1385,500,74,45,53,6439,0,16,3505219,226989,174,57787,3339658433794344744,315.89
1386,200,101,20,22,42190,0,27,7105785,188082,41,95837,2412532776666904196,892.46
1387,404,65,26,18,22816,0,26,4476449,238232,85,14825,3212154399803559097,637.28
1388,500,148,92,53,31297,70,16,3672238,89542,37,72696,8039379244763422201,528.85
1389,502,40,35,58,4607,0,21,2104682,107366,106,58407,6780796663513624313,365.41
1390,200,91,50,60,63690,0,10,4900531,80170,228,92216,4653189643898719695,707.21
1391,502,70,59,59,43398,0,23,3564728,19817,90,51643,3918542490887551978,554.28
1392,200,136,6,64,36924,0,4,6514836,17942,209,54244,7259423268375748282,651.31
1393,301,95,13,65,17362,0,7,7792243,165683,138,14992,5036639312439063988,215.22
1394,500,67,6,19,49658,0,5,2487662,143436,55,89085,4782464359112474048,897.16
1395,200,144,13,28,40862,0,28,3596770,193605,218,13207,223430580132660876,787.71
1396,200,269,5,67,59570,0,26,7315091,180275,45,30069,2994378830908552469,844.59
1397,200,47,77,32,15772,0,27,4067329,9999,109,13829,261672967672274039,972.77
1398,304,119,99,39,35738,0,24,2518309,96108,214,18401,8539800334377273816,796.91
1399,200,82,93,28,59820,0,3,1143124,49297,185,57048,1393470370174514435,446.19
1400,200,107,68,31,45745,0,11,3862265,166055,56,9402,7921530465153911770,513.93
1401,304,30,67,81,34652,0,22,5506298,235843,129,82405,7665997924655815925,986.93
1402,200,41,100,66,59070,0,22,511325,228870,194,84760,8981481306597493723,886.45
1403,200,148,2,17,46527,85,1,5293371,120388,38,77680,7954667216055884452,716.82
1404,304,115,61,76,58696,0,14,2854680,234957,125,49921,7416774850511746694,972.13
1405,200,98,7,15,14885,0,23,3734385,81143,73,19954,613285863699150262,311.89
1406,200,66,27,21,12647,0,28,3262303,78944,242,97550,668347711227496577,665.85
1407,200,125,99,45,21127,0,19,3131709,12746,151,19939,6851355857411897042,272.77
1408,502,80,99,35,20284,0,0,692938,225909,250,48687,4828159247808446884,313.31
1409,200,50,4,69,47401,0,3,6224466,62635,123,25319,8295839525399047770,633.41
1410,200,45,55,27,22855,0,14,5089137,94831,157,64947,1798371744836707122,573.07
1411,200,95,23,70,19536,0,2,6872,62022,112,12915,7460838059342508035,927.51
1412,200,83,28,29,5733,0,19,312167,55924,226,18274,1511523494803610562,910.18
1413,404,98,100,45,10671,0,5,4750159,56906,214,40529,2144039250498854237,735.64
1414,404,99,94,45,36628,46,8,3407541,64486,217,34640,1024303146413225666,366.72
1415,200,141,34,89,50450,105,19,7144224,11191,10,68166,6245756776675360546,645.98
1416,200,31,95,32,23536,0,4,5992716,178694,219,57173,1173067255032515379,292.66
1417,301,93,75,43,63025,0,0,4828873,54462,137,99988,2503010111549936859,453.85
1418,200,149,8,84,58688,0,19,4432195,148111,56,4487,6371129770435146535,122.14
1419,200,209,98,40,50974,0,24,3137596,136164,249,5029,233101109229333107,404.61
1420,500,75,10,53,62648,0,9,4809214,37724,238,38319,8682687765140682936,193.81
1421,200,108,97,90,18146,0,26,3532187,3794,140,56569,7284542129611945401,174.95
1422,200,119,58,47,15190,0,4,4819557,175451,175,45938,7899069874502593859,947.73
1423,200,100,7,54,28698,0,11,3396612,30512,83,90450,8186615918713063733,318.33
1424,200,46,22,27,40316,0,21,4288257,220298,73,35308,5941361490256405415,163.45
1425,301,197,73,36,57125,0,17,1615763,5504,79,69233,7308631722508563064,404.57
1426,301,126,73,38,13104,0,8,6653383,59536,165,19548,5685228971044182955,170.66
1427,304,118,24,33,55769,0,6,3716045,67230,130,9485,4134835418474596812,46.91
1428,500,41,4,69,46627,0,20,460846,66693,191,45938,4644334115099408611,289.18
1429,301,191,1,88,56596,0,14,7610719,35658,177,69286,8214909538058676450,587.38
1430,500,113,4,35,29196,0,4,4171964,76875,215,37463,2418161319328533040,984.19
1431,404,80,82,18,60276,43,2,4178953,5892,209,30104,588600789755918727,859.56
1432,500,111,4,20,14640,0,25,7598067,165855,63,79857,5903335825435679067,449.52
1433,200,132,31,51,40704,0,19,6586279,32548,12,37235,788574276663975775,857.68
1434,500,102,42,43,23707,0,10,7967924,115011,6,8503,4046038262067426734,155.58
1435,200,205,82,25,7068,0,4,3727357,189346,146,71059,475925292012898652,905.47
1436,200,42,62,41,52301,0,20,2203417,53310,1,94205,7864059337013045745,643.21
1437,304,40,51,29,25555,0,12,6927243,179810,142,8429,5812557671502243549,743.88
1438,200,185,87,55,63805,0,20,3204572,211877,249,72085,8188717673180733783,164.66
1439,200,81,89,78,21809,0,18,5937282,93532,101,89111,2124578354865037160,13.43
1440,404,48,88,89,48581,0,8,2129076,139983,6,43220,1677278869961073433,32.67
1441,200,29,65,79,13721,0,20,5730038,229656,233,40163,8147958503608791377,400.13
1442,301,53,91,67,8587,0,23,5508798,232119,80,48499,1574944697261261247,262.05
1443,200,104,94,92,5367,0,15,799912,158546,84,412,6277057494720014230,975.34
1444,500,125,99,46,4157,0,18,5011640,143584,221,70804,2821147574599118939,540.45
1445,200,22,90,79,3887,0,4,1722180,6859,89,23013,5848806419444909002,767.85
1446,500,31,97,18,7218,0,18,5246155,233801,239,81863,6709092405748397617,171.94
1447,500,90,49,43,31994,0,17,3531065,249910,154,20024,3704179080398432403,971.06
1448,301,156,92,92,9325,0,7,7163064,150412,126,24201,3684964477942554621,944.64
1449,502,15,14,81,53231,0,16,4270742,10411,162,14094,1318192349044967521,198.94
1450,200,92,82,45,13051,0,14,2341242,198722,129,86224,60357414186016827,573.11
1451,200,171,93,60,60652,0,3,7542110,104263,54,55180,6721159127715066666,620.58
1452,502,116,64,37,45866,0,18,1087776,43216,20,42352,8491148051845508147,482.93
1453,301,167,47,68,59551,0,5,4159349,186282,48,96531,2561423821737454938,546.69
1454,404,157,2,79,15924,0,7,4891692,50475,124,70118,2143727983118400196,745.79
1455,200,33,30,42,24457,0,5,6896731,25119,109,71760,8448625297766024163,446.66
1456,502,6,2,34,38255,0,12,3913156,204409,26,75491,578887078908384630,300.89
1457,200,83,52,72,55143,0,5,7699269,49964,120,92522,6294045639160624823,473.82
1458,200,185,19,60,11420,0,24,6331705,173761,102,18688,6312784663718219931,231.31
1459,404,83,47,58,42440,0,10,4583389,199846,109,35740,8193981586781720426,491.6
1460,404,91,69,79,8047,0,17,1447759,222583,124,24807,3960879955595345316,380.78
1461,304,157,31,63,40860,0,8,7419488,36811,88,36058,7656009693747438081,713.3
1462,200,83,4,65,11271,0,6,158714,1651,110,51313,8295011529315195943,743.75
1463,404,73,17,39,22103,0,18,538611,189573,7,55182,5588941281664745873,783.96
1464,404,52,93,80,54691,0,21,5681480,13601,95,11425,6603775377392673194,87.56
1465,200,59,54,21,803,0,16,4065835,68719,209,6742,8515679746104269585,204.34
1466,500,36,6,89,13854,0,2,3106424,218507,244,5633,8414074425788656897,826.68
1467,304,35,78,40,47825,92,2,5927755,38441,98,51143,8444545752819211216,589.78
1468,200,99,19,54,46777,4,5,2774667,187610,101,97608,5151530107340880266,469.96
1469,404,128,81,50,43576,0,25,4038492,191416,126,15309,3145464735646156785,757.91
1470,304,42,50,75,21620,0,1,2106237,74035,40,17343,5076127555633780538,748.76
1471,500,95,72,51,35716,0,1,2989644,122603,198,96630,7666399842786797146,592.61
1472,304,198,53,18,27467,0,13,5292122,95078,33,70204,7897426765378287620,537.34
1473,200,49,13,92,55737,0,15,3769557,183006,203,43244,7738962474482336870,763.24
1474,200,33,5,33,7835,0,16,3788998,122784,167,90708,8984183411436608648,561.14
1475,200,128,26,67,25940,0,26,4252344,152807,216,39908,6889210037156396918,411.09
1476,502,112,99,44,23531,0,14,5834074,95295,156,88482,8771285103707126176,971.39
1477,304,19,100,75,50279,0,3,4593721,72092,150,77400,1742119122807791526,943.75
1478,200,60,43,82,37360,0,9,5476312,104116,105,86858,8687678055458804259,613.24
1479,304,62,42,23,7009,0,27,4198960,55020,38,65480,6228126206169901239,95.25
1480,200,125,71,43,4909,38,24,4171403,224923,144,10448,3663199055868276795,901.38
1481,404,82,99,21,55283,0,19,1740842,68460,171,22114,7627554090209917447,298.51
1482,200,112,45,90,30548,0,12,838933,153248,4,97504,2132097495347923225,65.66
1483,200,22,86,39,18176,59,7,6868876,74106,164,16502,5960835061514789603,18.03
1484,404,18,19,19,61495,0,25,1644863,245437,181,78982,1261756714915418030,978.81
1485,200,55,76,72,59713,0,23,7670867,151874,18,69136,2293113924853104881,462.05
1486,200,25,96,85,59287,0,2,2061898,200494,74,4538,7500516316345270396,932.67
1487,301,81,2,90,46642,0,14,4520663,227000,229,41110,6115025073691955455,593.2
1488,200,104,42,89,9247,0,22,2475507,78814,173,11619,6297622630264498711,585.95
1489,200,88,53,32,4296,0,2,3153658,226903,106,79579,2302192873187516338,685.65
1490,502,172,61,20,26827,0,6,6457462,65942,84,5023,5598045477065283625,507.85
1491,502,123,86,57,61377,0,19,5009999,205634,148,84228,3963111068057889829,894.84
1492,200,13,51,68,53999,0,8,4286075,76555,124,92376,2620197177223464979,237.28
1493,200,76,13,35,11645,74,26,3905305,200764,197,81593,3508139990788283976,561.28
1494,304,5,49,45,16956,0,5,7293512,236866,171,34034,834458746187753550,981.17
1495,200,14,77,74,61066,0,21,1279257,230822,138,41034,4616741373097234089,354.22
1496,404,66,82,36,11947,0,25,2917334,129478,75,91606,7967670071657291563,824.08
1497,304,46,7,66,28632,0,21,6768087,132775,179,3036,2866857846053887725,705.65
1498,200,89,37,75,36537,0,28,6044651,213188,194,70482,888741366254531771,139.14
1499,304,22,19,89,12013,0,5,5460086,39328,5,67413,4603461879105732346,7.23
1500,404,64,30,30,25937,0,7,842105,75143,77,3401,8616622953715350494,903.37
1501,200,74,74,28,52380,2,18,1621226,75212,71,89161,7165293648581066553,237.77
1502,200,129,98,31,7695,0,2,3890099,166142,160,56942,1664812475833248755,478.92
1503,500,10,97,59,1618,0,0,6647348,189391,98,49640,8826655779538614469,196.47
1504,304,69,9,29,60243,69,22,4845483,222629,183,2796,3341201073968237653,708.81
1505,301,97,49,51,52065,0,24,7977700,206242,173,4099,291122759085238426,460.6
1506,200,86,2,40,12198,0,16,6010939,126558,139,97333,1242995403595229291,477.27
1507,500,111,69,29,717,0,3,7709948,76667,244,47064,299898080879841314,762.13
1508,200,89,79,70,63794,108,10,1652004,67878,45,39014,2303800616722408549,791.46
1509,404,65,9,81,43409,0,26,7619753,39175,100,5516,508412636871931776,355.81
1510,200,165,47,61,61167,0,12,6134940,26776,176,6878,1659683282881757440,32.76
1511,200,165,76,28,14127,0,25,5731204,166522,221,99772,6863890393064662795,875.88
1512,500,14,53,61,37825,0,8,1328493,136911,227,10653,3899001207203982688,164.2
1513,200,75,96,26,11495,87,5,1605640,124427,68,98038,6419760065363873332,19.88
1514,200,188,31,35,3415,0,6,1536448,205292,219,5737,7841924676222247051,55.66
1515,200,138,24,27,4174,0,11,2826213,48885,49,98854,8040138071846670679,806.22
1516,200,88,38,46,53405,0,22,5331577,229541,89,15988,7746984034191639341,194.42
1517,404,8,8,26,21582,0,24,5326612,124644,12,17424,4331849334896772129,708.52
1518,200,54,18,22,31282,0,5,6770456,135236,158,35915,1153839020706157228,41.83
1519,301,50,84,25,27243,65,0,3120473,223265,89,99169,6461374668756753503,100.01
1520,200,93,63,89,32864,0,18,4971895,245172,15,74711,3742795008676954964,519.53
1521,200,12,91,73,18826,0,20,2069849,48530,18,28359,1923715199792215781,161.88
1522,200,149,9,61,10032,0,15,785880,208744,76,19210,208844379661330556,698.67
1523,500,99,29,60,60572,0,23,4900413,174333,247,72044,4371680199787134478,80.76
1524,200,132,27,57,9411,60,5,6259083,138714,12,8615,7971825141368445128,84.0
1525,200,81,57,19,36206,0,19,7992866,172586,239,50467,2205669972873394144,416.83
1526,304,77,20,71,54515,0,27,6508058,244908,99,19937,401754349420267559,141.07
1527,304,66,94,32,13783,0,27,173741,112750,191,16122,992667230655013699,939.6
1528,200,155,38,67,21712,0,20,7299445,13,127,32400,1064660479352091221,845.54
1529,200,79,83,65,16349,0,10,4879321,156473,69,91289,395721227172435003,973.5
1530,200,84,43,89,12788,0,11,2517822,59781,107,39485,2998086897516776276,263.85
1531,200,33,37,85,13173,0,9,6740832,67539,185,75373,7461892473531998418,681.0
1532,200,80,88,41,27292,0,19,3061007,149217,29,5986,4732025254959190807,704.13
1533,404,68,94,92,37860,0,9,2676143,99728,157,32517,2261852787627133978,894.18
1534,500,76,27,71,32943,0,5,110473,43549,62,87759,8031080399295995386,559.65
1535,200,158,100,63,11617,0,26,3683098,197350,139,48805,5191641452086789433,892.31
1536,200,43,76,62,42263,0,16,116235,1425,137,84531,1470112252055663291,720.17
1537,301,151,53,84,5786,0,4,5840472,52945,115,4881,3130008719171499009,694.83
1538,502,155,79,88,44423,0,1,7907651,156545,136,74828,5945690405214902462,695.97
1539,200,68,74,92,628,72,11,4793685,48148,37,735,4172199002340334545,87.35
1540,502,77,6,44,44606,94,2,7678109,95647,117,74606,2144551958090905310,419.15
1541,301,125,79,46,31664,0,8,5131229,130346,241,38349,338229660224206974,437.33
1542,200,10,22,54,15131,0,25,1132677,42852,73,70897,7450366112007180613,736.57
1543,502,106,65,17,45644,0,14,995067,18419,39,79773,175655114663479734,111.34
1544,200,128,56,26,41638,0,24,2268218,135626,90,24355,7513746079654646997,404.14
1545,200,67,16,71,26686,0,7,7786222,178411,5,90248,391483923795585333,356.63
1546,200,129,58,76,60857,0,15,4651710,11297,61,36298,166703158168895538,201.44
1547,200,85,43,44,48594,0,0,4152571,47697,232,47540,8946199734488433414,941.2
1548,200,74,54,48,57049,0,25,5859598,224825,54,83491,1032644294014335573,660.3
1549,200,66,14,32,34040,41,13,1126248,104606,102,28636,8206539625096357887,761.3
1550,200,66,11,22,8508,0,21,618720,17370,45,37009,4912332190995366667,185.34
1551,404,95,90,19,55320,8,7,2578387,109546,24,48673,1062076871202380603,60.97
1552,200,212,79,40,49051,0,17,7622119,183545,61,57626,4343064733569278745,798.94
1553,500,112,25,29,47196,2,0,7088107,28020,198,8510,4965289213942953268,531.18
1554,500,91,51,37,25004,0,20,744201,148670,238,70785,7129618621879505473,250.11
1555,200,34,42,46,36102,63,2,6555430,196884,175,24923,3665518937873088873,994.14
1556,200,22,1,65,3462,0,13,4476424,93219,175,27383,2971853870647113266,438.04
1557,301,82,95,73,18906,45,4,6183749,90473,164,68108,6122826537117547446,125.5
1558,200,40,47,79,40336,0,10,5573336,217990,22,24122,1817378782591587991,431.36
1559,200,145,97,38,55180,0,14,4415112,207838,140,13797,711285826372604222,94.23
1560,200,104,74,39,44196,6,2,6128795,139630,37,51444,3049335666630078359,349.34
1561,301,50,92,51,63223,0,5,7197796,143572,164,88375,7049565148317346805,680.05
1562,304,28,47,61,48178,0,18,4362483,231454,202,49430,5088080831383057753,179.04
1563,200,90,31,65,2786,0,20,4365348,44587,154,70439,7995746399617635354,501.51
1564,500,45,30,37,42815,0,0,229637,152399,60,2883,8900707617679377797,743.7
1565,200,85,32,73,1334,80,22,1283231,199119,135,68113,2987807777096738202,645.77
1566,200,50,18,23,35209,0,7,4216762,121310,253,51761,2338625461045658580,573.42
1567,200,130,25,29,26615,0,3,6628153,24844,97,79235,6888974071253092409,571.39
1568,200,26,94,65,55074,0,26,7822669,8219,181,91405,5351817385923951110,59.25
1569,500,23,9,44,39724,0,3,3012486,166023,187,80110,2988411060701297970,241.69
1570,301,18,52,85,57241,0,20,7596076,182931,79,84871,1864983118953751027,938.38
1571,301,11,31,75,34996,98,5,4545183,172767,178,25343,5041905658522038163,480.27
1572,500,153,97,65,26952,5,2,6784439,219454,57,23260,2122249916383105117,652.05
1573,200,85,10,40,31332,0,2,7310548,102511,115,17059,3770913857177275426,438.78
1574,502,171,30,27,14527,0,21,510143,65003,51,19265,4828051965050525033,105.14
1575,200,24,95,24,34507,0,4,5248749,132375,149,13169,4731239143239610776,576.79
1576,500,65,1,25,18920,0,9,3581036,113983,77,59471,7887661034784573446,344.1
1577,200,91,31,84,40136,0,21,3799435,157501,185,67618,3044217427091445401,915.43
1578,500,132,65,71,21982,102,13,721474,54854,214,65811,7083117840197313557,332.77
1579,200,68,61,71,5937,0,17,6872300,40363,160,80840,253723082857769878,504.63
1580,200,4,90,90,40821,0,8,7734375,149034,177,25176,4562556014305960686,72.61
1581,200,23,93,91,37850,0,17,2451249,189571,216,39604,4788105346767027290,209.97
1582,200,18,70,25,48127,0,14,6537565,218788,242,14972,5438937257665799693,330.52
1583,304,133,92,60,12030,0,5,5023835,108811,225,49671,5200494979811450260,231.89
1584,301,115,14,58,2764,0,24,48432,79247,229,41289,5546993827135539783,738.28
1585,404,165,24,27,18335,0,1,2111445,31834,232,27081,5779820092723197442,661.57
1586,200,22,63,38,26985,0,15,3637879,244088,40,66943,908276308815070096,44.45
1587,200,36,0,56,38522,0,28,5899829,233644,127,73656,2945483810204091305,600.27
1588,200,108,40,77,35936,0,25,1372726,180893,117,33283,1947116894515418759,163.21
1589,502,74,48,40,44732,0,12,4585742,112950,52,89384,4573845334925335247,75.14
1590,304,93,96,51,41156,0,9,1618505,190892,206,76923,5727481988431238314,191.09
1591,301,52,98,63,36914,0,13,1056064,214435,100,72688,2178626875452890332,612.02
1592,404,46,84,17,46903,0,9,7730143,108804,63,46228,1211084075558835919,772.94
1593,200,153,89,48,53411,90,10,1006449,86753,249,59852,2303733838298188731,970.16
1594,404,103,24,21,35178,0,2,7916707,67430,19,67245,2993311349442102539,389.41
1595,304,139,54,32,38895,0,8,7029435,211578,223,28341,3323214377359081185,978.46
1596,200,38,58,91,40572,0,1,909109,164521,217,96095,8525240548311303220,261.03
1597,200,5,43,87,28664,0,10,3272389,4199,152,39265,5333431095054353010,44.84
1598,304,178,21,61,8015,0,24,495283,114668,176,1489,5496917413826267521,728.95
1599,200,75,97,32,57042,0,8,5976928,53415,65,82117,1237785697219439849,472.82
1600,304,80,9,69,15613,0,26,3821540,115058,157,56184,3310660996654248163,684.82
1601,200,120,3,43,5033,61,27,1122877,103596,151,60441,8252269096652220825,377.03
1602,200,59,92,69,58051,0,10,3356959,111186,144,50496,6443300921898404777,759.63
1603,500,213,3,33,61802,0,22,1681737,122266,171,56376,4687900265610072533,769.41
1604,304,101,5,81,14594,0,8,7401628,61880,58,83513,3801737294463553549,263.14
1605,200,84,6,84,32057,0,19,3038847,180044,59,12020,8914816644554039761,988.93
1606,200,44,58,87,19476,0,7,2652116,94184,60,4904,5758744496368049772,650.42
1607,200,11,9,53,21762,0,11,4404725,151438,9,84753,5429387484524501736,175.26
1608,301,95,75,59,13402,107,10,2511522,147309,27,73369,3334355786546110524,299.33
1609,502,109,22,79,29760,0,24,7938966,180512,82,99926,4696316297849469706,110.41
1610,500,82,66,83,14325,0,9,5578593,164565,86,51900,1263904750739430541,480.98
1611,200,156,33,15,14692,0,16,6629487,179683,131,3779,6698320906529586431,403.94
1612,500,122,36,88,25589,0,13,5036815,86154,45,17660,5777991631587810665,661.14
1613,502,76,90,66,28043,0,11,7011992,137372,21,32522,5673008696399161579,609.56
1614,404,2,87,52,4776,0,28,1658638,207957,101,72616,3471614428727052828,511.5
1615,200,37,96,69,13941,0,26,5491560,233815,15,58068,1155827684213179228,966.46
1616,304,31,9,65,1664,0,7,4410100,128862,31,15546,8255638767337538560,276.27
1617,500,68,74,30,63954,0,27,7265857,141397,41,23419,251437392797526511,469.32
1618,301,19,35,68,13933,0,28,4405850,88134,227,1488,3852416095343342902,22.54
1619,200,79,49,63,18247,0,10,1894501,230252,232,82737,2193418902461394830,144.49
1620,200,117,22,17,29424,0,9,2935583,92859,124,73805,8247568343579458126,787.53
1621,301,130,77,86,30540,0,16,2280466,95958,124,52876,5310871673300817523,473.2
1622,200,108,26,47,39773,0,14,5992650,73990,143,9267,7226515515979618909,567.09
1623,404,87,6,68,44407,59,28,445519,15055,22,30273,3250796958941523760,458.82
1624,200,189,19,26,54961,0,24,2616117,32462,242,28537,7925973544829202402,618.11
1625,404,97,51,69,32550,0,10,3060221,239471,41,86823,2251542874512568042,829.47
1626,200,153,81,74,6418,0,5,3539841,232277,12,22181,6407290413752886570,456.36
1627,304,65,69,48,31853,0,7,3932074,236144,8,77682,5012300397248748572,773.9
1628,304,33,12,71,39393,0,9,465462,244537,210,87831,5568101137949567522,927.17
1629,500,50,49,70,16214,0,27,6227527,123127,117,51321,6610569087787019781,357.29
1630,500,133,80,15,18898,3,13,7412560,211786,167,19266,8580841298734411307,765.37
1631,502,166,19,36,37355,0,17,3684406,39848,171,38512,6525309022297793158,110.9
1632,500,33,28,77,50018,0,25,2591339,130126,91,95920,2385354223457271209,690.3
1633,404,84,22,25,38200,0,18,3110001,25219,250,67927,4472389164754340642,213.21
1634,200,97,95,25,48456,0,22,272249,237925,2,71210,2019967441244390406,676.51
1635,304,9,24,49,16356,106,6,6700750,116604,46,19500,195430896811168186,512.23
1636,502,62,86,77,13068,0,28,7466312,172948,154,43981,1624391671506798047,392.86
1637,404,76,5,20,14391,0,13,7051845,143440,154,44421,3573566637463977490,558.84
1638,200,16,98,60,56861,0,23,1293022,11266,255,86545,8547551226832969924,725.57
1639,200,48,95,39,40440,0,20,7295109,123909,191,65737,5451344162757337601,698.26
1640,200,45,57,73,12893,0,16,6605210,190910,155,22502,1422423171285869270,722.83
1641,304,140,94,49,48972,0,25,442079,123841,112,49126,3421641079577320645,184.37
1642,200,108,15,61,48436,0,24,3422039,22993,103,61352,4825902667137706642,546.11
1643,200,159,69,88,12209,0,19,3875938,175250,175,44146,8369728444774339650,141.96
1644,200,55,72,53,21690,51,4,4822186,172491,75,17205,3511944876356632007,502.68
1645,200,140,98,79,63242,0,6,2991587,236270,242,43883,384529043186899962,183.71
1646,200,143,85,47,40405,0,11,1711554,153387,105,20142,1420444522575424323,860.97
1647,200,9,47,81,31806,0,23,5467683,167406,12,77347,4433450213245167011,797.65
1648,200,148,95,45,25175,109,10,1426688,51132,5,68627,6160463419246270720,171.89
1649,200,145,50,62,31112,0,8,3101956,55336,139,13224,6759543063484652473,373.8
1650,200,48,50,79,23714,0,27,7356815,78740,232,96075,8527446685008795053,864.29
1651,200,160,85,21,13114,0,26,6736042,68575,72,35801,7561787409550709581,171.51
1652,200,112,72,74,52306,0,23,2165850,6880,226,74421,5542985755269350763,712.57
1653,200,152,74,74,33101,0,25,4631159,61735,254,83125,6914651059749112130,805.97
1654,404,155,85,37,40814,0,12,1809545,146491,230,53108,2347281574751900586,536.96
1655,200,94,11,47,18240,0,24,3859410,188550,57,40046,5840736507544504919,908.14
1656,200,155,95,25,324,70,19,4716462,207344,212,95956,4620382152067631117,775.8
1657,200,16,74,17,851,0,27,1068343,206843,70,7170,2415829934578050718,330.24
1658,500,40,47,82,48598,0,1,6900218,118943,9,47879,1931500872732054145,103.61
1659,304,14,5,85,13256,0,12,4030130,55818,208,77937,4209257069674025033,781.56
1660,500,174,12,35,34435,0,24,1711977,2269,90,31250,284949500200089990,500.86
1661,304,75,6,78,15595,0,19,1515631,175519,182,81700,5608342860576777817,648.75
1662,304,51,81,70,23639,0,24,1285065,10752,98,9155,2149547386860102913,464.07
1663,200,126,68,43,60659,0,16,5614550,168016,172,44337,3221746061280939239,172.2
1664,301,32,63,50,51578,0,20,2667837,103739,129,35347,5291923290251936336,833.06
1665,200,118,100,80,207,50,5,492677,38981,204,17006,7696013168634180951,46.76
1666,304,47,20,49,5765,0,23,6288660,207868,86,68236,6662641831852889884,635.04
1667,404,100,3,21,43322,0,0,4131094,178482,117,88746,5788829271619224059,461.8
1668,404,34,70,37,63234,0,28,877582,79455,241,47759,4560949162362230459,273.14
1669,404,5,0,64,45861,0,9,4430249,24316,104,374,2722773075361960410,185.81
1670,404,113,37,67,33655,86,6,1160161,247488,81,55044,1583168500457698243,970.37
1671,404,72,31,16,24221,0,19,7014997,111635,41,45579,8247064517470211061,594.4
1672,200,50,76,26,31945,0,1,6025924,226583,205,71329,6498151835136496095,84.07
1673,200,69,32,41,19013,0,22,7363965,95182,205,97158,4577755744836342537,117.24
1674,200,93,14,90,2159,0,16,1070373,57949,18,80728,4511168691852412353,66.3
1675,500,178,64,37,11695,0,16,3894752,203423,184,23250,4229199633075230660,422.37
1676,404,46,14,63,50845,0,17,6822431,231437,31,90802,5626990975623905584,629.71
1677,200,78,31,44,59246,0,7,1363818,159006,123,36241,6832746412339566107,962.44
1678,200,162,51,41,39888,0,7,4331227,44900,72,91041,3185133659804858112,839.56
1679,200,30,60,55,598,65,3,2979547,192226,219,17524,1229370221333391161,84.92
1680,200,107,2,42,17717,0,7,7622442,7039,158,31111,6739431629778023042,800.75
1681,301,58,69,34,29323,0,5,6652874,63825,150,20137,2253702274086861605,216.51
1682,200,174,33,29,53278,0,2,3664737,15897,67,65922,5135143309578491870,653.46
1683,200,131,34,36,38531,0,21,4616575,112944,202,15297,4491984697812149841,974.38
1684,500,141,20,15,26514,0,4,7108880,7757,153,46573,8026475786162463739,85.23
1685,200,176,72,79,18070,0,17,3021925,3272,165,66618,3250802381110597597,931.84
1686,200,150,42,54,33085,0,5,4776659,118989,139,56704,2897493428686071170,486.3
1687,200,102,92,39,27817,0,10,3107829,146245,149,41973,5861227079362735167,512.57
1688,500,21,93,38,11723,0,28,1420836,43248,203,89453,5055212352817071858,490.51
1689,200,136,21,52,52230,0,2,7390034,167593,217,59747,3691557689727136094,137.78
1690,502,45,20,35,15583,32,15,233599,29699,22,57975,1526357009160493826,996.2
1691,301,15,39,17,47069,0,25,5694845,174892,105,61204,628870147729181413,61.96
1692,502,140,44,44,18126,56,28,4647796,202184,251,1814,4534819014636959875,707.55
1693,200,130,51,47,54207,0,5,7252260,239290,127,23684,5639894519820737436,5.3
1694,301,217,72,48,54460,22,13,5466671,237382,209,10314,7672225244413706076,655.74
1695,200,50,4,91,25926,50,19,527695,8931,41,8602,3860653124076016071,303.99
1696,404,39,84,88,304,0,10,2975159,69340,186,52793,3531278835464839477,765.63
1697,500,86,81,82,41624,0,10,3957329,119638,56,63653,6761523890880441257,592.3
1698,502,41,79,51,3707,52,19,1801684,235355,36,61654,2686088525169044042,922.71
1699,500,145,27,23,50665,0,17,7516240,89823,57,61765,8946489204552504025,401.98
1700,200,92,82,61,26709,0,14,2936153,15412,138,95836,7093162075249765410,898.04
1701,200,162,8,87,44940,0,17,5966975,63756,131,96953,8181252722857813504,822.64
1702,200,3,38,57,12324,0,28,1758112,152248,67,53861,6458201386521359369,864.11
1703,304,94,48,53,9742,0,26,2557427,18693,163,40046,420766932290306392,798.51
1704,301,94,37,71,27832,0,16,4593275,219325,224,46524,2652764576081261515,45.49
1705,502,175,80,86,22514,0,17,3533454,169547,213,8493,410198367141488890,973.0
1706,500,128,62,19,51763,0,2,1867804,59248,32,24585,5774916761640604117,803.49
1707,500,177,10,47,7973,0,21,5058420,240937,254,36355,8000389790632012960,711.75
1708,301,34,92,17,40293,0,23,1214400,6176,184,81513,4720970240755353431,551.67
1709,502,80,70,91,42101,0,17,4723967,217347,132,61545,8017525833081403995,241.54
1710,200,62,69,20,254,0,0,4746049,77764,62,49189,5921128415708043263,81.9
1711,304,126,49,52,35650,0,1,7294599,126070,104,56779,4821196567963837085,933.74
1712,500,14,67,92,24925,0,4,446384,249128,181,42222,4351980872424043833,465.36
1713,304,161,66,46,46692,87,16,59177,53404,220,44188,7026481802466568013,186.37
1714,200,67,55,30,17538,0,28,40065,16070,87,27567,6088927545115763911,35.75
1715,304,162,97,34,21733,0,22,4376336,186752,94,41475,1434539958774853236,631.17
1716,500,150,0,76,44229,69,4,3248066,2243,33,9964,8693243614537568274,976.3
1717,200,68,90,89,10622,0,28,1595938,186988,15,72871,3267713916027054824,26.76
1718,200,74,53,40,25407,0,8,6453329,86633,108,39860,2280379726994001680,53.79
1719,200,19,9,89,15974,0,16,5411424,98041,154,22134,1586620116363163930,128.04
1720,200,142,83,67,26514,33,25,7987227,78384,71,2023,5615283411782259936,144.43
1721,502,101,68,34,1784,0,10,6795379,142072,200,76542,8500874234375475680,827.11
1722,301,50,64,70,46681,0,0,7669375,201272,85,76208,6922624823323983077,603.33
1723,200,61,2,34,48303,0,10,4087597,54820,40,62250,8988998464301154161,143.87
1724,200,1,91,84,62783,102,11,7155873,37353,253,42179,6650177140226005898,91.98
1725,200,132,8,27,59927,0,20,6473125,240048,69,32862,1029597624608274977,232.56
1726,500,202,85,60,13538,0,5,3702637,116208,222,28063,8246223483707043195,627.27
1727,200,87,84,28,10777,82,11,331903,72835,161,91676,6103927970423929245,412.21
1728,200,64,83,19,35387,0,6,7736680,9620,0,16617,1789019167775105675,217.09
1729,500,144,30,83,41906,32,14,2334441,135669,205,76845,497548117485063617,674.45
1730,200,75,58,74,24128,0,13,440257,240444,100,11456,3197107453802888941,983.9
1731,301,19,14,82,1254,0,7,4369292,242898,60,68090,1579548827720368562,412.03
1732,301,41,54,89,60323,0,12,3496158,33663,191,88827,2875816072345633956,66.0
1733,404,145,22,77,27084,46,3,5021430,9213,199,2977,8749551146016776913,368.97
1734,200,87,92,15,35051,0,19,443994,7606,15,80632,311136205438023659,281.74
1735,200,101,91,89,16005,0,9,1126067,119952,18,12675,6115515195554324479,347.84
1736,304,137,35,61,18861,0,25,6301594,174502,105,2426,6130310821359141690,294.48
1737,200,94,16,24,23557,0,1,3427021,49384,220,90194,3148005560347956008,997.23
1738,301,56,76,18,61600,0,20,674481,63764,163,23802,6285030999914375146,298.29
1739,500,68,97,41,59283,99,4,757242,43616,63,69648,5820121412467096196,970.76
1740,200,31,89,85,52775,0,14,4512088,56632,252,26095,3679611497920934243,639.72
1741,200,151,89,27,63165,0,20,6472197,176900,235,84526,4657226652706606419,138.17
1742,200,161,72,16,11607,0,1,4561674,78813,196,56729,6544222914850721923,349.41
1743,200,63,8,92,14510,0,5,5416652,165262,158,89923,4303342990486392648,338.01
1744,200,229,6,74,49430,0,16,1556155,82774,190,75944,8685521655858015220,105.81
1745,502,87,67,62,26308,0,12,4554220,175809,14,17158,7503093100824585335,514.82
1746,502,29,0,78,28708,0,15,3027375,13784,134,95224,5447547159971581242,323.73
1747,200,100,65,89,23296,0,21,1246463,102631,13,71571,7983359220585725633,147.47
1748,200,136,7,55,15192,0,17,590369,244839,226,50734,6701909647924063874,881.45
1749,200,113,24,52,31637,0,7,2433365,179866,244,2749,4704091262501555147,432.34
1750,301,114,100,22,40719,0,17,1824166,58417,105,44259,5169834455645857992,847.91
1751,200,39,28,38,46700,0,5,5355501,70552,124,78094,973981385619994380,631.22
1752,200,91,43,15,59122,0,23,2914133,171621,90,80014,1350717399453728779,768.96
1753,200,30,20,77,25582,0,28,465838,227024,169,94213,3920354100695221844,881.66
1754,304,21,35,75,8084,0,23,4852516,34774,203,27199,5187110438607362370,516.8
1755,301,66,9,74,33026,0,16,2646728,193069,159,40124,1210770658683968224,732.65
1756,200,27,44,21,41171,0,0,5235853,202092,205,70213,4562491136191909621,782.06
1757,200,237,54,41,58701,0,23,2831593,215258,110,90041,5974757199312182237,803.01
1758,304,26,19,91,7464,0,20,5695599,241102,99,96019,6564762859935207427,545.9
1759,304,104,21,67,32484,0,5,3990858,219618,93,85805,7381105128127381714,294.32
1760,502,53,75,78,42532,0,16,7288585,92289,75,72592,3072987575871268071,770.68
1761,200,134,82,69,3310,0,9,2978228,51038,127,94939,3314117877895039354,866.35
1762,301,4,81,77,6063,11,4,2699673,81896,132,77363,6868524991944949499,273.4
1763,200,49,2,70,21274,0,24,3375441,863,223,89524,5755386190643012898,185.3
1764,500,181,71,40,20935,21,4,6139903,246379,247,44490,2910480206911142566,284.93
1765,404,14,40,63,49136,0,25,4247137,55492,78,5024,2598152894017649640,109.11
1766,500,14,59,85,24507,0,24,41159,83718,57,38170,6933932862110591145,406.27
1767,200,35,10,49,8067,0,16,377402,9818,62,25138,3474933796044573594,364.87
1768,502,8,27,49,28388,119,12,3070261,34694,44,51124,269667469577494081,688.65
1769,502,92,58,67,19098,0,10,5973083,72094,135,8250,6512486058501081540,367.22
1770,200,17,66,51,59193,0,19,6626992,15853,71,99147,2886803339756695843,477.87
1771,304,48,54,80,9873,0,21,2082516,95905,184,10478,5071239085470785081,939.55
1772,404,175,79,44,59201,0,7,1702687,117435,163,91889,6976218608217431576,719.69
1773,200,79,47,42,56256,0,15,4484054,53728,161,61147,6438599085125018891,381.93
1774,200,87,22,64,56493,96,19,2468433,199559,222,91500,6054245331716543757,110.01
1775,200,77,21,46,49475,0,25,6401835,193836,9,59686,5415813477983894586,881.94
1776,200,3,83,52,48154,0,5,3101537,15504,14,31684,3898478421769892510,656.39
1777,200,132,3,34,27142,53,7,7192177,56877,240,28342,863922635728192553,756.88
1778,200,33,23,68,41212,0,15,1962572,145632,17,17889,6493474726526341673,195.13
1779,502,27,83,60,29788,0,4,4055800,82327,148,92750,893655937109498656,666.27
1780,200,142,67,18,34300,0,14,6945029,119163,224,6802,2747251398998805273,156.08
1781,304,77,41,57,59294,0,24,3375855,223824,175,68807,2220890721973363027,765.74
1782,304,173,34,32,12589,0,24,4199576,144121,234,59795,5775274152231003299,594.05
1783,404,24,50,85,6522,0,4,2352326,194510,26,1208,3929565195900375791,625.75
1784,200,120,26,67,18919,0,12,486944,220341,228,45200,7929759038002492225,405.21
1785,301,76,25,57,1801,0,15,2241966,99859,208,63442,8203703026530875841,247.79
1786,304,69,83,49,23397,0,12,919018,7758,85,48089,8712759267137499941,551.55
1787,500,105,20,80,2746,55,10,363888,107085,202,26537,7783637164127478334,177.75
1788,200,234,5,72,23359,55,1,220642,239264,211,86492,3058209733306707500,491.08
1789,502,21,52,21,51783,0,24,5159450,713,69,33826,4555868086623956917,692.41
1790,404,119,78,61,26746,0,19,4963785,190841,8,10591,4125859987918062514,69.35
1791,200,188,47,84,16588,0,28,4889452,130809,40,99697,6341303213635330975,670.09
1792,304,23,38,61,42021,0,0,2027015,232482,66,74227,2181136758277073750,955.81
1793,304,128,78,82,28571,21,8,1111482,56499,118,92017,8952763632107803753,255.7
1794,200,38,27,71,21016,0,28,3466697,187069,196,32638,6062449000281032939,201.29
1795,200,23,77,70,58911,0,19,6949312,184680,110,78308,742312892359184474,258.73
1796,304,46,5,33,62124,0,8,1584157,217537,140,10862,669792753723370137,642.77
1797,200,25,15,27,2625,0,7,3862761,132300,16,16255,8751628326416315195,895.27
1798,502,136,75,88,2099,0,10,959859,111807,54,87736,2898827088319998557,684.02
1799,200,20,97,72,2326,0,10,3855873,228285,159,68300,7390884900121744554,761.98
1800,301,187,74,26,30799,0,27,3333595,24943,102,19436,2958953655213998623,991.36
1801,404,84,36,20,26281,0,0,7622904,98027,45,91440,6690948416426905389,353.29
1802,404,66,82,70,59308,0,19,4096593,63340,254,62492,2478887249269110245,683.71
1803,404,49,85,78,47198,0,10,5387221,86370,39,79632,7402166701104448180,748.71
1804,200,53,13,37,50306,0,24,4359547,80642,143,99270,1833958285218931594,376.52
1805,200,61,80,72,11638,104,10,4384594,173860,103,32224,5253894091720233475,129.58
1806,301,104,92,32,59817,0,15,513709,190905,182,28693,4644550680635466740,913.63
1807,301,46,7,65,55770,51,27,1131618,14044,111,44337,1251757868395364619,977.9
1808,301,65,66,64,4217,0,2,4898139,148144,70,76440,6075823967059626122,661.24
1809,200,118,26,65,22779,0,21,6786884,30895,177,32409,5399464998215745643,591.52
1810,404,58,60,75,50467,0,18,3613904,50304,91,13113,1147679232718311447,94.01
1811,200,9,51,79,24761,0,11,6509892,27534,54,99099,5997221983755918859,293.55
1812,502,124,14,36,51794,0,17,7694429,233,149,67364,1554600524856191917,646.88
1813,502,135,66,19,49739,0,5,944658,199710,219,21359,6081298818926971647,156.91
1814,200,84,16,92,57706,0,3,119210,44728,146,56390,1755470343816396902,210.83
1815,200,117,89,64,4760,0,7,1235998,69567,66,71244,5603528784657401722,682.65
1816,500,106,82,68,53364,0,7,3470931,16050,73,50175,5346902914555527907,580.72
1817,200,79,94,90,12335,0,6,4530808,187400,9,17696,4655293980980372837,907.25
1818,200,170,63,90,54935,53,17,1965976,207859,152,59061,3552170556644449614,292.68
1819,200,53,74,70,21185,0,21,7407416,97698,89,34635,6798031132778275207,774.98
1820,304,53,62,25,5071,0,0,4779708,8429,225,25911,782064791942808965,153.97
1821,200,160,48,43,37067,0,23,797190,198144,97,80512,5348050515674634707,49.56
1822,200,68,19,45,61217,0,10,7766538,117413,174,76717,1645118814904529853,284.86
1823,200,51,18,35,30354,0,27,348939,232648,26,70996,7126241208692195720,88.23
1824,200,84,98,26,41509,48,23,6815783,168475,64,83686,134134089265798321,667.24
1825,500,95,62,84,20838,0,16,5652233,197522,224,61566,519109779281840645,325.87
1826,304,10,51,48,4752,0,23,1057035,249758,67,70813,10076775162306149,822.94
1827,500,93,3,77,9172,0,1,3250771,61981,62,71122,3931138093541057335,23.54
1828,200,41,10,39,19724,0,17,3674918,54259,167,31744,8753671336748545068,147.36
1829,200,115,14,65,28897,0,2,7167989,190439,12,97523,2900557346898202420,47.07
1830,200,116,97,35,55299,0,1,1221465,59873,162,13465,3976009855554762139,889.58
1831,200,106,31,74,1231,0,24,1104992,13983,225,64297,2712756934757679306,824.96
1832,200,87,52,26,27098,0,1,1538748,52720,149,11889,7529568828789428262,544.91
1833,200,88,57,65,1001,0,8,4384256,168350,142,92329,8188601840091713427,427.43
1834,304,191,17,63,3029,0,8,910832,185192,1,71585,8053372891797264996,83.71
1835,304,228,3,27,23666,0,23,7488234,18735,164,52101,2508552544390999205,194.55
1836,304,150,1,23,59335,0,11,6102548,122995,211,44103,4145999496561730723,176.96
1837,200,166,57,25,11350,47,26,5914457,235695,174,88377,2460496273942216680,695.41
1838,200,19,32,61,47486,0,12,7137971,221272,226,94109,64197013871008138,367.61
1839,301,148,17,26,33830,0,22,7448299,228023,46,39787,5565899559567579202,143.81
1840,200,8,30,41,49976,0,5,6616255,166649,205,63590,7660989217463994930,98.9
1841,502,80,61,63,28546,0,17,4654561,84456,2,80102,3951323857021997055,187.47
1842,304,97,11,34,38867,95,13,5065405,227829,30,53600,6538372380937508832,567.19
1843,304,127,27,60,33898,0,26,7986646,48348,69,91786,8720105028833381111,907.68
1844,200,6,88,89,44565,0,16,7845904,59416,51,35427,6550896889086770531,821.73
1845,200,112,11,58,30408,0,9,6401417,52695,217,26476,1794409010923785403,184.07
1846,200,40,52,26,1260,0,10,7120099,37474,238,21122,5847220998322383652,718.38
1847,200,32,14,30,35915,0,27,4989303,175608,9,71260,7186546180245787800,946.01
1848,502,113,61,33,30485,0,9,5146002,210702,209,98871,1435981153481739092,50.09
1849,200,141,24,78,27469,0,1,350172,193419,71,13339,779785298515402416,319.06
1850,200,4,70,77,54620,0,0,6071913,117201,179,78800,4705902064890199391,277.68
1851,200,132,46,22,2878,0,24,6581320,187645,120,90277,647075604858802202,605.63
1852,304,28,15,16,27900,0,23,7996804,85891,40,89751,4292836332550735190,264.01
1853,304,68,87,22,46914,0,11,4184800,24140,161,44860,7895538047703830555,317.35
1854,404,57,29,18,12984,0,21,1393785,134496,100,25154,6375061228223409206,740.65
1855,200,133,6,73,24144,0,3,2140953,17066,27,65156,3315127964777251889,511.44
1856,200,143,38,73,38836,0,1,4793765,199292,129,48589,2351084780465442836,283.4
1857,301,52,22,57,20348,0,27,2791972,240624,85,64370,7790727741065099344,689.12
1858,200,134,39,60,48837,0,26,5830217,84500,152,20531,1800335034217619207,354.0
1859,200,130,71,92,43593,0,2,291323,72011,131,37079,7788713734864835647,151.82
1860,502,132,47,15,44224,0,14,6676731,122680,138,2425,4774025133475506854,716.02
1861,200,44,46,19,47990,0,22,2010354,151637,18,89835,6907133142420333201,30.14
1862,404,14,96,60,11085,69,24,4596662,50117,38,6190,8693914838736581608,823.79
1863,502,54,46,33,39911,0,24,2455194,173823,129,27252,6141765159311041418,462.51
1864,301,74,31,25,29783,0,24,1065496,145367,105,23971,426104671432648329,709.48
1865,200,156,5,62,55219,0,28,7922464,35321,113,23874,653191293979323557,116.5
1866,200,80,5,65,49575,80,9,5492829,119267,198,77898,7558713002510148709,772.98
1867,200,134,47,29,44509,0,16,5813719,106540,210,80936,731981982043796740,969.6
1868,200,132,42,41,32560,0,20,4961031,68120,6,85432,7878681505331771440,133.2
1869,200,126,1,70,37120,0,12,4721481,232850,43,33696,7074796137536741923,848.7
1870,404,133,51,24,41228,0,23,2952724,211966,57,76891,8663087442499000576,890.21
1871,200,39,51,49,9110,50,17,4062599,248816,187,66431,6928422819714814428,382.51
1872,500,120,72,67,54822,0,7,1021524,182737,65,44447,691860087195759659,601.24
1873,404,84,66,41,62113,0,12,5422192,48596,61,41463,6018062729401769633,384.74
1874,404,86,47,27,59928,0,23,5319774,179271,18,89314,7834096093920609848,896.52
1875,200,12,80,62,35895,0,7,6931027,126321,29,27661,2345091276837996446,72.03
1876,200,116,0,68,11258,74,27,6059219,169104,198,56346,6056685201529503044,179.04
1877,200,65,76,69,35813,0,6,3927742,95817,236,47128,842243668790758897,995.46
1878,502,122,33,35,45948,0,25,5053470,1386,197,15271,930432959463089748,305.86
1879,404,27,36,77,12791,0,10,6887142,81206,76,20132,5602171237049748510,214.71
1880,500,1,42,65,48833,0,27,1866977,114779,174,82822,8526713468030509389,802.74
1881,200,37,4,71,53851,0,4,6779718,82990,28,92468,4523034346849053785,882.61
1882,502,20,24,22,22376,0,7,2128282,180529,6,93594,3935994880430012259,350.69
1883,200,52,58,63,46380,0,12,1016288,49013,158,24616,4807677688341866043,570.34
1884,200,43,27,24,2596,0,25,3442905,132988,250,87573,1562496489896640884,10.03
1885,200,50,31,26,2220,0,22,3202287,39962,23,60852,6740820595769358099,279.67
1886,500,36,26,42,15814,77,12,346771,234540,217,17679,361894195896663303,13.53
1887,200,78,87,50,42889,0,20,3262734,12672,68,75141,3511658237224027413,864.58
1888,502,94,48,46,62876,0,10,3455529,55387,141,15689,642239587816816115,312.8
1889,200,59,68,90,14461,0,28,7790017,205537,139,90161,3768990035917565063,335.94
1890,502,55,24,40,7303,0,18,7199922,156738,203,77770,7754107382516816946,24.17
1891,304,43,25,44,52507,0,17,5711459,55355,151,42601,5087621849679566075,214.76
1892,500,38,21,33,386,113,11,3086300,35243,100,42017,3793468852034047057,659.71
1893,404,186,21,73,36244,0,6,3262524,238108,215,12483,4311590343974680838,870.98
1894,500,32,71,39,9392,0,6,489992,217355,124,73055,8075974616969355446,336.58
1895,304,87,21,55,20002,0,21,576424,195766,90,41017,291408357849063406,248.25
1896,304,128,73,53,39109,22,0,6114050,109386,15,37929,5593088901231266160,401.59
1897,200,101,76,67,20637,0,4,769745,156195,215,15835,5215429128919178803,282.02
1898,404,120,65,46,63147,0,14,6445381,136491,45,27553,279069877909972591,631.84
1899,200,76,94,31,34117,0,5,1301241,141367,80,8570,7969998778882434390,419.88
1900,500,66,68,22,24983,0,10,3837997,112002,189,17896,3703169948488272493,383.46
1901,304,93,28,45,60199,0,0,4090792,214133,77,57005,1097146827433510963,674.15
1902,200,15,53,20,11619,0,18,5521957,201384,103,44450,4648235715685013984,886.75
1903,200,60,68,50,36017,0,25,4150427,200717,198,96726,125999541556142274,584.4
1904,200,71,32,69,52811,0,18,5709119,68734,29,30609,2994925373802214800,55.79
1905,304,30,1,52,41438,0,25,6491522,3092,147,28423,105618554613000266,258.31
1906,301,22,95,21,28407,0,1,6137215,147080,54,47902,1784041311361032470,583.08
1907,500,137,54,77,49789,0,4,9236,60248,170,51662,4139937908691445020,5.09
1908,200,181,83,61,59214,0,6,6224850,73634,195,45619,6498493590705111601,626.85
1909,200,84,88,65,61113,0,7,1939996,48449,68,97041,6753822953558758746,544.49
1910,304,3,3,76,62899,0,16,7371577,97794,94,41112,8381034638035361459,925.6
1911,301,50,25,21,48402,0,3,1341261,77187,64,31285,5275221405476663716,154.16
1912,200,211,84,19,46753,0,3,2041422,137531,227,2611,7453178228114941576,515.53
1913,502,19,96,34,24217,0,18,4802060,89274,246,40376,5139418284004898062,439.4
1914,301,179,35,25,18753,0,23,3568213,129627,195,77927,5098883916284099778,371.94
1915,200,98,11,80,48910,0,5,644958,101888,110,81410,7114131119872140786,803.19
1916,200,165,95,83,40058,0,23,4261394,76459,12,58214,6698161745368704635,13.99
1917,404,45,36,83,57712,0,18,4521727,43386,200,36124,1584910512877854956,149.02
1918,304,45,73,84,38303,26,26,1413183,67242,82,89716,6140060007058369272,759.11
1919,200,157,16,54,14420,0,5,3279311,16427,179,77440,355176083423938901,620.11
1920,301,77,86,56,32521,0,0,1186603,186977,196,11947,1650963714194506489,71.69
1921,200,90,7,40,47999,0,18,4025830,245157,200,31807,7932082635812364665,875.76
1922,500,84,44,52,58883,0,6,3191667,93223,235,81158,5688726493912397463,686.93
1923,200,90,55,75,16352,0,1,7950404,42145,170,39567,1036887131000099429,546.1
1924,502,161,95,16,52381,0,15,229134,173469,155,81854,1279077349503044121,880.4
1925,502,74,54,71,15107,0,18,2249387,43678,133,35443,8073465227883974865,461.0
1926,301,86,80,88,6123,38,21,4948618,128786,120,77490,8801029385144618245,239.64
1927,200,117,76,26,36551,53,9,6797527,190165,85,30307,8193748343355385575,982.17
1928,200,46,52,56,40849,0,13,4150542,225165,225,31652,4249226710442073184,727.37
1929,502,49,36,20,10391,0,28,2026077,102864,161,95113,2824331222157139538,592.91
1930,200,165,38,79,59039,104,27,1355899,142910,112,71315,921378863616117120,329.74
1931,301,27,59,86,7028,0,9,2169934,17871,149,77360,3487215012062176824,414.38
1932,502,134,23,76,7345,0,25,147449,166248,25,91374,2943361973795209577,86.41
1933,304,99,48,82,62537,0,7,3788132,232176,122,66178,1593237141240104810,307.18
1934,304,136,40,59,19140,0,13,3968668,1545,226,62218,8636977043322088153,96.77
1935,200,127,47,15,17415,0,28,3040412,33966,216,18154,8772341915623247138,402.64
1936,502,95,20,27,63142,0,5,2973844,21567,105,61700,6482106888740952813,786.55
1937,200,126,59,85,27921,0,12,2224027,103456,236,74219,6336742963860369909,224.01
1938,200,122,56,80,34148,0,10,7497044,201262,112,30414,3116865610352011451,596.39
1939,200,69,90,16,11316,0,9,2305082,23247,9,88166,5941642784279350165,361.21
1940,301,89,76,31,41569,0,13,2461124,73086,123,84086,7295761526315039027,311.56
1941,200,13,86,71,46268,0,8,1491081,98478,19,68824,4607019221287902482,716.62
1942,301,72,26,92,36684,0,2,4082543,175475,183,90362,5478400489784525154,815.17
1943,301,59,88,38,11211,0,5,6201285,31372,0,21520,500306375211328866,114.95
1944,301,152,72,60,62354,0,28,4673597,143291,118,6934,8174137455780457499,168.8
1945,200,125,86,38,37235,0,11,7421598,119098,83,55740,3206495797634028973,780.69
1946,304,42,28,44,19275,0,7,6079402,67071,104,62712,1371728976907171817,286.42
1947,502,53,48,37,13176,89,16,7306399,80914,98,8334,1892805955209932982,723.59
1948,200,81,63,47,3114,0,0,5355566,150864,245,37911,7034552800984600096,902.78
1949,500,223,8,48,22352,0,10,5758916,22016,225,6588,2342978117311731973,154.14
1950,200,130,4,34,57342,0,2,5933381,91083,28,44096,8090950208714904469,958.37
1951,500,79,33,28,43698,0,4,865454,143461,236,42606,5370776446869148675,640.58
1952,301,62,97,72,44614,0,4,7363788,56168,7,72834,2942691212435968394,398.28
1953,502,155,0,39,25116,113,17,1725650,192778,104,10135,4029291204217860415,235.95
1954,200,199,23,24,27783,0,2,1545605,102551,234,53368,6741761362962514874,364.17
1955,500,125,91,85,15868,0,0,1252072,136393,45,99810,4839926101099510276,643.8
1956,200,64,25,55,47017,0,17,7795673,222985,100,96171,1032508668909269566,298.83
1957,500,58,87,49,5382,0,13,5083530,38760,243,80127,8362846224289215769,183.11
1958,200,108,95,74,19296,0,19,42558,132162,190,43838,8558120992783047559,827.96
1959,500,84,82,32,62060,0,7,2161527,170742,43,10833,4110066691682855799,609.03
1960,502,143,36,63,8795,0,9,2926095,183386,182,83319,5971221770958011282,236.78
1961,200,38,51,33,34721,0,9,6529138,147975,254,66623,1747799482955865967,911.25
1962,200,129,76,63,55550,0,0,2940595,136958,227,14473,742760994396910881,520.33
1963,304,118,21,37,26490,0,18,5129197,184551,134,94207,7513354374755339367,373.88
1964,304,124,89,85,22929,0,21,3096606,186078,38,81857,6447167677594012684,386.86
1965,404,102,75,85,44066,62,1,489506,16885,43,59784,7878273934854780328,843.82
1966,200,88,13,34,22450,0,17,4145168,122894,160,94654,7436830622161920516,44.12
1967,200,42,39,25,32208,65,25,3802338,114827,223,19089,7526343965545098862,340.07
1968,304,1,14,59,49850,0,6,639142,50543,85,14942,5483227901268244129,549.48
1969,200,103,26,73,58907,0,21,5551129,213659,79,61452,1722711599315123812,944.31
1970,200,134,29,79,32669,0,26,5453855,91958,94,74683,4946294383654005036,607.1
1971,200,182,86,48,18530,0,23,6420619,217015,243,6537,2272704459387826505,130.37
1972,200,142,3,65,50197,0,6,2187893,208888,216,25508,4179238822634308116,743.98
1973,200,48,11,53,35734,0,25,7741337,146213,157,9388,7919537854441963973,286.19
1974,200,123,97,70,50737,0,10,3595023,199634,66,99404,6804482059998193948,423.42
1975,200,4,24,91,2263,0,19,148673,40058,3,7578,6001202787859917427,752.9
1976,502,162,30,20,17083,119,27,3709190,196728,193,90144,4952424748870475788,235.73
1977,500,197,56,32,3569,0,28,3295592,119912,83,59136,4323099807897133006,56.08
1978,404,115,95,67,7759,0,11,1343661,78729,197,30193,3970321060233138436,855.37
1979,301,89,24,80,23460,0,27,6795700,112950,94,5793,2170506670565845531,886.64
1980,304,145,2,72,653,0,2,4456445,129771,143,66907,4833192131368431620,802.17
1981,200,114,4,18,20279,12,6,7645281,119099,170,61814,3580477562760000981,39.85
1982,304,69,100,86,57202,0,27,3490593,85076,85,48726,7701613682778318587,877.68
1983,200,96,71,39,5655,0,5,6948945,230487,33,72247,4923144705531916985,697.71
1984,500,52,66,79,5852,0,28,5463692,99228,209,92182,4388972182021470596,30.67
1985,200,70,85,38,51257,0,6,1290442,183066,231,84874,5449669062610388934,216.38
1986,301,6,79,67,36320,0,17,1463741,203161,149,22029,2923172691528974440,626.69
1987,502,36,29,58,54855,0,20,3395741,136992,93,55710,4998287207670481684,802.02
1988,304,108,34,26,11058,0,25,4067114,5154,122,33959,8062549934766341903,297.8
1989,200,65,73,89,25823,0,17,102702,211422,187,71519,5063532622002051357,432.91
1990,200,15,91,48,1212,0,24,5841160,102120,76,35612,1202045675551582303,23.56
1991,200,92,41,53,25245,0,6,2202843,229008,70,53176,6936601234758329862,313.35
1992,304,204,96,87,59803,0,12,1230498,26032,155,97511,7312995674042117178,121.13
1993,200,145,87,19,58302,0,27,770063,6412,33,99244,1300522121403520747,852.05
1994,502,51,83,19,49548,0,4,6588646,101668,16,69225,1834106649363404226,779.64
1995,200,146,52,36,34729,0,17,4888194,214000,219,87473,1807930595977450833,72.25
1996,200,179,33,86,59653,0,26,1032191,93821,134,50843,526506759191352679,273.41
1997,200,64,20,52,33475,0,3,7597739,229974,36,48052,4399065977848571344,969.88
1998,200,132,68,84,8965,0,11,2889822,19746,182,2953,1967620333187063089,479.54
1999,200,113,18,61,51588,113,15,630885,143271,97,14760,2295560460766211771,40.31
2000,304,49,50,18,55260,0,6,2473703,15277,159,85339,1975016761251709641,75.86
2001,200,148,1,62,12385,0,5,2726240,136694,169,38503,5146320300754568473,562.74
2002,200,100,5,28,19928,0,5,569770,63631,237,31224,6895491846042016316,955.7
2003,200,17,24,59,52471,88,13,5062653,7492,91,87792,2250604861225005986,58.18
2004,502,138,75,43,55291,35,28,2212786,82605,6,11143,8622588383541151782,616.39
2005,404,154,75,27,9734,0,25,7552421,10340,125,11937,3759800759986112796,315.08
2006,404,80,48,49,59103,0,20,6048245,5567,130,78680,5521118785854520043,869.94
2007,200,83,21,54,1190,0,28,4577075,139638,187,81158,7235559396144609814,188.84
2008,200,46,96,73,6095,0,12,7846257,85066,213,14917,8806454351837148027,23.8
2009,200,210,89,35,10777,0,22,6735044,48246,177,38356,4700009850519733754,2.66
2010,200,83,25,29,28303,0,25,1287940,69655,16,13937,4936851550167801529,820.75
2011,200,61,77,19,2430,0,12,1994023,87850,67,66362,3977762149538063538,625.57
2012,200,162,16,39,28617,0,6,5119353,79788,25,95443,7797839291521409347,994.8
2013,502,16,61,82,10405,0,6,7418625,99263,126,68891,4046049148191816575,709.56
2014,200,42,60,22,54040,0,12,4818355,94114,175,6668,3526388082600710639,745.75
2015,304,201,73,23,47424,0,14,4432263,147274,246,50810,8298221611684173595,211.35
2016,304,49,39,48,60772,0,1,1872103,123710,5,78388,3876844703900515596,830.2
2017,404,77,9,27,50400,0,28,868933,183762,80,361,4085967920291437590,882.82
2018,502,76,81,83,7265,0,23,3222834,203311,76,97637,8144771141049285689,11.85
2019,301,73,94,33,50091,0,15,5020916,132002,249,15850,3742591927564142091,61.63
2020,301,147,23,54,15517,0,23,5458191,120523,58,14873,4414930489908141706,717.47
2021,500,190,58,91,60890,0,13,196969,109806,19,78525,4932968071382959231,527.47
2022,200,3,12,70,4962,0,15,1756043,244410,25,66810,3379878113845618851,726.27
2023,200,87,10,58,28119,0,17,6603188,81664,35,30897,936729708583993102,18.7
2024,200,106,98,86,22814,0,4,3757382,64127,39,44110,4974724043440132112,811.5
2025,200,157,37,29,21645,111,21,1632935,219955,249,74550,7377609798783987713,852.6
2026,200,11,73,23,41684,0,1,7903890,31601,17,59196,1059620411290745170,912.58
2027,304,44,27,49,50833,0,25,2424062,211438,188,72248,7424820817190392828,474.05
2028,500,46,51,47,62567,0,1,7420860,149225,168,47851,8556374782392052396,867.14
2029,304,182,62,51,19661,54,14,2987192,31090,130,73005,8310321907683399432,79.64
2030,200,126,24,58,37520,0,1,4531696,89191,168,84394,1094260287299470301,240.46
2031,500,5,93,81,20271,0,13,6188788,140995,61,46475,8102114433738890403,161.83
2032,404,187,47,30,42614,0,19,2543040,101938,179,80545,1888556861418078195,476.74
2033,200,21,9,60,19343,0,16,3288174,131747,212,18949,7309841843710071968,510.83
2034,304,124,60,46,26273,0,19,3587742,30619,112,66396,6983171197098423145,39.88
2035,404,88,36,53,3097,0,12,91812,131233,237,84870,8490014465471614826,778.52
2036,502,44,50,15,56306,73,25,5408526,243447,219,38095,116025123003481301,339.44
2037,200,13,83,62,62682,0,24,1898487,27298,246,25072,3933411132243061788,696.72
2038,200,22,32,68,39674,0,8,1842674,139755,159,40547,7871188381678348181,180.28
2039,304,176,46,70,6402,0,16,5711737,71956,7,96637,4874032199144061392,367.46
2040,301,38,51,74,25553,0,15,7238572,184854,12,99288,3095870141471497403,586.93
2041,404,89,57,19,39908,0,3,3826819,20091,124,34530,3978215659750507931,855.79
2042,200,42,48,46,32425,0,15,3242757,180811,251,98076,3654358090574433688,287.39
2043,404,62,14,77,62537,0,11,4414246,13946,237,4045,1369505113222358299,411.04
2044,304,122,5,70,59700,0,16,5195215,41937,53,13084,8705839516181128542,708.99
2045,502,44,49,83,41763,0,13,5518904,95214,182,56735,3028774534496372037,380.04
2046,200,50,0,47,11303,0,16,5123581,245458,245,50875,2285001933320236051,368.14
2047,404,77,74,20,45779,0,18,5883936,22091,127,24833,7581743601617726280,664.0
2048,502,33,88,82,31092,0,18,7080140,104399,198,84774,4513247792131202164,141.31
2049,200,138,66,74,10398,90,19,4769363,54898,81,12547,5318587770541447130,164.3
2050,200,3,89,84,51599,0,25,4436018,5437,223,93740,2311901854779317215,503.45
2051,200,103,79,52,62023,0,11,7187671,164553,12,29703,3134747381086102918,149.14
2052,404,83,56,63,55053,0,20,6262534,96353,56,72422,6525491326643743697,767.76
2053,200,59,98,56,57718,0,22,4209280,207014,147,22926,1283269986432245416,792.92
2054,200,86,48,55,58088,0,19,3614196,142482,33,77774,1542288751230461803,558.55
2055,301,102,94,86,17589,0,24,2289725,71646,13,87228,963365758312795268,275.64
2056,304,98,36,21,19166,0,26,3954891,153709,201,87359,8877235384260274524,769.84
2057,304,120,21,25,7579,0,25,3919079,172441,172,96393,6896752032426050086,841.27
2058,502,105,92,72,14181,0,28,137140,139079,240,74460,3088333751647314559,809.86
2059,500,32,47,34,1438,0,22,2265085,127769,138,63186,6571310482029842916,854.89
2060,200,133,8,80,63074,0,8,5347341,108655,158,18510,3833692059833164020,161.02
2061,200,156,8,92,43604,0,2,5527647,146332,137,74965,7677527613215596253,964.97
2062,200,110,64,33,36891,0,6,6946677,156740,5,66789,731882408364959601,746.67
2063,502,21,18,77,42265,18,20,3266754,28753,104,4511,472791300736589273,21.68
2064,200,152,83,23,43241,0,23,5844031,245306,217,23535,4900636385254490345,399.8
2065,502,137,69,85,59344,0,28,6085827,74555,9,18494,1751922730674577375,469.14
2066,502,59,59,80,48891,50,6,816885,237765,74,64209,6361950122786533709,931.96
2067,200,173,12,57,35537,0,10,7771172,224875,205,7567,1694208963322611931,20.49
2068,200,70,82,16,12112,55,20,7156149,205270,206,81457,1691005876592764692,582.22
2069,200,177,91,81,51827,85,25,7555405,11758,133,22283,2033449945912098199,107.33
2070,301,8,84,49,20571,110,12,2516967,51954,33,62664,2880826427879450581,484.24
2071,200,117,47,29,17669,26,19,1108145,3550,160,18584,7403216263845038342,735.47
2072,301,35,66,86,26261,0,16,1759110,86923,169,5660,4874787994860636348,106.29
2073,502,38,96,32,31936,61,25,2277815,98207,155,96553,3207472538135782211,658.05
2074,304,15,84,85,25486,0,22,1111456,208818,212,53496,7786029917828117665,569.85
2075,200,50,85,45,36893,0,15,7272199,160364,76,45310,1557483602386045518,656.29
2076,404,32,59,29,55195,0,27,2672861,57401,244,37806,7286967368300198782,596.31
2077,200,36,6,19,20463,98,12,7960125,146727,128,5533,5846902228538025213,285.19
2078,200,0,69,55,39278,0,10,6398638,18318,206,68094,8527385120357881785,643.77
2079,301,3,87,52,8253,0,10,3029095,231429,119,48615,5461627238689806120,526.68
2080,200,118,80,48,8058,0,3,6612486,159307,227,95866,6721616249260346293,859.53
2081,500,240,34,28,36099,0,2,3592099,42987,115,25644,7478312618298791376,430.26
2082,500,102,11,36,6023,0,15,4096652,142703,77,55163,4728812660336514279,923.4
2083,500,187,30,61,9303,0,7,7014330,134423,167,33422,2207354851629693554,588.63
2084,502,72,46,68,32338,0,5,4256237,204168,118,98590,2908508643745386896,960.76
2085,502,101,52,58,39315,115,19,7572861,129290,52,96014,2341898413074750352,505.78
2086,500,14,76,23,48796,0,21,3378161,66203,182,98217,1666053188266498916,476.03
2087,200,186,78,58,61441,0,21,6975841,2504,250,7333,8404009987662754327,484.26
2088,502,73,3,78,41128,0,14,1632637,133586,104,88185,8599719997454012877,970.48
2089,200,52,70,50,59070,0,2,7632265,154554,18,25657,6655138486533202642,673.2
2090,304,90,2,57,37538,0,10,825277,219073,166,89144,3547071805390295973,103.82
2091,502,108,34,30,34387,0,20,7559446,150808,199,61863,3917060930765508936,70.9
2092,200,9,44,35,23349,17,5,3581799,205780,12,33294,1347669195473133251,754.29
2093,500,64,4,92,35656,0,2,3104926,207513,20,90485,2640719723727504554,40.01
2094,200,35,59,35,63689,0,27,3937840,84008,40,64255,4600670014467490132,414.85
2095,200,92,94,69,22105,0,7,4542757,39207,227,71840,8991060611365120563,786.46
2096,200,36,13,92,8901,0,7,2470858,170407,246,93112,7943370438954595100,752.36
2097,200,196,84,86,48177,0,9,5404425,119450,43,4319,2300867385848606310,69.45
2098,200,85,44,74,9756,0,18,1234173,34077,159,89545,8788668941478014088,784.21
2099,301,110,50,63,19947,0,23,1526286,24906,31,90363,367320917965786078,828.62
2100,200,64,43,66,34287,0,9,2379964,47539,95,40306,6437964516585470176,5.0
2101,404,59,55,60,54908,0,6,4291477,67048,64,23253,7568949713244523546,636.68
2102,200,1,90,24,52043,0,24,6763034,1270,173,66751,8485834051809779726,802.79
2103,502,51,52,91,17818,0,11,799681,41920,237,48005,282565835338360290,407.04
2104,200,179,43,31,29135,0,5,630763,88504,94,97382,3551634461003001627,456.16
2105,200,176,1,87,43919,0,27,7128851,78468,99,68601,1901126158004860287,929.6
2106,200,194,40,76,21699,0,9,3312890,179567,114,53486,5910192952370315626,258.25
2107,301,25,13,84,39047,0,7,3079385,162955,185,6450,8019294883908869947,562.39
2108,304,6,54,20,48142,0,19,1608243,63045,102,93186,942187703961816049,973.49
2109,404,103,100,56,3786,0,11,5240552,227225,254,37787,7868256735351835545,388.41
2110,500,75,76,61,53002,0,26,6409472,74368,156,93065,1743498275773086089,936.17
2111,200,54,4,38,39436,26,18,6350177,32078,173,68707,5179496828622685245,628.02
2112,404,109,90,24,39141,31,2,1365009,239383,126,60781,642344558597043114,242.71
2113,404,102,56,35,40199,0,12,6950760,14854,156,64695,267713305225862910,225.65
2114,301,159,37,31,26460,102,13,3205985,172847,225,90621,3379327697093207010,473.0
2115,502,99,65,91,16375,0,20,1882659,162654,3,20938,3444632401501447246,81.5
2116,301,207,57,48,33234,0,19,742912,4409,117,59167,717046288124740597,992.64
2117,500,68,34,79,39791,0,7,6424452,35926,180,90955,4164655218404407925,289.6
2118,200,159,30,49,44613,0,15,1404686,18700,147,18465,6236918698980665805,139.92
2119,301,0,95,88,27535,0,23,1838281,62478,127,389,5212880554806762475,292.04
2120,301,14,96,17,24214,0,12,2670979,107446,82,29381,1773876232944416153,100.64
2121,200,116,80,68,45925,0,5,3336862,162076,212,29407,2860513567000394760,179.54
2122,200,76,63,37,45097,0,4,107260,14343,40,36548,7513008429823976544,653.1
2123,200,165,21,20,55141,0,23,4964322,21874,108,23756,3906348351776252919,442.64
2124,404,44,34,39,3589,0,15,1032049,231869,67,870,5926115155247267022,802.25
2125,304,119,95,56,13411,0,26,5649335,13867,129,46269,8697212559044450038,624.32
2126,404,211,86,32,53081,94,4,3516453,50345,215,36502,5682426957728383157,577.59
2127,404,106,18,81,3493,0,6,1942891,77387,40,89534,4106448277038973733,587.51
2128,200,26,31,54,25299,0,23,927297,59735,37,99052,3015087694802844677,651.29
2129,200,102,84,69,57790,0,27,7206739,88143,226,29452,733617150461711845,985.85
2130,200,49,13,83,22536,0,10,4583677,19585,238,20768,1998881579697185241,674.52
2131,200,99,60,76,48053,59,3,2125860,210293,184,47121,6522946458907306619,742.14
2132,502,126,76,51,15683,0,28,321024,18299,100,81063,102148151169896025,325.65
2133,200,122,0,37,15345,0,17,7829626,147538,174,3821,7447252896626970944,566.45
2134,200,136,34,33,38365,0,6,1953266,43456,3,13875,623448351599246053,710.67
2135,200,101,78,59,1706,0,17,2967847,218154,232,31597,8836645893221335201,782.33
2136,404,124,4,53,1897,0,16,7422151,81539,191,57876,7931527119988228134,230.66
2137,200,135,8,71,18851,0,16,5687808,229122,174,58010,4223735233140565768,735.49
2138,200,130,29,64,20646,25,3,2043791,25925,72,21412,3261733469957974595,137.21
2139,502,172,91,19,63518,0,6,1113104,203597,188,22700,4541629248517719058,612.61
2140,200,165,99,48,49523,0,5,507244,62291,35,55368,6181522467100083436,701.5
2141,502,24,17,21,15185,0,6,2787962,221824,47,42337,7778729383993953334,788.62
2142,500,43,57,85,37665,0,0,2949534,30885,87,93804,7711077088663082399,79.16
2143,502,199,74,85,22847,46,19,158017,162735,175,32350,8408601757707863481,75.08
2144,404,59,43,85,903,86,16,4189362,222771,96,82065,5180693089905668610,909.27
2145,200,30,3,21,52685,0,1,6582167,72347,137,75772,3471663457361121740,853.94
2146,200,6,79,85,34364,0,26,4514406,50488,27,35592,1974048533126713939,486.85
2147,304,55,15,62,43083,0,0,6196416,164348,205,75891,4490266234982882392,355.57
2148,200,43,6,28,10592,0,18,4105559,77996,43,71372,3226571631992439803,545.8
2149,200,126,33,63,28112,108,0,7732098,206779,246,1573,8804049874852794941,993.73
2150,500,53,86,17,20545,112,3,3348494,48251,241,2559,6945439588340307753,194.22
2151,301,102,72,79,47566,0,10,6320557,153432,72,92284,4273760709382867080,155.16
2152,200,57,70,51,23543,75,18,167879,168693,86,9420,8373671878448807591,476.6
2153,200,65,98,36,22968,95,13,2587542,108950,165,34608,3235910751965236395,738.69
2154,200,74,89,79,5688,0,23,1161886,217719,252,399,4585369658038791959,706.21
2155,304,87,31,26,59701,0,4,1311949,152655,19,57869,899630420891516957,32.08
2156,502,32,79,70,62397,0,6,7194678,172164,252,41000,6707123405508958877,998.24
2157,500,0,55,52,48197,0,8,1373495,241535,83,90461,4978366628821914253,807.0
2158,200,16,68,17,29692,0,17,3855606,117741,119,2172,2297873408430373373,651.56
2159,301,36,97,66,30190,113,17,4814545,104850,189,89032,8247215094567568398,583.75
2160,500,50,35,29,18005,67,13,6542197,36620,15,69788,8785266013592284219,440.67
2161,502,17,95,47,13179,0,21,6012105,193192,6,34888,1355690756590175108,763.13
2162,200,143,64,71,9891,0,26,1117453,159244,125,88761,8861398039483355728,350.28
2163,502,97,58,19,13318,0,10,4067705,82974,9,50715,5389189665427593544,266.53
2164,200,5,82,41,43219,0,13,2225464,163715,44,26338,3643888028053479731,398.19
2165,200,56,74,64,59121,103,14,6154495,148353,243,21210,7536469564794980837,414.21
2166,301,75,84,20,63341,0,2,6882363,44713,27,86585,8528161720586200468,602.24
2167,500,118,87,83,62687,120,13,3978314,89255,13,12708,6224205324313508775,294.88
2168,200,57,84,27,43385,0,28,6397528,89888,159,36385,5272270383753802748,425.11
2169,502,57,65,49,37671,0,26,1025431,172522,73,76119,173884556601501022,700.64
2170,304,74,96,48,55810,0,7,7376718,115042,210,1788,523734284749989324,565.73
2171,301,201,56,31,32118,0,0,1541055,170017,208,5051,2574222909546100832,68.96
2172,404,10,5,17,19648,0,18,4136186,42728,98,92081,7276275884198911953,714.85
2173,200,64,97,86,44132,0,11,1641132,132101,5,83220,5854846539772452268,43.35
2174,502,5,89,52,32881,0,26,7106657,64566,184,26885,3701168286603303851,530.91
2175,500,105,11,54,24830,0,21,2104739,41810,235,51460,6010248474098171928,195.86
2176,301,6,24,78,55069,0,0,861741,211072,64,22123,641930014584674331,606.7
2177,304,34,64,57,7755,0,22,3055083,237752,91,9203,5389553272487882462,3.1
2178,200,15,85,20,12162,0,26,2580739,216922,195,89906,1060441191839591860,645.92
2179,200,139,10,85,29409,0,6,4984988,75632,1,83637,8560027957749548691,10.92
2180,301,6,9,74,34699,0,9,4100690,165649,140,85109,8261752663041866366,880.79
2181,301,145,24,46,44031,0,13,7346517,18226,56,52563,8635002469506225593,85.09
2182,404,84,83,64,23569,0,24,3770321,178733,153,74640,7952997212108219852,709.99
2183,200,41,5,41,30070,0,1,5854340,139615,110,50613,5733775684253592119,544.95
2184,200,105,92,70,25173,12,14,536136,22387,129,85469,3636781806738202818,760.25
2185,502,102,38,22,14056,0,1,2698046,19610,86,43173,4762679387908403939,523.47
2186,500,88,97,51,62035,0,27,6644191,12239,112,94089,6036295262360112270,812.32
2187,301,167,32,55,40940,0,0,3193398,6912,45,25997,4754920474719971589,32.85
2188,301,56,87,29,46809,0,26,3117244,240419,157,46880,6831805950694530293,625.07
2189,200,65,64,38,51215,0,19,939026,60365,231,38332,4020887847011397478,972.0
2190,200,40,64,88,13317,0,5,7880009,121049,78,90512,1014793097065873738,516.49
2191,200,76,5,21,53912,0,25,1718919,38776,9,33800,3811334750450655945,587.44
2192,200,72,91,54,9390,0,7,7191070,107146,153,75258,7126247066661391812,178.0
2193,200,57,87,24,8415,0,6,5361942,126440,13,97361,4302497422883616068,768.69
2194,502,86,17,63,5104,0,5,2714179,224680,78,87433,6159636507162107448,385.3
2195,500,11,86,89,46844,0,13,6753783,235172,92,51396,2226202770914734099,156.94
2196,502,171,62,40,27369,0,20,6019207,228006,92,71468,2016420172677425557,156.91
2197,301,232,76,88,14511,0,15,6543240,64009,81,79900,3156179412347378106,162.8
2198,200,111,60,92,5546,0,7,1908490,52827,89,99114,5202692818048540669,47.76
2199,502,97,90,20,25022,0,0,6936732,160089,245,79371,5459958426612349213,197.94
2200,200,34,89,65,12932,0,8,1010986,103136,220,89798,157677769547903503,290.37
2201,301,58,45,42,59287,0,26,1886158,12735,127,8298,5779618899919509218,391.39
2202,200,307,70,86,50015,0,15,4147449,20686,211,33463,3151185192013982934,591.85
2203,200,117,35,92,2188,0,20,805472,247745,145,93554,5866962343550808057,95.84
2204,200,72,81,29,39169,96,10,6236422,100992,43,87518,7686479819728226879,749.48
2205,404,67,71,62,3458,43,13,2063312,24037,81,53890,6691415050631621437,115.13
2206,404,79,37,48,2967,0,3,2212550,93864,127,74286,1859479362658684023,712.03
2207,200,199,76,91,55090,0,9,5281498,169723,26,84521,8806058716920211313,667.76
2208,200,3,8,78,5829,115,6,4200173,33745,58,71963,7731040130896207563,251.87
2209,200,35,43,49,45446,0,5,2485742,19435,24,71865,8573770595973404045,353.31
2210,304,40,16,45,29016,0,18,6483627,99674,197,37087,787367008993793483,890.77
2211,200,93,28,54,34773,0,4,7435857,126145,171,69292,6135018314196759417,94.52
2212,200,147,65,53,38012,0,6,1826355,120151,173,76003,5205985017045956835,323.68
2213,500,128,26,80,29154,0,17,1973126,158391,16,80540,7205329640803393235,5.79
2214,200,118,4,59,40301,0,2,3429776,106007,31,90966,8624583766432400603,632.81
2215,304,30,1,45,18409,0,3,331890,94161,37,45874,5255812977694914245,298.96
2216,304,37,38,23,10612,0,14,4250180,160988,67,14848,8685103627051174741,130.8
2217,301,101,15,36,22488,0,12,5472573,105262,94,1263,3915687778372453636,377.97
2218,200,131,41,28,10442,0,27,212312,153199,179,90026,367303840025085420,465.37
2219,304,72,69,79,43973,0,13,947467,55977,112,91464,6728995230414040515,810.42
2220,200,45,66,83,29247,0,22,1169923,81867,219,92547,6529254566046182620,293.65
2221,500,69,75,55,1832,0,20,5224471,84019,137,33324,8660052197868617169,316.79
2222,502,85,53,73,45247,0,22,853217,117048,110,47439,6020415339154715849,408.87
2223,200,21,40,55,49229,22,15,673651,15258,140,62612,2127276863315818708,893.21
2224,200,88,0,39,63551,0,3,1526091,40545,134,23526,4326710279154714700,575.82
2225,304,70,66,80,503,0,4,1344965,86955,179,55269,829124787228973117,830.34
2226,200,60,14,16,60518,0,28,6337356,239684,255,53069,8130782337665695611,255.63
2227,304,2,74,82,34357,0,13,4126269,38310,163,93555,5087732760605238295,694.12
2228,500,70,39,31,32510,0,8,3389712,185321,118,23164,1295541722465739922,398.28
2229,304,181,81,72,5657,0,16,5523477,75117,3,26356,3461523459497899487,846.41
2230,200,1,77,90,10405,0,25,5455952,71623,123,93455,3757785525374826876,725.91
2231,404,108,84,42,34788,0,0,4279011,95868,218,73004,2930374535424039432,371.1
2232,200,85,51,17,45274,54,19,2679896,203795,102,61521,7216295896177328903,782.72
2233,301,134,82,39,63008,0,19,375919,68536,72,42016,5957594154939150979,67.47
2234,502,64,94,34,53585,0,8,500008,229011,123,90861,3525471577709885231,833.46
2235,200,79,31,87,20566,0,17,2821128,235146,144,92557,2252952190764392333,982.78
2236,200,157,61,65,52805,0,23,4690661,193846,243,31533,4615275861782418056,942.36
2237,200,105,79,73,36137,0,28,1257487,2154,249,50294,5294362337434267170,290.85
2238,200,81,28,49,17647,0,22,4238544,104805,235,76816,8881571040616786291,704.86
2239,500,163,62,67,57685,110,0,4504471,60925,110,81204,1175473074474336765,170.01
2240,404,93,67,63,3010,0,3,3007847,56253,78,9474,961805786866073080,337.96
2241,304,89,20,60,12255,0,19,3583214,30718,250,59488,2932347539595439073,827.85
2242,301,50,45,15,51421,0,21,7631622,159483,108,14568,6783800174821777629,395.72
2243,301,20,45,28,2086,0,19,6472402,200984,70,39651,7665580142929929945,149.82
2244,200,68,39,27,24971,79,23,7608189,193375,180,38926,4404033417977556426,670.5
2245,500,149,93,51,21995,0,7,7538056,217906,20,65043,1711663067377366886,261.06
2246,200,41,59,83,49509,0,18,5128255,71781,152,25170,3212060766263201530,161.21
2247,502,81,99,69,29029,0,24,5861400,30994,51,640,2314756322415909519,361.98
2248,200,110,86,27,10162,0,6,7968170,162908,187,96531,8468194341365504518,50.87
2249,200,113,93,42,19646,90,21,4017266,159202,76,12937,807947381177924054,908.49
2250,200,45,49,75,33351,0,27,7280993,196458,74,34855,2913571344212851666,781.36
2251,500,162,65,35,57401,0,7,4555174,159327,11,55122,3255793505148237481,793.08
2252,304,30,70,46,15236,0,6,563019,200502,167,72493,7031719780683583178,614.21
2253,200,112,0,30,31753,78,28,5055880,120294,218,46436,248444212792799639,862.91
2254,200,55,45,71,48874,86,26,5494563,58460,222,5321,3942052442573412517,116.85
2255,301,169,67,74,11715,0,23,6662180,154582,39,37466,6312378301147631835,796.26
2256,200,38,74,73,28103,0,8,3799993,85259,73,47570,4603089058674772610,238.64
2257,304,221,47,15,10720,0,10,6202824,3987,165,53630,5895757298632433820,370.58
2258,200,163,95,69,61419,0,27,70207,237971,180,14881,8155386755941232086,775.01
2259,200,0,5,61,524,0,16,2631267,84412,245,61998,6604830620853454470,965.59
2260,500,68,54,44,63091,12,27,4499781,81628,17,43114,6178866718346988006,917.73
2261,200,124,1,79,34828,0,14,4008237,101403,200,90943,8316113249385000785,519.42
2262,200,33,88,33,38170,0,12,3840786,16832,39,81026,2788400518706817517,161.64
2263,200,25,22,70,47643,35,22,2788977,170776,31,62821,802682487387550912,338.42
2264,404,89,68,36,53559,0,6,5182836,39991,103,58393,21845742831214128,863.92
2265,200,22,3,76,35675,0,11,3996402,29001,38,68663,6124755958634745285,116.82
2266,304,82,88,27,58037,0,25,5497915,100922,42,32599,2191319154916208397,518.25
2267,502,122,25,87,32569,0,16,3012392,25244,83,21251,4417520968348906723,201.91
2268,404,32,3,30,40664,0,18,462922,219069,139,77764,5957325582782337299,864.54
2269,404,91,67,34,16888,0,13,5293025,176801,82,94300,771621142137181779,943.42
2270,200,160,35,84,41157,0,4,7994709,206568,100,68437,6508904765606503904,19.41
2271,200,10,16,27,50517,0,22,2506635,245866,126,9308,4224789820058044556,169.25
2272,200,119,75,77,50196,0,9,7650858,180269,107,46523,8051237316661457161,525.93
2273,301,110,67,54,51517,0,21,6707851,205977,253,69498,176493355735885227,70.28
2274,200,147,10,68,18504,0,24,4233732,77768,186,11643,5731983492763227435,493.16
2275,200,179,10,35,27691,0,10,401151,177640,141,12398,8468972006302608887,356.79
2276,404,38,56,44,4201,0,22,6987501,231783,108,44119,6038190593102357984,753.06
2277,304,27,71,27,58237,80,17,1884985,82984,13,12595,478803069247225240,717.47
2278,301,90,70,44,63908,0,5,4367888,146275,247,93894,7792006474247716153,98.24
2279,500,204,7,78,35822,0,18,5843758,30783,217,58831,3867417954350569461,1.05
2280,200,48,16,28,14901,0,21,211856,44051,35,44032,6726531940786818282,688.1
2281,200,19,61,43,37577,0,22,2356058,237097,97,78941,312411997321640915,210.2
2282,301,116,69,66,21700,0,5,3443455,28316,86,34704,4652774859068910536,436.05
2283,304,101,24,73,9897,0,18,3976714,205158,210,78109,4761878343723752170,779.21
2284,404,81,81,76,59571,0,25,4489685,171958,249,78398,1222564814380093286,20.66
2285,200,46,4,53,56956,0,26,4367835,29914,94,34888,31549328936997025,942.59
2286,500,41,17,55,6096,0,2,4856429,125874,63,6411,8508301579983260988,52.07
2287,500,53,26,25,7861,0,4,3956074,187641,6,90785,6401535649291468598,345.15
2288,200,156,28,81,18665,81,4,6386640,31040,123,28703,6847403491630727895,631.76
2289,200,116,75,20,33455,0,2,214367,113363,63,78263,2390641002681408369,932.16
2290,404,154,74,71,56930,0,12,5615595,91643,236,53976,6703935586131206974,425.89
2291,304,175,62,57,33717,0,16,5369331,225072,162,34404,122914591922488439,871.22
2292,304,84,78,22,14598,0,23,3700197,42697,163,12222,2739402818783976738,21.74
2293,404,83,15,57,22623,39,26,4835610,69898,30,83522,511287385622672069,465.95
2294,200,107,89,88,18929,83,15,6621797,168353,102,43275,6378346222798179786,466.43
2295,200,22,11,37,8124,0,0,4548481,215053,251,2970,1320125095581069796,138.29
2296,200,34,23,29,7129,0,25,4317713,116635,194,61702,1059946816280887685,235.24
2297,200,218,3,32,18448,0,25,7973900,189314,12,63126,5801973300717072791,430.9
2298,304,152,5,75,23258,0,7,5044338,60423,10,22521,2513899628442449528,255.94
2299,200,42,62,71,15702,0,12,6935522,27710,213,27230,8914057305871600145,396.94
2300,200,82,70,20,49189,0,10,1727306,140376,188,41949,7545947421644436568,993.64
2301,200,78,29,72,38726,110,21,7417793,240849,255,22829,5077017991950598549,995.85
2302,502,90,46,17,45471,0,19,1074851,12679,141,45759,8585115820098153943,688.63
2303,200,126,81,60,27645,0,3,619150,246128,188,44023,8436498194249978597,768.9
2304,502,8,92,57,21769,0,19,7571414,195559,197,1984,6400045638716372431,231.86
2305,500,28,29,35,2026,0,19,3130519,154624,138,45178,7673588088253063447,65.73
2306,200,99,21,15,13947,0,16,6558582,131824,175,41357,4941036698757843155,179.91
2307,200,104,30,58,39278,0,14,5511997,84393,64,28279,4346049735662186217,792.58
2308,200,41,96,28,32801,0,8,711963,153359,50,74853,7356862995741909645,427.6
2309,200,30,20,81,24819,0,22,1964571,105069,204,70550,145399556243193244,189.37
2310,200,37,84,88,63099,0,6,5207240,60861,55,35139,7635928011651260120,298.56
2311,200,156,7,54,7502,0,12,4468348,245179,30,86190,8415762273712673582,587.63
2312,200,18,88,51,61419,0,12,1363145,215941,37,44932,582320191323459104,139.11
2313,200,9,41,74,61073,0,27,5383362,161877,198,18152,8376879612923133857,530.58
2314,304,80,94,85,1825,0,14,3873005,61705,11,96577,8984806588075555659,715.59
2315,500,88,1,76,49903,39,0,3484348,200856,196,79725,6708117658579667640,62.65
2316,404,88,65,38,34422,0,9,3370236,51005,84,74938,7687873867289159809,416.11
2317,304,159,30,20,25721,89,18,2805489,139961,175,37001,1214992327525991714,671.29
2318,404,131,15,80,41675,0,7,2574613,72506,162,17245,4101014998445452606,865.12
2319,500,4,91,77,3257,0,18,3922419,213156,198,79702,5206191942346995768,296.81
2320,200,45,16,72,10337,0,19,1517802,239187,57,38209,5273612992535014355,246.11
2321,304,180,63,48,61330,103,17,3509058,11915,56,82507,278095804581455164,362.9
2322,301,182,52,35,52435,4,19,4078709,249752,142,82627,6207331308585634641,626.36
2323,200,184,72,53,13231,0,12,4552766,175108,255,79418,1358491482429892993,982.13
2324,304,54,60,18,16658,27,6,7788231,23493,208,27403,1228363197044469432,80.54
2325,304,89,95,73,23279,75,26,5156245,245972,241,19370,7529595189491743996,570.52
2326,200,50,79,19,46770,0,27,3000496,93953,239,49800,1915673555876205689,289.15
2327,200,125,81,56,13419,20,14,6123463,120358,118,92341,4141438143004117080,856.41
2328,200,6,71,36,50768,75,4,3351200,240234,159,82432,4690858770977041327,169.79
2329,502,7,96,45,42306,0,18,3038970,41729,4,50871,2709337623176864144,11.76
2330,200,27,1,70,31579,0,6,3023789,63459,144,29792,7925033929214889317,909.29
2331,404,98,39,62,49852,0,13,2773788,216457,151,53530,5334162372450857761,451.45
2332,200,112,40,59,24474,0,24,1129066,176774,240,92518,4815494738065299462,283.66
2333,200,76,0,64,55531,0,24,7381527,109640,36,11421,6476817415730961468,568.72
2334,301,78,68,44,31792,0,15,2127480,72632,71,2670,3597344986139207420,813.19
2335,200,207,2,28,56266,0,2,3838021,220283,124,2928,7199473529270518772,656.52
2336,304,8,27,35,47979,0,6,348394,242903,82,6262,8334961995126250633,549.98
2337,502,156,28,86,10653,0,27,1174515,167068,233,54063,320767442502931435,945.45
2338,200,127,83,64,11846,0,5,593753,99802,185,21043,3431641308694043730,357.6
2339,502,98,76,27,51546,0,26,5308317,52280,43,28090,8797832464696976679,865.0
2340,404,129,89,62,55612,0,1,7394580,104608,135,91970,3065619553199914273,942.34
2341,200,104,96,21,19171,0,25,916613,148740,190,28291,8444002483281974733,165.53
2342,301,40,30,85,10074,0,7,5403265,213859,96,20659,2318657162405685826,708.34
2343,304,73,73,65,55101,0,0,3683634,224618,177,2428,5218837530913225905,924.65
2344,500,77,12,52,61750,117,27,6050650,96322,253,4464,2082661682645824812,209.57
2345,200,58,48,54,15151,0,16,3351485,155258,102,97596,7636378725337250707,868.59
2346,500,86,71,39,13281,0,0,3964085,212700,197,47421,5131335085767394319,895.52
2347,301,18,99,71,62846,19,7,7263029,4479,98,97528,5281288058704235873,730.49
2348,404,59,100,43,21325,0,26,1342673,88688,193,92713,3470910101981268458,704.86
2349,500,42,7,39,9724,0,2,5026603,187818,12,52919,2791490034349577192,831.45
2350,301,138,76,20,14034,104,10,7673353,211489,32,6487,8489045640631545993,912.55
2351,500,70,45,44,24549,0,6,1385612,238015,91,88509,2178045768032544805,879.82
2352,200,37,34,42,40657,0,19,5380888,16439,98,2914,839273710411870948,754.78
2353,502,12,19,91,8312,0,6,5670080,230690,157,52438,5264624215765531490,605.8
2354,404,0,61,67,32820,0,1,2164151,155200,206,29551,3230948069305411269,29.44
2355,200,49,79,85,54570,0,1,4774433,243129,253,52929,3252013579270278823,662.92
2356,404,10,86,54,2490,0,2,7265410,47371,90,13612,3750548714321592135,849.95
2357,200,13,68,52,42264,0,27,6640781,183189,117,58274,369916183001281789,466.34
2358,404,19,49,28,32400,0,14,4915650,181565,204,72007,8841062082900691927,348.35
2359,500,115,100,64,40071,0,6,6203185,91210,250,19301,8361250580853272080,880.43
2360,500,98,7,19,41579,0,24,4679624,40850,81,6794,2572952458348663473,257.79
2361,500,78,92,49,62534,0,12,3151200,173081,72,18765,6015022135095602208,127.31
2362,502,166,1,23,454,0,6,5654001,152417,163,67442,6894613601834179746,390.85
2363,304,60,56,68,59644,0,7,904523,216579,134,62164,7684923541551369099,333.15
2364,404,122,58,72,55412,0,20,7027894,86687,205,2873,590902256216655461,874.75
2365,200,73,60,70,15435,96,9,597277,32711,143,47002,7722140862799579334,245.61
2366,304,46,11,34,20128,0,0,3298313,215226,30,79969,7659770675369389763,245.41
2367,200,149,36,42,3135,0,25,1686621,154121,7,17021,8525021805192091047,263.12
2368,500,161,22,57,12751,0,14,1589065,100197,192,51856,1292760794652900226,280.21
2369,200,71,49,87,59959,0,15,6475899,116525,231,85203,2494895250986645919,834.76
2370,301,141,35,20,20142,0,6,1442848,135468,48,91649,748860613782292325,995.27
2371,200,6,58,15,31892,0,3,5568775,11437,185,43928,2314598954688625206,837.29
2372,200,147,15,59,13258,0,1,7696506,157599,124,368,8972026015638346380,526.13
2373,404,141,95,71,13674,0,15,505006,31945,11,62122,7124557146590406826,929.17
2374,200,72,83,34,54492,14,17,2424449,1809,88,25656,8209583426592846242,357.93
2375,200,127,80,77,25109,0,16,186357,57095,189,37235,6126133840555436192,788.95
2376,200,8,93,19,36977,0,15,6497944,51166,181,46499,2631677225866895219,883.04
2377,200,54,51,33,15496,0,21,7692369,196054,19,93446,6915476007277782702,745.7
2378,200,101,4,90,60990,0,28,4564643,131552,110,16458,8298490219676995704,977.94
2379,200,129,81,59,7563,0,12,3316450,33596,123,83581,3068236621944315450,761.11
2380,500,105,88,51,52060,0,26,6060586,114349,178,64491,8852797633892842127,822.84
2381,304,0,56,33,63114,0,6,1280619,11642,184,24372,3028437008005364980,56.94
2382,301,65,1,18,47436,0,7,5374150,90476,170,70315,2232500577456910237,90.31
2383,500,64,78,51,12606,0,24,7235216,219478,60,94616,6443174673599551034,874.58
2384,200,74,25,82,19281,0,4,73139,180991,252,76268,6636363835221511631,519.11
2385,500,132,34,79,24538,0,28,6195277,186641,99,72866,1828974490548437214,389.75
2386,500,7,95,51,56888,0,10,5574051,22090,212,8076,5584993025150550388,749.03
2387,200,3,46,18,55293,0,13,6706669,38567,31,86139,2415021819197067642,331.4
2388,200,113,99,53,23619,0,1,4711888,177625,2,68840,1601038397060913896,907.19
2389,200,49,95,55,19036,0,26,90259,25064,62,82943,2594830357827926981,781.35
2390,200,47,6,67,39892,0,10,1078627,107968,46,66028,7597235797184584565,798.31
2391,200,44,12,85,26802,0,22,2094775,245932,15,63080,1930136839982705457,920.12
2392,500,53,94,39,23341,0,8,4850556,50399,220,97153,4688927587251839771,210.52
2393,200,136,92,30,47143,40,12,2552757,58382,167,2636,9744600210769380,320.73
2394,200,16,7,30,57120,0,10,2879695,226043,69,27117,5371325812350006437,931.29
2395,500,18,0,62,32054,93,14,3085506,205177,112,58973,1363896627691810246,83.7
2396,200,186,80,55,40639,0,8,7119659,132227,130,33524,4451007649101991733,497.33
2397,200,47,48,35,37387,0,22,6285299,174729,166,11123,2186003296604217315,222.07
2398,404,43,50,40,54338,0,3,2346791,177004,212,88957,3956423667825893152,155.97
2399,301,130,83,66,8748,0,0,2402031,39487,234,17207,8534560354813667741,230.8
2400,502,86,38,18,21088,0,24,5905518,109496,109,68309,1415241206118068751,216.49
2401,500,170,2,45,2055,0,1,1883571,201221,60,69758,1180583373389081196,277.74
2402,200,98,72,43,31474,0,26,2650229,246449,18,27560,7897365695266618869,317.37
2403,502,66,77,34,40752,0,19,4679008,13243,9,93727,2210678169042958908,196.18
2404,500,50,54,36,60846,0,12,2969741,160219,16,68552,7983103430362830444,632.68
2405,502,70,80,31,13904,40,18,2503221,16621,46,62447,2118691082949466523,967.13
2406,200,113,99,18,1934,0,0,1174714,100099,176,73569,8738446605405270259,527.74
2407,301,34,54,49,29045,0,1,3583838,245037,223,39526,3902961636886354438,68.86
2408,502,193,72,25,40667,0,4,1259481,43506,31,11145,5070566982548734851,243.23
2409,404,40,25,23,61629,0,25,3887659,227958,65,21749,5417581112941450161,989.55
2410,200,47,17,55,7753,0,8,6048531,121530,171,10219,7671986093051928840,271.83
2411,301,122,100,22,45928,0,20,4071275,88178,232,43711,4052348149012017648,878.17
2412,200,36,86,69,12097,0,17,6775605,9514,53,86583,4468180727560259596,202.94
2413,200,115,18,43,46171,0,18,3324222,55931,16,35796,3245947127564186063,644.72
2414,200,69,0,42,5791,0,0,1721367,79267,217,39506,8593862046361464183,967.43
2415,200,186,24,47,42388,0,12,6079408,47557,97,98355,5604219702767317222,217.81
2416,200,53,80,23,9463,0,27,1077749,82000,31,45094,1592016463665004790,341.4
2417,200,53,81,20,23412,0,25,6879077,89638,192,77086,4838713253096628196,959.29
2418,200,15,81,16,35137,0,18,2425975,220462,84,20892,5115462436069908079,935.26
2419,200,78,96,65,31516,42,26,211924,190002,168,55107,8709205966270193909,120.46
2420,404,7,85,46,4199,0,19,1386856,162542,44,38015,6864116978836213114,456.23
2421,502,13,90,75,14125,0,10,5455166,248852,33,50424,6367977943547528763,236.91
2422,200,207,79,79,25348,94,4,3944283,170184,12,57793,6998943423113930211,227.7
2423,502,146,73,28,45162,0,5,5732965,6192,222,31283,1023184884337698437,859.94
2424,500,204,5,91,6537,0,5,4713235,188446,26,40174,1746955842778670553,320.02
2425,200,93,59,43,1404,0,9,5436471,194010,238,31573,6590590418691909948,306.93
2426,200,117,37,21,63186,0,3,2855661,106136,227,42991,4519021668880228116,859.76
2427,200,61,2,46,57037,0,13,972615,154321,218,12139,683322172599307832,312.42
2428,304,75,67,20,43160,0,15,6993229,27753,42,14872,1366448028714068774,536.91
2429,502,148,71,15,40717,0,17,7561573,187152,201,13382,6849625012179037936,48.61
2430,301,112,95,37,47028,0,17,678763,123407,52,71989,1290958929640354624,404.1
2431,200,0,41,87,56722,0,19,334761,210676,238,51923,1504684959533201239,519.67
2432,200,142,59,33,51921,0,12,5644976,141485,121,2644,5184502448920086750,726.42
2433,200,87,31,22,12135,0,0,2938286,161219,27,11524,4179268830891584055,471.53
2434,502,126,9,67,20102,0,4,1630421,61187,122,93222,4847065026689938644,550.03
2435,304,119,27,47,31929,0,23,6970067,73104,98,94421,6075194186425571935,388.44
2436,200,36,75,19,63464,0,22,3251540,44104,215,8699,8757275498412121010,49.4
2437,301,20,29,53,42540,0,22,6971960,100296,246,80285,6629991578552104655,684.08
2438,200,106,0,20,15655,0,11,2660024,238160,173,81084,7601839238797145172,968.39
2439,200,88,43,30,38305,0,0,6276577,127257,157,93012,5459214831125330509,399.75
2440,301,15,99,59,989,0,20,629950,76130,105,80840,7892134449860425349,330.1
2441,200,96,12,31,17792,0,15,5293892,44947,167,46227,1507451714160885730,741.43
2442,404,51,78,87,20130,0,3,1278362,182229,185,10928,5065197871227493968,439.07
2443,500,109,4,21,43082,0,13,5890006,129994,192,41519,6673223518045135133,786.88
2444,500,150,67,79,21890,0,5,1455423,169886,145,12705,3039022337524043035,151.43
2445,301,1,71,86,46282,0,3,3107731,156967,29,76648,979566420552277491,824.0
2446,404,111,48,24,63749,0,27,4233852,140698,25,14862,8770036708472806724,193.6
2447,200,55,44,53,59888,0,10,1325345,14713,62,93608,4346039388912887139,83.28
2448,200,150,41,23,26466,35,10,1726287,62295,56,88224,6986632910248923660,20.99
2449,200,145,18,60,9127,0,5,2834543,187284,236,97241,5053770345416993791,951.09
2450,200,191,82,77,52370,0,2,86360,116090,11,86288,8357759175036119899,41.24
2451,500,1,82,43,3229,50,13,5245538,247456,1,95872,5880404585657269230,986.18
2452,304,99,41,68,48902,0,10,2334818,162723,208,4572,5721618663064398283,765.15
2453,200,94,34,82,13251,0,13,6336618,65320,254,86647,7113693371065919578,153.17
2454,304,147,59,15,63349,0,4,5785726,96005,81,57550,5224142008973178725,208.41
2455,200,128,77,54,3284,0,5,155897,96331,214,27789,8873472818747179176,146.69
2456,200,106,15,40,40656,0,5,4604878,120705,53,83671,7135159988207337123,139.77
2457,200,44,66,21,37745,0,18,5230742,45008,116,24498,5800642955430977846,650.14
2458,200,18,43,52,14436,0,13,701377,203268,218,51162,8001133541593549121,814.82
2459,200,103,40,17,48751,0,10,6949574,74344,2,45609,5620834344529497647,243.22
2460,200,124,24,85,37303,66,11,4067962,13431,56,47180,4227670969032549050,667.12
2461,200,35,93,28,63580,0,22,530835,222540,203,77318,290779410476877848,114.79
2462,304,29,12,64,51985,0,27,521343,93443,112,44594,6883267758573031373,823.88
2463,404,125,89,83,41444,0,12,4961288,13564,179,16761,3962434694632885615,792.48
2464,404,22,50,35,19236,64,13,7227421,222670,192,43244,8960282552738319540,534.58
2465,404,51,91,83,61535,0,15,4799928,16725,76,99008,6602481115786456880,595.74
2466,301,112,96,18,48449,0,23,5433356,170426,216,72972,3281813596869143999,467.51
2467,304,82,35,84,44794,0,18,2958056,12709,37,50493,5066480569800354134,175.39
2468,200,80,70,26,9633,0,5,7785335,124441,169,87402,6004434753513398960,262.26
2469,404,148,75,60,36214,0,21,394081,229795,69,43786,2673580592810196635,734.91
2470,500,58,44,63,4298,112,12,1155712,84787,18,64280,8223266245054643105,130.45
2471,200,73,79,79,14004,0,18,5357892,96792,41,22294,1024409490753291972,684.73
2472,304,116,69,78,47006,0,24,4485632,229143,4,1384,4408064110220613365,877.03
2473,200,145,3,85,1696,0,0,7159997,228177,229,2324,8902119968662906260,802.63
2474,301,119,85,83,38072,0,19,1788734,225744,165,2065,3714481699802977926,385.96
2475,200,121,64,40,43999,0,8,1276844,202532,146,15235,2192405454909376644,276.29
2476,502,41,67,43,22202,0,14,7149370,109344,71,99043,4830016930208875369,14.21
2477,200,126,35,77,17672,0,5,2326852,191624,48,2115,2475828861754484674,665.35
2478,500,177,46,43,37000,0,21,3390975,101990,217,92341,7784020639210023007,918.49
2479,200,81,73,34,11822,0,5,3044330,165036,105,87695,2403864922456980710,549.43
2480,200,118,66,50,4086,113,28,4587575,158058,84,8072,486674679949547125,24.03
2481,404,133,13,26,58591,0,28,897505,241798,46,85888,6510447892263189254,11.24
2482,301,6,18,31,15504,0,15,6396924,163124,54,16423,5578956812177056441,979.7
2483,304,68,13,83,1541,0,22,5139784,51399,255,35200,498372131669216377,977.54
2484,502,96,97,15,34988,0,27,6952607,111854,239,49740,1257027496596180158,128.53
2485,200,68,17,69,43379,0,24,3737917,229774,203,40568,2928976696618413373,860.36
2486,304,139,48,24,6200,0,5,1787470,132595,200,44541,1277154278792728355,939.83
2487,404,142,66,58,35578,0,16,2017630,141043,72,93787,8288407696570108462,380.94
2488,200,161,6,57,22154,0,22,7873315,85787,129,95851,5943185488517237651,796.89
2489,200,88,39,39,58564,0,4,6145939,215738,200,62576,644727761958091731,883.88
2490,301,191,39,24,41309,0,12,446609,189899,133,62743,5564875678405113648,948.25
2491,304,113,39,21,59065,0,1,3487789,157342,41,10646,6622912340372153180,39.49
2492,304,93,21,86,42540,66,14,1427262,218870,42,50150,53301507964760306,781.94
2493,301,44,85,82,30917,0,6,5583854,202720,108,11187,3002309184131015920,504.53
2494,301,140,65,20,19437,0,0,4768167,199,62,98770,1553643764485274218,336.86
2495,200,24,65,78,54848,0,20,2883972,193400,46,85267,6238537679879346078,351.71
2496,304,148,67,68,51701,0,7,1772129,6985,63,65940,7065358774321508231,127.14
2497,304,89,21,15,47259,0,25,4036423,12671,207,79387,4282894870014455849,179.53
2498,200,137,10,76,41927,0,1,519208,40158,192,54322,4604861224183448906,826.22
2499,502,74,3,54,11976,0,19,4811641,40553,97,65914,3463225684232852518,440.08
2500,200,14,36,83,38679,0,0,4052895,75686,58,7215,3519896016690169427,978.3
2501,200,16,89,57,7219,98,9,2434375,57227,154,31416,6846083793897062229,707.36
2502,404,173,77,32,47063,0,18,4356292,177792,169,83785,5474556937395225392,42.16
2503,301,127,44,76,30893,0,9,2606032,91528,110,16174,6687771367298596073,869.22
2504,301,170,23,36,1862,0,2,2058282,124217,141,27927,4267599871277391183,321.91
2505,200,40,74,38,36431,50,3,2507088,175775,235,52988,90020702746591268,7.12
2506,200,57,75,34,25765,0,15,1445628,80023,149,87913,5705066183350749416,578.15
2507,200,179,92,45,59686,0,14,7030132,241751,54,33947,6874432079579780387,109.13
2508,200,146,69,29,5044,0,6,7488432,18665,244,40902,5735693671540367712,717.69
2509,200,130,47,42,14471,0,11,2230391,215262,5,83483,2408151340315423934,803.3
2510,200,57,98,85,50117,0,0,6452287,3031,106,46514,1124147266981123064,932.96
2511,200,104,28,26,47332,0,21,7895898,177070,151,7391,1752184728022834665,242.04
2512,200,196,17,28,45816,0,27,4637759,40986,69,65345,276370682351404011,338.74
2513,404,70,95,91,49480,0,14,5293203,128835,227,44212,8772407117729818913,447.7
2514,404,69,58,74,31815,0,27,5104991,102932,88,74047,4701374118738887177,423.88
2515,200,126,95,84,40912,0,15,2476761,141900,162,46846,2684324726173028551,535.21
2516,200,26,65,64,57702,0,14,3681841,115904,149,56135,3815083399434923535,502.53
2517,304,127,28,82,39388,0,12,4259182,175967,211,40617,4018465733283882061,242.55
2518,200,47,32,39,34917,0,24,5189651,21575,245,31019,4526568195312863692,19.28
2519,404,5,99,46,50648,51,8,404875,229221,95,25017,5021215381752632580,155.2
2520,301,186,0,36,40835,0,18,4097896,75616,124,21699,7499381119212049837,509.25
2521,404,133,0,26,7908,10,24,2236977,49278,107,27497,3000025511501583998,950.56
2522,500,51,56,55,59377,0,18,6417779,61192,29,87983,5118995063765408354,951.33
2523,502,12,61,55,29382,0,2,5218690,128518,151,83843,5395135833176068286,174.59
2524,502,141,56,27,22840,0,21,6486089,182937,19,26473,317548061724601702,947.53
2525,502,11,44,25,60880,0,15,4464498,60051,39,65819,3526952519561736501,224.68
2526,200,70,69,48,5695,0,3,6556005,60272,177,65918,1016589071207357807,525.54
2527,200,155,95,27,29216,0,22,1988381,188716,157,2131,4382318324394456566,497.41
2528,200,78,43,33,51618,68,14,5898032,222902,182,93832,5996087680985539734,78.55
2529,200,119,49,51,12120,0,1,6155090,57683,28,31915,1132268641016440039,989.87
2530,500,75,27,90,8899,0,25,6417110,1628,115,82823,7666587962018798382,328.31
2531,200,191,57,85,45924,0,22,1620297,240578,138,90633,3486927641720470647,872.01
2532,502,86,60,59,56542,119,2,6137798,47588,58,18486,2204490081143517828,394.56
2533,301,89,52,45,53227,0,23,4869195,211861,112,15784,5025242014812147578,684.33
2534,200,11,15,44,8377,0,2,402825,8868,237,55848,6045629889893612188,936.26
2535,301,59,94,73,41131,0,20,1811905,27613,127,39108,2328237158559754127,844.82
2536,200,71,26,64,55357,0,0,4346423,116153,115,56852,4541192459022753104,299.3
2537,200,77,15,32,37942,0,17,7326565,68747,128,59496,4826804857987501965,425.19
2538,304,107,98,62,29225,0,12,5312311,38691,231,52970,778963984616954055,438.22
2539,200,45,9,91,58085,0,2,3339697,128318,118,51335,6321068718865925911,874.76
2540,500,102,100,45,4580,0,16,5955052,118727,140,21949,6322827845451568499,504.47
2541,200,80,13,86,22266,0,4,6407044,121296,212,94118,2444571733513585286,729.57
2542,304,37,14,88,33871,84,25,7449017,162915,152,2175,3748649099771128829,246.41
2543,404,80,24,47,1468,0,14,7255831,39265,0,13601,2118686755274010330,488.21
2544,200,86,35,43,12136,0,6,5320876,199791,181,25088,4568985297165564624,92.36
2545,304,164,57,63,42572,53,12,880575,60608,164,77408,4129222352560176983,513.58
2546,200,196,100,26,31359,52,19,6246629,169359,73,84338,2954781311400325238,20.33
2547,301,32,93,84,3213,0,20,4418760,228437,112,33339,7490643885519854709,379.43
2548,200,215,67,80,22011,0,2,721169,245749,161,14950,2602949785487497307,751.27
2549,301,161,52,46,62221,0,14,5193935,167553,61,6838,2094681980209446858,419.96
2550,404,113,34,87,53600,0,23,788909,26874,240,84619,5145197328786070234,49.51
2551,404,198,38,91,31902,0,28,2989209,43949,161,9478,5381671017437601214,813.88
2552,404,189,87,84,36588,0,11,1786893,110120,74,48148,2320421689880503769,709.84
2553,502,90,39,30,22986,0,27,3424710,231377,222,50126,1541525456446506275,701.19
2554,500,20,71,79,38337,0,27,1211663,40793,16,31407,7525062335619035031,851.92
2555,500,185,82,38,26566,0,20,4913409,168876,138,51572,2399682738062789055,307.08
2556,502,3,100,58,55788,0,7,6461307,186985,223,28032,4680049257527682188,693.05
2557,200,98,24,69,21875,0,16,3825037,247711,20,4836,1390151404339213454,233.45
2558,502,112,54,48,28548,0,0,2309060,66426,53,15659,3317960581939185200,788.65
2559,200,145,1,90,62867,0,8,3529151,203586,22,87904,4893145892534549708,909.46
2560,500,22,46,67,5565,0,26,5601398,187617,167,66926,117566571210273044,533.92
2561,200,66,43,87,48552,0,16,3274884,246828,64,39822,5111994763256980149,766.13
2562,301,55,17,15,21002,0,25,1928368,182828,32,39593,3439953584887382078,34.87
2563,500,15,45,92,25420,0,18,1682144,231275,177,54841,1933558086899619309,951.53
2564,304,102,67,91,497,0,8,5319448,191244,90,8029,6769226034741015120,923.7
2565,502,39,42,21,389,0,18,4566949,132611,66,62410,1363483762647584157,980.46
2566,304,112,57,60,4396,0,4,1868636,200803,200,96917,3494924725379356137,225.57
2567,200,20,37,44,44530,0,28,1937766,95214,253,18407,8225744026955866248,280.54
2568,200,134,50,71,6598,0,19,5246190,232198,84,60618,4182347735340129732,122.65
2569,200,55,73,41,30664,0,1,515098,206913,150,56028,6371160932897317783,735.9
2570,200,102,53,25,59105,0,13,6409023,63900,123,12594,534141222349871193,431.4
2571,200,80,85,70,61648,0,5,6620344,245805,80,72412,174444882057235614,957.01
2572,200,150,77,22,63486,0,2,6374745,203585,186,49657,5226852940977477355,328.18
2573,200,19,86,45,49130,0,28,7815239,164973,80,15273,3790174663547550158,844.26
2574,200,169,87,50,23799,16,25,7464526,211364,195,59964,7295189871329262460,313.19
2575,200,123,87,50,40741,0,0,6844032,91062,54,55692,1700869229985562493,398.58
2576,200,47,61,64,20604,0,15,4169383,120468,6,26502,8321026545409539284,890.38
2577,404,197,61,65,532,66,24,398875,244215,255,18607,6355378706340376008,635.52
2578,502,57,54,29,44560,0,6,6687616,156730,32,97521,1910777710328357018,460.39
2579,200,59,64,79,28745,106,8,2570379,169085,137,94255,6178926855870674546,961.89
2580,304,66,20,15,13664,0,19,7204398,43922,19,2398,5091611228795896329,640.07
2581,200,73,88,92,48218,0,15,1681575,119375,243,78872,4132657840674290743,177.08
2582,301,192,97,79,21692,0,26,3331374,75674,84,92037,1799099140408708219,185.83
2583,200,118,31,69,1520,0,16,4448715,112324,243,78449,8071820335736532724,218.23
2584,200,71,21,35,12890,0,21,1929129,40270,215,78278,1112064481249966865,874.0
2585,304,84,85,37,8557,0,22,6912619,198674,239,46354,1708483547958771372,980.88
2586,200,93,72,38,33972,0,5,7252963,205879,221,79693,6682327231057746806,51.64
2587,500,165,94,62,45186,0,4,2429652,160600,108,53401,1854873442423949186,101.74
2588,500,106,34,76,61115,0,16,2293096,99735,217,82411,5468388558324664384,899.82
2589,200,90,67,45,6876,0,3,2606683,248310,64,24019,6032750235878554091,951.28
2590,502,114,94,15,62942,0,17,4241793,63455,151,46887,414223620910324028,813.61
2591,200,22,75,44,5265,0,11,1796037,12561,54,47545,34812609227859652,653.7
2592,200,17,24,76,47975,0,17,5084919,131858,157,45319,7307580833034317446,276.16
2593,500,150,92,75,23613,0,8,7720479,203586,28,61495,5559972455975429897,994.31
2594,404,103,98,28,28553,0,5,6551505,160585,24,93506,5137724211248988679,499.22
2595,502,36,65,30,18024,0,19,5897398,186744,237,83124,6958586615675116535,286.82
2596,200,95,44,36,26540,0,15,6798678,203738,0,71832,504416553831659818,848.79
2597,502,35,96,29,50074,0,7,5105859,213790,213,54194,8532999658804976755,957.71
2598,404,117,73,92,40813,0,3,7424838,38147,77,49804,6799776646457157267,736.59
2599,500,15,76,21,30284,0,21,3989569,177392,93,42428,453715724879945347,226.58
2600,502,2,19,20,6723,0,7,7024882,2467,68,93022,7834246980114020055,477.18
2601,301,85,78,51,26810,115,8,5064580,48287,125,87369,7413252418430755512,360.65
2602,200,17,5,15,10145,0,12,464701,129667,188,91383,6828880125330626778,546.06
2603,200,34,57,75,47348,0,28,7485925,173644,4,67678,5154592674614161673,190.72
2604,500,97,17,75,35333,0,3,2431227,19441,207,84739,5340105882217670543,114.28
2605,200,101,79,63,34525,0,11,757615,187312,212,11725,639942873740022694,94.18
2606,200,195,73,71,46815,0,18,3084185,37475,142,19992,1494011395988104720,680.78
2607,500,149,30,79,15442,0,10,6536232,234855,166,27373,2922515562360162728,54.45
2608,500,153,22,60,41914,0,11,4783962,20018,127,13998,5368611038250066631,272.02
2609,404,28,7,67,29309,0,8,4304927,174759,139,76997,3765168230190431903,843.39
2610,200,124,46,42,34164,0,1,467329,98083,160,17743,5247341348856333366,709.65
2611,301,34,48,63,47223,0,5,1682930,78477,254,2530,7890952913584261028,242.39
2612,200,1,82,47,20103,0,20,6733348,43844,64,72156,6327405887450755976,512.03
2613,200,75,26,78,21404,0,10,4247633,1321,207,2766,4128540749819432370,11.4
2614,304,92,4,26,8163,0,2,4596256,211578,145,21505,1662015403660458826,769.83
2615,404,91,51,57,38768,0,28,7877087,12272,15,52459,3922340834848824326,11.22
2616,200,196,42,41,62972,17,11,7366418,76433,186,91332,7392568441640483547,371.2
2617,404,101,54,83,60823,0,21,2306641,63038,28,80853,4355477980446699374,869.08
2618,200,120,15,48,10255,0,9,1104389,187407,211,99344,3445854771443889166,752.12
2619,500,213,16,43,30877,0,8,848696,41030,236,12761,6005210687520840301,944.05
2620,200,72,72,42,52867,2,16,6856366,160353,177,27366,7939084015580995887,973.88
2621,200,5,28,35,256,0,17,2795086,249907,218,86680,1948869304243870183,958.9
2622,200,139,45,16,34737,0,23,7303075,194351,248,78900,319903335926232987,456.5
2623,200,153,29,57,51296,0,23,4539657,194955,24,60998,3092074319541115789,250.32
2624,200,7,28,68,3993,0,21,6902022,7866,33,80357,8145871569456889565,165.88
2625,200,172,44,29,13689,5,25,6380304,10618,56,84057,4356916821922961812,683.41
2626,404,147,80,26,53310,0,10,7758086,3557,86,39508,5781363500995142203,759.27
2627,200,104,34,39,44043,72,1,5593630,58674,61,2398,8879215073177461325,860.64
2628,200,91,100,77,32069,0,10,4141899,16350,143,19200,6474165406187106314,289.86
2629,502,48,97,22,6718,0,21,2438526,233129,71,74243,4235908865230719412,726.7
2630,200,48,14,21,22881,0,5,5493976,83810,175,28452,3433463881365150247,816.31
2631,200,47,30,72,23892,0,6,7068781,117174,157,88859,3788340427609129552,737.74
2632,304,117,16,50,5236,0,27,628373,200131,66,15760,5674206720690443753,834.77
2633,301,79,67,24,1967,0,5,1951262,225468,71,28976,6193628230797624995,852.81
2634,200,174,43,42,44989,68,9,2404064,22652,30,83060,3132771087747018164,270.58
2635,500,122,18,47,40883,66,15,2887729,209848,14,343,980096150566384190,547.99
2636,404,38,20,66,36062,0,24,6667083,198347,166,861,4949187776372859878,147.87
2637,304,89,24,61,62546,0,8,6799799,170467,120,87826,1755534183148102307,956.73
2638,200,98,48,58,19840,0,8,2439455,21825,255,10943,6115841391361716707,906.3
2639,200,24,28,70,2760,0,3,3882234,104869,141,30113,5150711128432306105,352.4
2640,404,26,55,30,19368,0,22,461707,45054,223,17410,4782868510871092557,645.4
2641,200,101,3,56,38027,35,20,6702350,230957,94,56746,5354247164403217420,500.52
2642,200,183,27,30,57747,103,8,3612008,152509,133,8799,5841046180316612098,69.15
2643,301,89,61,39,7239,43,2,2283694,124849,55,62832,1199898541013706313,524.88
2644,200,117,7,41,36956,0,13,1478582,165043,31,87756,8242844903811044455,196.08
2645,500,203,58,92,15278,0,18,3241076,243322,25,52158,1456644757193646289,879.9
2646,301,76,32,52,55063,0,23,2683628,7322,129,71727,5558627324016828900,951.8
2647,200,1,90,76,43382,0,6,5583902,123703,190,23477,8370117215331284011,984.59
2648,301,20,95,20,31467,0,0,1713624,226344,204,24254,472790430076723295,318.36
2649,304,104,45,47,41630,0,23,1232172,18362,109,43400,6111054665698743018,485.23
2650,304,144,89,22,12738,0,6,6357820,228055,186,52389,5700442965601153670,484.72
2651,502,103,96,32,4096,35,11,6712504,78018,60,6039,4245906793817497452,382.84
2652,200,50,35,83,45996,0,16,3933027,77648,226,99333,1688188830011063378,569.05
2653,200,171,38,66,32061,0,22,5540074,169179,239,99979,3054703242892315999,471.57
2654,200,63,69,83,49530,0,18,4395141,70356,218,18102,3048571695807783214,193.24
2655,200,163,49,29,19695,0,15,2764287,218011,166,2278,6672024383735578307,336.38
2656,200,135,53,29,48615,0,3,539953,35384,233,67972,2273184736101486735,675.9
2657,304,117,19,19,19956,0,28,6823397,117808,168,33917,979169381187276378,494.42
2658,500,25,57,16,449,0,9,6578512,179551,148,73046,6130739801670161958,381.46
2659,200,47,49,90,52799,0,22,7489552,244516,188,35330,6230858670774783530,524.7
2660,200,122,85,55,27535,0,4,6983561,135973,176,70749,3120818270844686407,827.56
2661,200,11,32,90,23411,0,28,5703788,148557,162,10746,3991918915820587542,69.99
2662,200,120,12,28,54279,0,19,2013973,99934,39,16772,525383822566024898,679.75
2663,200,74,98,74,36828,0,28,3301717,96385,233,91588,4586355336275648374,151.82
2664,500,90,86,83,52290,0,8,7290719,190207,127,15439,5271179866598374404,871.91
2665,304,177,48,24,2875,0,19,7026774,241850,184,53233,1718171394882750468,607.86
2666,404,34,86,54,37696,120,20,3636621,223323,247,17945,8210172801953400184,17.45
2667,301,10,17,19,47131,24,5,6246983,153065,134,81542,237212300885652015,131.37
2668,200,144,38,70,26189,17,26,2647554,2728,246,72491,738217328670679971,965.32
2669,301,117,28,20,37293,0,0,5903753,126687,217,58384,470899380064318243,845.24
2670,200,20,45,81,57263,0,21,3292698,70238,191,43551,775599980111183150,21.63
2671,301,21,93,41,58490,0,2,6830939,201519,39,55028,8507549095705193127,469.58
2672,502,52,56,90,13564,20,18,2190812,100902,61,2747,8912273368682331707,642.46
2673,200,90,9,91,26428,0,7,7325448,145924,57,94095,3967200465999801824,879.94
2674,502,78,47,39,35994,0,16,7373589,99272,114,19872,6811866386562866073,913.39
2675,404,142,36,15,63607,0,13,3420950,217105,252,67366,7787114141333419372,794.56
2676,200,47,29,36,23436,0,28,2086730,240157,10,52694,6832956008430631146,810.72
2677,200,41,47,65,5105,0,9,748192,53277,50,32105,68390627955382666,56.23
2678,304,44,28,84,52010,0,23,5415852,144016,235,86121,4172018846671140582,149.72
2679,200,123,79,18,14088,34,4,3708509,67345,249,15236,4739858534053873538,685.43
2680,200,96,52,88,60525,0,10,5244769,218188,56,35810,711523807994096917,416.72
2681,200,102,78,38,36856,0,7,483632,70602,94,41100,2935713506651419789,231.96
2682,200,236,45,87,21430,0,6,4801489,176741,61,10153,8340182071603011823,678.42
2683,502,113,67,17,10717,0,4,4666713,42469,244,37105,1165676297596110988,429.32
2684,301,56,71,71,22245,0,9,5854686,27596,121,17554,2803924965629125011,960.66
2685,404,22,4,65,12925,0,24,5099780,106272,183,69809,4520761197394131975,6.6
2686,200,48,38,57,23235,29,1,5164302,243507,169,30237,2537509547612001280,120.97
2687,500,126,84,25,14388,0,11,7979856,108880,16,82269,8016197860673242331,506.43
2688,304,35,19,73,26150,0,20,4631800,127026,234,4428,4166540541326996072,397.86
2689,502,145,14,75,47029,0,6,2531107,94196,69,57466,2277632420082082526,252.97
2690,404,161,3,92,32478,0,20,3908153,113919,245,22572,2154787836720046650,450.51
2691,200,139,43,87,37551,78,7,7992213,245793,78,77285,2418111027940216436,96.89
2692,502,109,89,19,24970,0,4,3487508,160268,16,42948,2925590335870353213,85.62
2693,500,73,53,91,59002,0,5,4544130,4612,177,22549,3481954773959580924,399.32
2694,200,42,14,29,11452,0,25,410225,224586,8,40669,7355580005368780718,350.91
2695,200,6,96,55,8266,0,19,4948560,172496,60,93120,7489131711591453140,369.22
2696,500,140,56,37,43103,0,7,2632,61260,197,82381,5110076864457031480,143.13
2697,200,37,81,47,4935,0,23,2994352,176129,125,41535,1125343812790766737,194.44
2698,404,136,66,89,33742,0,23,2226910,134386,174,73687,3121502113667154807,580.67
2699,200,15,70,39,15408,56,22,918109,138408,183,28580,8025987341499841870,516.99
2700,301,158,23,23,59063,0,27,539502,209856,75,15090,7619466849894273278,484.12
2701,404,201,43,33,47060,0,15,5663772,216669,132,30720,5756438210523185877,425.88
2702,500,26,72,19,30146,0,20,2399970,21328,42,4659,690093160845285069,872.63
2703,200,141,30,35,56727,0,8,7541730,214927,133,47150,7821013285935448515,974.59
2704,200,49,47,74,58327,0,0,2527456,184421,140,67245,7557379951890668298,665.12
2705,301,124,14,60,60441,0,5,4628909,132286,57,50235,1716996970491019004,614.02
2706,404,16,98,38,35364,0,26,1832176,52292,95,43102,946388863044121112,663.4
2707,200,110,68,36,28187,39,7,2750619,77325,30,20824,3565202942255970958,561.31
2708,200,59,58,31,45799,0,19,4520361,137892,224,52216,7341172905124625876,787.02
2709,304,22,43,47,26722,0,26,1521090,97651,221,76269,7267930878570960798,178.98
2710,200,37,55,64,28952,0,28,1546829,227025,125,93898,1711872416866451270,212.66
2711,200,1,26,45,32143,0,25,3150895,209174,110,9208,5250811493378450451,447.06
2712,200,38,56,63,8854,0,26,1333133,175388,52,47309,1381376957069307322,311.09
2713,200,18,43,22,16052,0,24,4500934,105253,40,81326,3125438527740725470,265.58
2714,200,157,36,28,11938,0,11,448516,235015,41,94604,8527372458249239459,971.47
2715,200,113,60,64,29379,0,6,930898,221646,121,68429,7771735197493828712,402.64
2716,304,187,71,43,10240,0,23,2923929,29830,19,11639,1695080378447196134,600.22
2717,500,100,85,61,842,0,7,6317834,166872,241,43294,2251223580949129048,440.69
2718,200,67,57,69,54276,104,2,31874,75003,232,90259,2329524148639775791,122.75
2719,301,138,19,59,63793,0,19,3289586,207419,24,16856,7957985152432621540,276.55
2720,200,46,32,31,36497,0,15,1641943,96497,139,26602,4586028912953327288,704.61
2721,200,33,75,49,32842,64,6,3700957,117920,135,20257,4277341329870335671,786.33
2722,304,33,61,84,37642,94,28,6909089,119010,201,56449,1074238989584009425,216.91
2723,502,67,76,23,27997,0,24,6479601,74898,186,74841,4863720775743586550,305.0
2724,502,20,99,35,7331,0,11,950013,158238,198,18939,255465916964173033,317.28
2725,304,45,30,29,21581,0,17,6315035,225736,209,56803,1332144603960012051,691.92
2726,200,73,76,91,28813,0,4,3717412,77702,198,23318,1550419116265697989,819.18
2727,301,82,28,86,59364,0,8,1464125,156334,16,5458,8388229942836689683,64.08
2728,200,16,63,31,39939,0,5,1452949,84118,59,57235,8259297732325571445,645.46
2729,200,1,24,49,18883,0,13,4113915,112479,199,31560,8744980250919395561,391.64
2730,502,18,36,48,40701,0,14,2394111,64176,12,39588,6858283588323816812,720.53
2731,200,58,50,86,28936,0,15,5303161,1038,220,33056,2392498907814092425,834.64
2732,200,4,97,54,53055,0,10,2607457,55998,57,55028,863792426111841128,250.95
2733,502,69,91,89,15521,0,2,6255020,24162,218,80000,7225658667980505052,645.12
2734,200,2,25,27,15847,0,9,3477862,29022,201,85993,2713233452840021803,786.95
2735,200,173,52,19,33598,0,21,5109942,65560,241,91853,228452780766929535,552.77
2736,200,80,91,79,7081,0,25,5033334,86123,41,79180,8807343736997201156,837.67
2737,304,41,17,60,49592,0,13,7233926,141705,80,64474,2859115087136590367,288.23
2738,502,23,61,44,9015,0,10,4608113,60346,130,50048,2595172116993711162,764.27
2739,301,78,42,18,31120,0,20,7457369,187150,228,58984,7703133381874087680,905.22
2740,200,65,81,46,3466,0,26,1337026,79259,86,36317,8968198232065409969,932.68
2741,404,98,57,20,44427,0,19,3560476,187099,78,88044,6836041015972346831,942.36
2742,200,43,36,72,2807,0,22,7023682,208300,206,54756,3281415126247798883,188.81
2743,200,110,41,86,33858,0,2,228814,145836,247,54276,1750127346872850038,883.26
2744,200,31,36,72,18733,0,12,5164227,18949,205,55495,6365500533551956287,581.99
2745,500,188,53,71,61395,0,28,3802459,56464,96,43895,5195510472476592205,633.66
2746,502,80,75,72,29218,0,25,2428595,99891,183,80873,5969298066047539780,209.42
2747,301,11,79,27,18756,64,26,7701201,170127,59,81123,2649436739861725349,308.63
2748,502,49,15,61,23113,0,7,4860787,195409,216,8024,7268422041507448133,37.72
2749,200,165,17,53,58262,0,11,2640335,116082,100,89378,8449713236528083410,241.51
2750,200,80,62,32,27331,0,6,7662213,126133,234,63833,6292754340099864595,515.1
2751,304,52,1,61,35006,0,7,178128,214083,70,11597,8551030092453718738,174.23
2752,200,5,1,59,46840,93,5,428695,190996,1,81817,8629405477009899222,427.66
2753,200,3,26,80,3414,0,13,6949954,190379,251,61145,4304149744017234661,700.89
2754,200,101,30,44,57716,57,10,2124769,97367,139,55489,6354005002362888595,316.42
2755,200,172,0,56,50606,0,10,6620022,114948,70,14840,988942012933725205,70.7
2756,200,123,3,49,36930,0,27,3917656,88302,175,24636,5221267631795349261,73.91
2757,200,8,83,78,27788,0,15,1314883,225260,59,39831,1033381804092263805,834.79
2758,304,19,64,47,48726,82,14,5355309,157384,229,1677,1538908741302106778,499.89
2759,200,73,42,76,11222,90,23,1480146,45355,48,36121,1808739213212470864,507.32
2760,200,39,88,82,16614,0,4,6803402,173427,159,66360,5613483285327044649,640.95
2761,200,63,23,61,35382,0,10,7758191,228473,195,66670,5455014871045995346,406.57
2762,200,90,20,59,50578,0,26,3275949,148168,250,56176,3833088189826675621,16.62
2763,404,112,75,80,17595,0,22,6631585,166282,251,11631,4370164303035926820,412.39
2764,304,31,100,19,40050,0,26,6050517,99689,25,62328,7169350147536810084,558.27
2765,200,142,65,34,6006,0,0,7792260,43109,107,87665,7200054151544692268,159.99
2766,301,87,90,72,38442,0,3,1637905,175335,22,8481,5187639552936733790,251.98
2767,304,64,50,18,24269,0,22,2239899,102902,209,11193,7543539033831957433,297.83
2768,200,51,13,41,36534,0,18,7354406,14758,76,78622,7115156431321017579,450.63
2769,200,168,12,48,52867,25,19,7485823,246455,248,69493,2748189376208952655,26.31
2770,200,104,39,51,222,0,13,1818479,149736,123,22876,1955992310882021873,432.39
2771,500,116,86,71,56730,0,15,7997546,27192,123,60395,5471383716848489196,170.85
2772,304,68,98,33,18949,0,3,2965061,197073,18,86596,3791951574622650904,749.69
2773,304,120,65,62,20246,0,22,4563002,124476,97,85947,5087732018612598681,500.49
2774,500,139,38,78,11884,0,28,6273772,181133,245,19258,3843301342105137328,653.51
2775,200,93,6,37,16653,0,5,1066654,244414,179,74492,5150030536568884542,478.72
2776,502,71,4,42,42111,0,5,2865613,185770,214,82338,3632447726217479543,346.29
2777,200,62,79,88,10733,0,9,7928652,200700,135,10027,5105363044317458268,278.14
2778,301,35,74,74,47200,0,12,1099930,102570,226,65050,8048557673127947146,932.04
2779,502,73,18,82,39911,104,15,4597859,229361,66,35320,1372043282539155336,831.88
2780,502,115,64,31,16537,0,1,2557934,157772,10,33346,6849515763208096998,463.42
2781,200,79,19,58,36316,0,10,5610934,120916,94,66180,3813927063583470324,189.92
2782,500,43,0,81,59688,0,24,3056207,103370,10,93583,247920484217177470,7.0
2783,200,28,10,15,12371,0,19,1989093,36857,110,14962,5527518841977346638,335.57
2784,200,78,32,92,39489,0,5,5092907,86192,160,56307,5603197056972180620,491.22
2785,200,61,1,37,14644,0,18,1331197,142377,234,49980,7262012783875022516,462.15
2786,200,123,84,16,14643,0,21,5181973,169115,70,73099,5496590772286498529,939.94
2787,200,4,59,60,38889,0,7,642830,106763,111,45543,1942502520408706058,636.32
2788,301,10,26,36,16356,0,22,6911427,46865,238,52385,5586746955516085006,68.51
2789,304,125,53,75,52030,0,8,100701,46842,61,72794,8092343781649874538,413.91
2790,500,36,10,53,63793,0,27,4804114,96501,207,50026,8126901239748112868,64.0
2791,200,65,85,20,26126,0,14,3637415,32347,3,87088,8816054477357346081,960.87
2792,500,60,59,70,19279,0,11,7325930,222489,135,46647,5619457894544561472,5.64
2793,502,152,37,25,55489,0,18,6839755,110871,126,62768,6755995008216930590,527.48
2794,200,1,12,76,5913,0,8,4029806,66033,84,63281,6923213924338606394,902.38
2795,200,28,63,87,9186,0,26,3016394,90561,140,90643,4082324481612115179,256.24
2796,200,58,21,72,18653,0,26,7997762,177471,247,5163,2937103728810601715,200.66
2797,304,114,10,39,60993,0,20,2878001,203013,229,88388,1917684789313922169,937.87
2798,200,152,83,33,58716,0,25,6019702,31790,52,33219,7630576396821650690,325.73
2799,500,75,38,58,4798,0,0,2810329,39112,128,11288,3686932355185729671,121.45
2800,200,35,23,34,15841,0,16,5196047,246339,182,87330,6052046913255214102,186.42
2801,404,92,63,46,53566,0,28,7506834,242917,87,26567,7981840667684411368,780.36
2802,200,14,24,22,30200,0,19,2060259,144490,111,38513,1924017522500069774,148.18
2803,200,131,17,16,63035,35,11,6031339,21407,218,28856,6011299058568192799,948.18
2804,502,76,82,23,2258,0,7,7986615,40203,24,73460,3953606290444765756,630.33
2805,404,134,53,46,21442,0,0,7035945,201877,242,792,4171354570662429915,460.9
2806,304,115,9,73,43715,0,8,5927412,97777,115,38762,8609160438911014539,786.46
2807,200,126,15,24,51358,0,6,6331611,26469,224,42390,1216886003238747299,600.5
2808,404,160,76,22,45228,0,28,1237948,48012,155,14218,6126305212511364265,533.78
2809,200,74,42,18,63920,0,12,5321731,11875,144,84108,371019983887161839,657.19
2810,200,49,7,55,20289,0,3,7115244,90650,8,51630,1016932834305968874,48.1
2811,304,19,45,74,42255,0,26,7034253,133084,191,21022,6489012588668124242,370.12
2812,301,7,90,51,25366,0,11,2984151,151108,161,40535,6708959338900657095,306.28
2813,404,133,55,35,55983,0,17,2502234,127986,43,36295,3875653064464427477,746.27
2814,200,38,60,44,56852,108,24,3451635,84049,101,33883,7011252545447936313,578.33
2815,200,61,8,51,34038,0,28,6150979,72682,113,30480,1945450086427230079,22.62
2816,200,39,39,78,53681,0,13,1931089,204024,171,37578,1712549395432376307,175.11
2817,404,108,80,78,23634,95,10,1066807,7207,37,90542,255200622100117028,363.54
2818,301,202,37,36,22850,0,24,6088511,100003,89,46590,1630836625959165411,508.39
2819,404,146,51,56,31960,0,20,6983868,28654,104,80266,1061875716769434501,7.6
2820,200,41,62,86,57759,0,14,3489558,33466,161,15329,2635343395421376162,709.47
2821,200,9,65,45,22689,0,15,7412767,105303,134,59013,6814028173718832089,281.75
2822,200,57,62,29,57075,0,21,6920376,27924,150,29876,3354700324614858775,522.74
2823,200,112,88,65,6947,0,24,5050788,125034,152,86260,6805388385558785586,825.54
2824,200,178,51,33,2596,0,21,4963279,84334,191,57056,7404971545395872220,213.21
2825,200,75,40,40,7137,27,23,5460746,230678,129,73119,5294390689817975942,46.29
2826,404,95,87,66,31247,0,11,3846072,215319,77,81460,5034639358217026271,420.49
2827,301,96,49,43,50640,0,8,1426235,194094,225,59840,357254978579720405,350.01
2828,200,75,93,70,36612,0,3,3072146,8000,17,15727,8808635420587509832,887.82
2829,502,26,88,34,13788,0,9,5395408,169604,102,37168,6766956014309261957,904.31
2830,404,15,70,67,9381,0,26,2074394,64028,144,17590,2822404445041151741,472.84
2831,200,77,53,29,26518,0,10,1631345,172661,134,72412,7543089078632630139,941.49
2832,304,69,71,40,9402,68,23,2240665,198381,55,22736,6819842124226085652,194.42
2833,301,42,34,76,37636,114,27,2492281,182741,116,16794,3522620813465309358,208.68
2834,304,106,47,54,60553,0,4,558428,245205,95,95176,2339718993061058719,612.65
2835,200,4,67,34,10664,38,0,2293106,146672,51,99514,282767764766813544,614.18
2836,200,71,57,57,14633,0,5,1949106,123577,150,74974,1959694609062620266,730.93
2837,500,31,29,85,51907,0,19,1208462,225053,192,40204,5892992557673121578,240.82
2838,500,79,88,43,17584,0,17,2019782,108429,94,4059,1621422790634550831,551.05
2839,200,60,2,26,16502,0,21,7806044,72418,172,80061,6515042036471519657,179.87
2840,200,27,64,28,22800,0,10,4333692,121345,46,26267,6149533301430795828,479.84
2841,500,63,25,89,25538,0,13,5777160,36456,143,30334,1573075388176110504,454.8
2842,200,25,26,67,25013,0,14,897935,70656,61,11384,8276989543253017550,389.71
2843,404,95,93,28,41903,0,24,6419066,47208,245,79515,1751026795281895100,302.05
2844,200,81,10,62,51685,0,2,1380062,85794,56,2838,4213657715587657613,59.24
2845,200,147,67,20,23729,0,26,7201956,7903,138,75133,3350827968142242850,829.32
2846,404,55,32,29,39937,82,11,5194281,51641,39,74420,122564427602402998,402.87
2847,304,105,54,75,14929,0,6,7289046,71799,117,71763,3785607826640987966,896.54
2848,304,54,12,57,59401,0,25,7524217,131225,239,67797,6864690335499347788,85.92
2849,500,108,48,88,19486,0,13,4510167,85775,191,66208,6662481642253468193,453.08
2850,304,185,19,86,15269,0,15,280383,163974,170,28151,7556876540861195291,444.85
2851,200,55,41,83,4287,0,12,5948241,132417,12,19434,6378514511362889851,444.37
2852,304,100,36,68,44782,0,27,3358496,228073,48,84440,4588045124055855242,47.28
2853,404,104,66,37,12507,33,19,7917499,168430,17,78307,3289851690724576272,937.24
2854,200,151,77,79,31052,0,4,3168389,170712,234,89838,8040251430971000746,319.53
2855,200,109,56,59,26692,0,27,3930733,202021,153,32217,2432914545891640086,778.62
2856,502,133,69,28,18818,87,1,323655,122678,31,70820,4331241735027447451,765.78
2857,404,91,86,78,15049,0,3,17485,169547,171,64605,3121756411260533215,183.81
2858,500,74,24,22,9572,0,27,2810413,119556,40,84994,6199686036274954376,734.34
2859,200,44,69,91,9968,0,23,6114474,84029,60,94801,4520074683224303638,858.12
2860,304,47,100,20,11984,0,23,2304056,197483,49,60926,4461545795484114125,608.56
2861,404,32,27,32,39886,41,13,381416,182845,5,35368,3046381324619873038,486.83
2862,200,46,76,22,21355,0,14,545723,37026,68,73645,1587366122153532097,270.79
2863,200,80,19,51,21874,0,23,6447675,62173,69,18351,4456192777427746001,232.19
2864,200,91,61,35,57962,118,7,7274667,194559,151,68997,2588296155356410331,990.15
2865,200,110,67,17,38679,0,16,3796226,65315,25,80283,8110592415507015535,193.09
2866,304,89,66,79,14783,0,23,3461534,186174,13,17348,257187113848898595,583.9
2867,500,147,57,15,35429,95,23,4556709,172833,200,19470,8307191831154312767,750.55
2868,304,83,22,54,10818,0,10,3973675,120886,30,47017,2514526858985560784,16.19
2869,404,13,55,21,63686,0,3,1768664,207973,7,89488,2343435815137907103,343.02
2870,304,41,68,26,5366,0,19,5388916,117546,19,58611,7656560808058315595,853.3
2871,500,146,83,35,62350,0,3,6556049,206400,233,47859,4028469735157966923,534.45
2872,500,2,39,64,16464,0,23,539672,152276,81,70887,411918543340797176,663.61
2873,404,112,1,21,62451,6,9,2176664,9732,20,71699,911586718211821221,529.95
2874,304,18,32,41,19950,0,26,6242316,30264,1,52550,6741782772602107148,356.15
2875,404,241,4,17,3155,0,25,2563559,218020,37,56614,8177370046884944707,28.27
2876,200,68,79,65,46419,0,12,7576128,80911,244,69848,8634777664375600054,715.97
2877,502,46,28,74,25108,0,15,3624026,24054,199,1815,4383853848149215920,121.82
2878,200,138,86,89,5136,0,19,3330441,99248,56,87001,2304622525754421675,915.96
2879,304,46,31,35,55973,0,15,7223508,136131,27,97078,8316962897330671262,650.11
2880,200,20,59,60,32402,0,21,1291602,140095,144,76729,8582197783721873822,975.64
2881,502,78,34,53,21667,0,0,3351642,65513,174,83546,524518156084110133,469.18
2882,200,76,59,92,38165,20,12,524137,99444,78,71995,8739604154812413223,625.23
2883,200,123,36,79,58390,0,15,5406252,230948,218,83041,3153233885871069159,522.04
2884,200,43,96,18,2081,25,14,3021057,24001,15,49287,4343671468577262728,509.64
2885,200,23,31,85,36884,0,3,5040741,146720,238,21448,4067514496442081087,908.88
2886,200,66,19,21,63207,0,22,3055726,178059,245,23519,7263588458285978666,926.76
2887,304,82,71,76,14679,0,21,2091827,162551,51,30992,6093292262863822683,177.09
2888,500,166,92,22,47545,0,17,7464812,114061,104,34563,8007402393456363287,220.0
2889,304,86,69,82,18036,42,10,6208917,233933,214,92441,2376490644529176439,68.64
2890,200,73,47,59,59514,0,22,5706084,56873,187,16774,5213374617726500326,798.74
2891,304,129,42,75,36463,0,6,4942803,132337,101,45385,6957153751118364442,489.15
2892,200,15,62,79,17172,0,8,5437764,18838,58,3651,8516897428880790683,791.97
2893,304,144,97,80,19863,0,23,2652155,166850,190,5850,7644766799813368526,126.61
2894,200,106,41,91,14587,0,17,5128361,130409,250,91020,3507835283488806161,425.57
2895,200,71,84,39,20694,0,27,5161773,11754,126,33133,5635732240303308788,776.17
2896,500,99,26,24,33185,0,0,7063375,112695,45,59077,8296809800858671572,877.84
2897,304,3,33,88,51142,74,11,1858774,226056,172,47532,51480957373517996,144.14
2898,301,80,22,73,17143,0,21,7823895,242258,27,48111,6796602430109459796,223.1
2899,200,50,78,53,13737,0,17,6334002,192271,14,20195,6199815375221806735,172.61
2900,200,39,33,22,1657,0,8,3757057,129182,209,14288,1330660341251286937,829.09
2901,200,27,25,60,61743,0,16,5820843,123303,145,74867,3355355118838104033,919.38
2902,404,24,65,92,39126,0,15,784366,109347,167,25779,7136496677490074760,782.09
2903,200,111,30,37,59021,0,23,2961480,246821,165,77595,8019682501621350359,375.53
2904,500,199,14,71,31373,0,14,3021539,163278,7,84311,8518117632672422687,80.51
2905,200,117,96,61,11561,0,11,5968281,175907,180,57328,6773240084732959653,153.81
2906,500,168,64,64,26557,0,18,4668518,140161,168,46654,4744327727571472323,809.99
2907,200,83,28,21,23624,0,9,7719980,108700,202,28828,8904452462169102273,368.1
2908,304,113,29,58,22334,0,6,2062198,76733,63,25241,2880809581317426509,561.75
2909,404,137,4,36,16134,0,0,1957060,210050,115,35305,1982100454239525333,25.0
2910,304,150,32,24,9907,88,6,1441747,33865,8,91965,663091448723247498,760.96
2911,200,81,95,30,15133,0,19,962057,106572,179,97681,942945907669962530,158.44
2912,200,22,81,91,36804,0,15,1513960,100689,140,58076,2601766575445188379,358.07
2913,200,132,37,32,57418,0,12,3313552,213304,220,36878,8398239794665063364,615.11
2914,200,112,17,91,36911,100,22,2506012,242563,174,42027,354676538870054212,947.34
2915,200,63,88,33,12639,0,17,4795124,249700,189,97712,7483232522037028230,865.15
2916,200,39,56,54,51514,0,2,4930815,238673,164,23601,7360171068243150815,634.95
2917,200,69,80,32,61467,0,22,6686918,120116,180,69536,3853061127519041481,525.85
2918,404,68,20,63,49871,0,22,6163424,55747,32,82700,4943160031022071921,273.86
2919,304,23,81,58,62987,0,13,1399999,145842,63,56822,8127845900100865555,533.32
2920,500,54,27,72,15545,0,1,821969,149256,21,54514,3948102706583948998,372.27
2921,200,80,64,72,45958,0,20,2378522,8782,238,46030,5175329769913204762,226.75
2922,200,81,66,64,39693,0,13,540325,221088,0,65996,3417283101989745734,625.53
2923,301,51,6,49,63231,0,26,2397337,123283,12,77646,669282817516690725,940.57
2924,301,99,61,73,39614,110,23,1635890,70353,59,1858,3238974996756115112,820.33
2925,301,158,17,31,1994,0,5,5272629,142242,32,95585,4127519589776601882,183.64
2926,200,34,90,52,28817,12,27,3358752,2087,89,79851,5756308885763445284,480.26
2927,200,67,54,86,6682,0,6,5711071,33429,253,74821,8533104713435182795,414.86
2928,200,38,98,86,18938,0,8,1281782,156496,49,65506,5024718149245757561,373.34
2929,200,41,85,67,28246,29,13,2628885,97103,196,32427,2264373771957658891,63.15
2930,502,140,37,69,60373,0,20,49351,152910,26,54170,5262730203570056223,811.51
2931,500,87,4,48,10160,0,0,5454253,247350,206,26155,7235483069806838278,595.09
2932,200,97,64,70,2833,0,4,6147165,53832,78,99819,8974494682334071999,781.51
2933,200,71,18,41,17062,103,6,6600761,66888,211,30583,8023450904201304832,40.9
2934,200,74,89,37,17953,0,17,494037,52710,142,60665,5954488779063495903,581.31
2935,500,90,23,59,37294,0,22,3772682,31259,183,79,481683341531082135,283.5
2936,200,64,95,40,15793,0,20,1615901,154546,181,49012,2715536697413593588,380.64
2937,200,116,55,30,16167,0,15,1231621,157572,45,56271,3513401577473556085,1.52
2938,500,94,0,30,49186,0,4,3009541,7798,223,12079,3632741445391551965,50.93
2939,502,44,95,78,24503,0,6,2396278,173110,249,70703,1397801329814617066,101.09
2940,301,88,8,27,29568,0,0,3897438,61546,32,71304,4620433406383117568,476.56
2941,200,66,63,77,63269,0,26,1598600,153164,67,49080,3594789971204354102,79.02
2942,200,125,97,76,22443,0,21,6377483,43676,208,83573,373714633238388250,332.86
2943,304,128,30,33,45464,0,13,6804623,139589,255,30239,7889063550988258938,969.47
2944,200,279,94,80,5490,75,24,6994712,214240,207,59815,7207289319462051300,324.78
2945,200,33,48,44,5262,0,8,6852842,149094,93,27826,476526417329355436,887.59
2946,304,32,88,71,39443,0,19,6887109,4261,16,13858,5746657504289115545,776.65
2947,200,158,13,42,59858,0,0,3524544,163356,119,1353,5650156441639925826,76.89
2948,200,104,26,66,25879,0,13,5039156,146967,244,36862,103255182897649478,304.28
2949,200,75,99,89,20312,0,6,3765453,106887,54,21841,1702257277795998999,909.06
2950,404,50,12,39,6183,0,19,1750891,28847,61,37134,259495676087162178,509.27
2951,200,118,55,28,16326,0,6,6152389,243019,181,89720,6693305722046455010,112.15
2952,301,65,43,22,30377,0,25,7344756,231767,44,42400,4513530017757873330,571.4
2953,200,169,37,16,18432,0,23,6640579,220704,191,84844,2305128896963909023,222.82
2954,200,117,26,43,40661,0,18,5294279,87140,80,75624,1273074363131551248,250.67
2955,200,120,15,84,42558,0,27,3258895,6585,166,61344,5998451138068156649,46.82
2956,200,17,95,28,17549,0,2,2479606,76659,79,23357,3664437214657560336,639.99
2957,200,94,51,15,59420,0,27,7722174,45859,33,12942,642690047631120428,814.65
2958,502,200,87,79,46640,0,5,7802648,36681,130,47016,5038112353117806892,316.18
2959,301,64,83,40,10310,0,4,6000311,79375,42,11529,7668976195272253761,661.29
2960,200,143,19,73,4991,0,22,3825232,194427,0,9374,6948978005086352987,75.06
2961,502,140,6,38,37777,0,28,578275,215257,118,75504,5952455969533808647,721.14
2962,502,60,91,34,46514,0,17,5465013,62843,105,60511,2391917129920043620,740.67
2963,404,107,35,43,28681,0,9,4591202,81258,58,14918,5210613315357305620,556.69
2964,304,116,31,19,1940,0,16,306372,57906,133,81717,6789097837653287505,442.79
2965,200,187,34,34,13359,78,11,3313490,171665,30,21078,4092812036350896391,925.59
2966,301,23,29,59,14025,0,19,4498850,197656,168,42151,4203035789481773762,793.33
2967,200,18,9,59,56125,0,18,6180845,113144,188,59050,8181996921692041095,227.42
2968,304,101,10,59,43379,0,2,4229150,29440,156,81102,7974034525935554111,285.55
2969,500,92,77,82,46615,0,19,3902657,91801,115,7287,7026697480703664624,687.1
2970,500,91,94,65,58759,0,23,2901400,135068,142,54305,8046000598001392716,594.41
2971,301,38,2,48,12795,112,22,4977475,67686,9,87578,7791169428169684560,470.66
2972,502,37,77,56,16118,0,7,2239755,54974,143,39428,633630472792247090,402.69
2973,200,96,74,58,55228,0,22,7080229,245100,127,25646,2203526881179994530,456.31
2974,301,49,20,48,33079,0,12,1607491,88915,77,51588,2000979913322415166,550.7
2975,200,119,38,52,56368,0,14,2317404,45939,108,14211,8519940633033009506,503.08
2976,200,87,28,27,49933,0,9,7726268,214811,155,92611,5047051138984943631,457.4
2977,200,152,89,20,25086,0,2,197361,97784,56,40795,3279998033985283645,405.52
2978,301,102,35,21,43066,0,1,4813920,124214,144,52868,7601752038827798225,876.26
2979,200,139,69,42,52489,0,22,5710383,99807,87,33944,3023816108028386455,930.37
2980,301,86,33,73,48810,0,22,998763,239787,94,98582,6766335802480323770,288.08
2981,200,103,88,53,46249,0,0,995179,72391,120,59608,8205543961539473191,597.04
2982,200,66,33,15,5119,0,19,5119744,18320,155,75463,6368954225984353052,927.89
2983,200,175,67,87,8347,0,6,4810900,115571,57,86433,2966206503622302960,834.24
2984,502,8,49,48,43726,0,18,7387956,237479,156,32256,5998078706238348194,896.71
2985,404,51,87,76,9642,0,27,4747466,84145,49,95728,2895523278077625498,361.77
2986,200,123,100,20,39673,117,22,1503930,77741,203,56550,2699267315334180456,643.41
2987,301,103,69,87,52193,0,10,4693014,175355,59,95690,1370611949666098001,592.63
2988,500,114,59,75,2948,0,20,5403906,10517,38,4695,457100564893283354,521.87
2989,200,112,34,69,50616,0,14,3572009,68140,7,32158,8769783561792573827,906.36
2990,200,129,84,79,27187,0,27,4386034,212887,227,1643,2516688470296406299,223.58
2991,404,108,23,38,33742,0,12,6488652,10677,162,608,7101814677731876750,574.22
2992,502,107,13,38,33984,0,11,3071848,218589,254,48200,3701119350672237376,149.91
2993,304,108,86,61,36598,0,27,5913317,199638,17,20209,7984191184761162843,825.01
2994,200,14,14,41,30148,0,10,3921526,66021,54,63045,2207670379842824192,578.34
2995,200,144,43,88,44106,0,1,4650487,6053,167,84863,2735896286537603430,898.07
2996,301,84,83,70,44147,0,10,7442421,1655,135,73586,2744447453394154653,373.02
2997,404,64,55,33,45161,0,14,4926230,120374,174,86164,3017126281824413774,30.56
2998,200,82,23,22,13515,0,3,2478450,241644,117,19742,7844527870542771678,572.22
2999,200,43,52,43,57275,0,1,6993706,180782,79,56278,239911932033623510,412.66
3000,502,42,50,28,53444,23,28,1573950,220056,24,7661,730242942580476354,779.96
3001,200,48,43,89,7040,0,28,45336,27616,96,30672,6874873357539377076,726.47
3002,502,78,38,63,61071,0,0,2370251,35957,61,91359,2977030148606523622,242.1
3003,301,89,94,21,19177,0,10,4039296,140894,93,34411,8204102168313831970,361.11
3004,200,66,77,46,6171,0,15,240345,161069,24,30438,6420127644308996627,608.82
3005,301,57,39,51,42658,0,20,3350542,113408,157,21005,6468329290144955292,566.35
3006,200,117,40,48,43526,0,3,3480610,32947,144,36035,533470778986596859,186.28
3007,301,21,11,15,11013,0,16,2806323,114165,110,13664,20576431700276983,665.68
3008,200,46,85,51,1504,0,21,152313,249746,71,40495,2886298689144136639,1.68
3009,304,111,4,16,57940,0,22,3364209,37020,107,33505,349557758875277068,686.78
3010,502,26,40,61,31661,0,7,5066713,101805,107,32836,5407871933170324638,401.8
3011,502,100,10,18,19988,0,27,529922,97708,148,77033,6337825129280092397,461.75
3012,200,62,16,49,51666,0,11,1103568,197631,61,65154,2030831570767323003,418.38
3013,200,28,77,84,5539,0,27,1948711,220163,41,80676,5871809355415887406,901.89
3014,404,100,42,83,12175,90,2,5639385,113501,162,88724,6879801166749005662,523.3
3015,502,88,28,54,41951,75,20,386167,25665,146,45836,7404092623321525992,786.42
3016,500,0,22,23,56940,0,3,5594762,188621,76,23918,8370734704137950102,201.55
3017,404,185,45,83,17739,101,12,7900506,9745,99,43017,1467573910785732765,925.18
3018,200,123,33,48,19888,0,13,3647678,79071,140,56936,8032316113946345519,564.49
3019,404,116,43,18,28339,0,10,5877309,151219,159,76419,4581725004068048783,640.92
3020,404,121,44,73,20353,0,26,3554137,143622,6,93073,3886943833902119421,133.79
3021,404,48,21,43,56106,0,26,1004879,106014,88,56729,8407106660297704294,62.3
3022,404,195,91,32,55629,0,7,6363107,26710,139,78415,8321865349600222130,71.3
3023,200,3,4,50,55373,0,23,3710731,11586,23,8037,1734498241674760419,392.38
3024,200,101,30,22,49898,35,10,5869683,157147,224,13995,5837659414146111701,245.64
3025,200,61,69,92,54673,26,25,4662837,67475,196,71214,544090936647725526,797.73
3026,404,24,0,27,41066,0,7,7473172,179739,22,28921,459028827218184192,534.19
3027,502,42,48,21,55458,0,0,7806284,144164,98,71780,6000571406932514369,728.78
3028,200,147,51,88,53431,0,10,2832798,15440,119,2075,7013534335414889775,566.38
3029,200,67,91,73,11279,9,27,2261374,35119,203,1124,6008768164129245387,438.74
3030,304,159,32,31,62831,0,20,738544,225732,153,86361,7248923823681740104,8.98
3031,404,22,1,83,3685,0,8,5216514,195235,110,60545,390018640020629780,634.78
3032,304,100,67,29,9489,91,17,7120271,6117,98,43744,3764899228800842330,963.62
3033,404,36,74,35,4041,0,6,186835,111140,129,52778,6329382743797237430,769.63
3034,200,59,51,41,26384,0,23,2772971,223004,232,94294,2064811477103786448,953.57
3035,502,67,53,58,47340,0,6,2164061,73476,103,59053,4246504189960813982,440.79
3036,200,2,53,51,32910,0,5,1635508,214634,241,66587,1316610271954074161,245.66
3037,200,75,5,68,63822,30,15,1391107,6742,24,63093,390924218820521933,782.99
3038,301,173,20,81,28068,0,12,1193146,106932,155,11521,1076521691545322637,30.09
3039,502,145,53,79,56312,0,5,3930585,212963,182,50619,5439780728715238719,80.92
3040,404,8,92,67,13612,0,6,7869069,188462,54,24786,4886986656675065504,228.05
3041,200,97,67,77,35231,0,8,4656414,42688,205,85811,3539677209936964106,388.58
3042,502,71,81,85,34738,0,12,1387976,55044,162,58574,8835763241868447768,621.34
3043,200,38,95,15,31109,0,0,1341522,61795,81,72794,3737284962211239839,310.69
3044,200,66,80,32,19817,0,16,907336,245124,61,66912,4035129433279851664,70.42
3045,404,38,58,47,43393,0,14,2731233,108909,46,79706,6622190755609869786,990.18
3046,304,122,40,89,50243,0,5,4367278,164603,75,43654,3417045779504148210,880.11
3047,304,135,66,21,54542,0,12,5537619,52129,164,94558,3360639086119959164,627.8
3048,500,99,86,45,39083,0,10,6622412,180678,75,22578,7193424158395131398,656.59
3049,502,60,46,21,56536,0,17,3427137,249706,204,20209,6022538463816833847,391.87
3050,304,149,57,71,7286,0,0,4746481,123535,231,97608,6376864018146401502,848.16
3051,301,78,64,54,56919,0,28,3833955,216216,221,431,4328446977890006666,8.92
3052,200,135,61,79,33994,64,5,7717412,165867,98,66434,3784426916273508717,554.91
3053,200,9,64,47,47110,0,21,5091331,149097,164,23956,149097155560893100,91.38
3054,502,134,30,18,63094,0,0,1982207,193847,245,72089,2227328658255964592,354.3
3055,200,153,24,34,4808,0,17,4117706,29817,167,17698,2056128413045417528,623.66
3056,200,125,91,18,55994,0,1,4706387,91504,226,35008,76737438309552730,616.85
3057,200,75,73,87,11492,0,18,3665558,191449,2,31727,2400288776419540327,930.37
3058,200,69,83,84,5833,0,16,4565057,174848,51,11006,1624111778293111508,298.29
3059,200,160,55,55,46548,40,2,4613226,154471,244,81415,6981312635315332013,705.88
3060,200,128,67,41,54477,0,6,6777529,198120,41,19579,7119555591611316925,647.82
3061,200,233,15,44,21752,93,17,2189510,142548,207,75386,966716173567166731,79.54
3062,500,74,21,21,48618,0,19,4927196,95743,106,90990,6436671501608283213,534.13
3063,404,14,83,57,6461,0,15,3742518,202724,173,91951,224333942323643811,412.6
3064,200,100,21,53,9822,5,18,6037985,138577,24,46816,251933460909210819,656.21
3065,301,11,72,23,5535,0,13,4362415,77056,47,40306,8160268511572698138,189.64
3066,502,42,37,86,28561,0,9,6483114,219411,20,64651,8083717917971547152,706.66
3067,304,171,74,47,57857,0,27,3873399,121126,65,6786,2226148014509965253,637.9
3068,200,160,35,89,9015,0,4,6171331,189125,221,49140,6645673535667774674,932.33
3069,500,21,22,86,63911,0,23,1116952,200200,133,50081,2946016542445112133,131.1
3070,502,91,96,79,22072,0,18,4102136,147402,208,9980,2349081692983147697,802.03
3071,304,56,19,27,37551,0,19,2985216,69815,145,31304,6063755892488602236,748.03
3072,200,144,48,58,54682,0,15,7040507,159305,18,16525,7442631133569386458,388.37
3073,200,13,99,78,7601,0,13,1190446,113060,109,5907,5634806298131302835,825.67
3074,301,70,35,15,18969,0,6,7453231,141686,72,79135,6045507604685227355,342.52
3075,200,119,62,68,46741,0,7,6450094,48191,251,14976,4007865824349875881,448.4
3076,200,12,83,71,36036,0,0,3780126,158596,95,11358,96291914428117379,892.42
3077,200,155,33,28,7896,0,18,3137170,148853,6,58670,8160408740459677970,499.51
3078,500,23,57,54,20353,28,8,7946334,248288,102,58279,5086011324998247606,292.77
3079,200,66,35,77,60007,0,3,5845214,123310,111,68568,8578065481688040470,294.9
3080,500,117,100,22,24131,0,15,6713818,110522,226,1330,3727199209090321744,244.86
3081,500,89,57,27,2931,0,14,1418938,170150,136,35180,1367468351887890261,384.1
3082,200,98,81,87,14293,95,19,6900891,145436,22,21551,80501824647837002,80.23
3083,502,65,71,61,24031,0,10,336980,15223,131,67062,6571909270191012100,666.97
3084,200,150,15,92,54930,0,20,1487503,93282,144,31457,7587392978233168889,853.55
3085,502,18,61,36,48603,81,15,4816732,17725,26,15475,62533533892945388,300.26
3086,304,176,16,85,3461,0,23,4208515,228762,70,53322,3711953516970954351,876.81
3087,304,86,49,64,35909,0,21,2218123,43082,16,89627,1517294880429704022,0.79
3088,200,40,76,61,57993,0,3,4091415,176117,46,41080,2718681032043987872,801.57
3089,404,49,94,18,2017,0,16,7649644,24455,51,77598,3432707404155149734,443.75
3090,200,142,28,66,35588,0,12,1892840,120571,59,63211,673491147543465674,375.01
3091,500,120,36,21,59213,0,4,4049563,22163,191,83071,1158661447171838004,832.91
3092,404,20,29,87,55180,0,28,127969,220282,187,99590,7862910293153898664,569.95
3093,301,137,3,55,42955,0,27,3322081,42176,137,65447,4585864401435631899,185.51
3094,200,54,82,86,25953,0,12,1206438,218234,107,2228,5199478164039093068,73.29
3095,500,5,81,82,23012,117,28,3223418,158017,95,45601,6542373296685245278,11.26
3096,301,29,18,57,43699,0,2,4800627,33871,164,23792,569249367520304100,408.4
3097,200,90,84,79,24431,0,9,2502496,59421,194,81632,4984475227803886138,439.81
3098,404,52,1,15,13580,0,24,7381632,233967,139,37721,8151332346732251964,266.51
3099,301,38,27,80,17412,0,26,6747066,218053,21,89371,4630016067821211214,300.88
3100,200,94,10,40,8029,0,24,5277227,84256,163,33922,5174553750009890029,947.89
3101,200,146,73,68,52084,0,4,7654248,244703,148,66001,6657049757335736083,453.73
3102,200,178,69,55,44047,0,15,6475398,16778,108,68449,8534280555816529550,513.39
3103,404,14,20,18,29128,0,27,1149792,232043,63,84398,6746134521626163174,364.19
3104,200,95,26,27,35737,0,0,594601,197703,36,55736,4413384789609118715,997.1
3105,200,123,2,38,40252,0,3,361026,195491,222,32204,8961475061106214013,863.69
3106,200,47,42,82,62675,0,26,2263952,168306,131,35799,6345478633919446933,738.36
3107,301,146,37,76,4636,0,7,1310576,8651,168,11683,6745884751246530361,795.86
3108,500,167,55,17,36383,0,4,1110105,234923,181,43415,5593755683451032415,480.12
3109,500,126,58,81,18805,111,17,625219,2808,174,4686,4826188038238420922,708.85
3110,404,124,19,59,10891,0,9,3715501,73325,12,58618,7185747653155601533,747.13
3111,502,152,56,44,47057,0,19,1602555,25924,128,60081,5890720981905612419,416.41
3112,200,74,69,49,9335,0,15,3975300,137630,20,51465,466499495302773291,342.8
3113,200,7,32,43,7068,0,26,6080587,208735,190,99453,7021115328724924380,354.25
3114,200,71,90,77,59564,0,17,5205960,176059,230,43927,7834968148487813819,320.53
3115,200,106,15,86,14405,63,23,4115008,25949,56,43048,4148955147286641427,217.91
3116,502,24,52,61,18127,36,21,7437077,26652,119,44442,6859612715615468228,419.35
3117,304,34,47,52,54654,0,23,3675901,5293,166,66986,4823807758390400650,671.48
3118,200,162,67,19,57784,0,6,5724880,120784,171,32464,1427760781405801758,276.23
3119,500,16,89,25,1358,0,13,3934030,47398,27,13994,8577354046017532377,468.7
3120,200,57,89,66,4042,0,2,1667951,108806,6,57535,5232167180235503592,177.67
3121,200,126,60,69,59254,0,9,6529893,75501,72,58317,4289497474551793542,311.53
3122,304,63,44,88,54950,0,28,7113766,144196,221,18591,3312718305412417550,392.54
3123,502,68,12,73,58531,0,8,7987872,203934,81,82508,1254142667504907483,840.55
3124,200,71,3,86,22421,0,8,494466,209907,252,83146,6396031579457620842,925.41
3125,502,162,30,83,44031,0,3,69641,220185,151,6587,2467871857817831924,307.69
3126,500,78,2,70,62201,118,2,5653117,240737,140,24799,2077588582622368794,128.58
3127,304,9,21,32,7034,0,25,1575955,83993,47,60914,4450721138646304654,553.82
3128,200,103,66,31,61163,0,8,1137062,128474,188,3768,3656374971866055576,584.37
3129,502,131,78,27,29174,0,23,7397392,43832,161,8886,4351455687142836885,236.95
3130,200,114,56,67,40058,0,18,2293287,242575,123,94063,6324329921559567105,611.6
3131,304,75,29,30,38862,0,8,3156152,25194,37,71155,1509954282552117422,318.3
3132,301,130,68,46,17992,0,11,1591915,194264,244,62562,6715996241634292602,460.29
3133,200,58,68,45,28920,74,5,5828227,161573,1,87021,6946223756146264604,169.92
3134,304,121,78,19,39776,0,28,1618437,111933,4,90003,8826263014865057748,818.69
3135,500,79,45,39,7315,0,6,2287362,199840,39,7649,8519638166047570021,12.64
3136,200,170,38,41,59210,0,16,5782326,186217,128,92874,2647799346942085901,971.65
3137,200,105,49,58,6489,105,12,6058052,102214,65,84714,5305142738793611870,613.64
3138,200,43,97,73,44781,0,13,3455556,191087,102,97703,7344125220370692135,675.29
3139,200,69,76,70,32774,33,4,7129530,97416,81,68221,6184637517023000416,502.71
3140,301,38,36,72,39456,0,24,655538,186147,148,27505,3227861228465213271,141.76
3141,404,41,10,82,53983,0,19,3061381,109076,60,18922,5101970709733683201,664.92
3142,200,47,33,44,43340,0,24,176793,217152,194,15470,5779788477454947348,760.18
3143,301,109,72,40,40386,0,13,1720756,231249,106,45053,6958173130596405529,476.26
3144,200,25,23,42,8569,0,4,4610813,5501,82,31615,4306658715691877643,674.08
3145,200,47,16,76,31066,0,24,7111234,132963,36,59254,4358998399460503125,225.21
3146,200,122,19,77,23633,0,10,4898158,137142,33,87207,6014945624434367809,328.32
3147,502,35,55,59,11779,0,2,5002000,89013,11,20921,3139409692649843269,397.54
3148,200,150,48,76,28782,0,14,4896829,165721,229,3302,689434482500155625,83.18
3149,404,11,86,31,13896,0,16,558885,119489,64,43152,3948315250638843121,365.3
3150,200,141,71,48,8869,0,9,5632028,102135,101,42195,7319613304891118347,190.26
3151,200,52,5,80,57450,0,17,4047677,158658,129,98116,8795487370860547400,577.29
3152,502,144,86,79,47116,0,15,5680826,245630,136,54371,2792495825584606025,383.71
3153,301,68,68,91,37706,0,6,3722799,236805,89,69535,1329251478942699786,36.53
3154,200,35,2,29,35994,0,23,3878653,247839,182,30565,8340575614617903311,902.93
3155,304,54,60,36,1184,0,28,7114790,87029,206,91731,2868413480416212860,528.38
3156,200,21,19,33,33066,0,8,1117332,131289,66,16733,6012016104961909981,884.77
3157,304,130,92,52,56477,0,28,6646728,115037,43,49247,1306636984656446791,792.76
3158,500,65,100,65,53105,0,4,4326371,158506,127,88250,6235577266494446129,491.48
3159,502,43,33,42,55622,0,7,7715308,19596,103,68544,5846791423740433256,134.78
3160,500,110,100,54,24296,0,4,3850289,69291,95,21086,6834472649800631339,104.17
3161,200,163,46,18,22387,0,16,3001479,55472,78,24743,4079419372703297914,569.27
3162,404,67,24,50,61263,0,25,2218248,128666,113,41785,5318049290117100086,85.2
3163,200,256,38,47,58444,0,6,2387173,235943,155,46408,8760335559811349714,758.41
3164,200,64,87,45,52552,0,19,4952946,202298,131,4315,4342528571252376529,189.8
3165,200,118,88,19,50907,0,12,3515222,129192,18,38462,4125493827314319128,814.45
3166,304,21,92,36,56955,0,9,3304923,140563,113,44701,3538931009072334151,488.23
3167,301,79,99,74,3825,0,28,342315,189076,46,58524,966453912776106530,929.76
3168,301,23,58,91,29941,0,11,7038214,92201,178,58635,106779252839184374,760.57
3169,500,104,44,60,38470,0,26,7655078,92695,111,7409,4093038043006405935,949.25
3170,304,39,87,40,30911,0,3,4726131,105083,158,31848,3262608487965416437,456.17
3171,200,18,77,37,50512,0,24,3426490,122737,62,92095,6097502020490284285,94.45
3172,502,120,65,71,32043,0,14,3844844,30316,24,92597,4174768766427129026,193.23
3173,304,113,92,35,62476,0,6,6169660,233977,240,94762,3243651150701558139,551.5
3174,200,37,99,27,40735,0,0,38562,37479,209,15104,4527455687673727607,825.68
3175,500,151,78,17,12856,0,24,5885204,106319,125,47613,3407811183681660411,922.46
3176,301,152,64,88,8666,0,14,1397371,35348,1,41684,8091259003847958635,144.24
3177,200,29,33,16,42619,0,11,4133206,93639,154,65614,4339378340091754666,365.35
3178,404,160,44,36,51308,0,10,7123625,99595,66,34290,7398877044556322123,293.2
3179,200,105,41,47,14322,0,23,6352836,109072,95,49461,5217719132194139040,134.21
3180,500,78,65,20,38412,42,1,3606448,188554,207,96488,8544498384015338360,475.24
3181,404,84,94,51,57198,0,10,2358304,97065,46,85816,6832332720807570524,722.83
3182,200,55,20,83,52170,0,28,1624662,198800,101,99250,5430370513342555805,715.93
3183,502,56,63,74,33791,0,0,107129,99776,108,26384,3316188810772686184,56.01
3184,404,70,97,89,47380,0,11,4885810,242080,47,31749,8794996762406663020,924.19
3185,404,156,0,34,39508,0,25,4531478,146225,145,54520,7862535642764285207,912.28
3186,200,148,57,34,6066,77,10,4504395,127046,218,92653,1361458464457052977,610.92
3187,502,107,1,34,6939,0,19,6911736,58929,16,26886,6348426183584079913,340.08
3188,200,40,54,33,41563,59,14,350166,8169,23,78666,7111377977918881033,563.9
3189,200,118,40,87,49837,0,14,7546787,232451,143,9027,8893316585875580206,678.46
3190,200,159,69,86,10413,0,21,759681,208529,143,17875,4463391918521238052,332.22
3191,301,67,64,22,48135,0,10,5752514,40663,222,53544,8378813650801890155,733.05
3192,200,101,96,76,27134,0,5,7972206,79022,82,44504,7824849048821971885,723.54
3193,404,35,34,32,6161,0,28,1769805,43356,78,86489,7295844250707428030,504.7
3194,301,59,62,51,27933,0,14,1141886,72487,179,26051,3166972948037912625,584.57
3195,500,67,78,36,20889,0,9,7898745,159476,204,36182,2829789720711035282,957.02
3196,502,33,64,43,4767,0,17,6519460,148966,115,42711,1180462201598282450,773.74
3197,502,88,47,52,26991,0,23,2268139,77072,144,92167,2543328155405688073,463.61
3198,301,17,17,45,37671,95,14,5738324,84784,52,48297,2959497208550302238,696.13
3199,200,55,32,54,63412,0,23,4149137,226503,33,67056,7607520976318684430,750.67
3200,200,19,90,77,36659,0,18,21865,246084,8,63372,4928039356956174024,620.44
3201,200,97,42,71,23077,0,19,4408852,142943,142,29878,5044744555787802937,918.67
3202,200,81,16,55,2388,0,26,6327076,108026,223,73744,8919244018595320421,499.68
3203,200,56,92,79,11202,12,12,1901892,196873,104,17027,4860144514790769679,53.36
3204,200,79,37,25,39279,0,0,2500633,203285,24,88692,2956612260174482431,509.8
3205,500,174,61,34,40688,69,28,3522736,13674,239,93719,3734626016636016738,497.46
3206,301,77,21,31,60327,103,1,3205180,34215,88,16203,2950021611577923873,218.1
3207,200,41,12,18,47550,0,28,6332369,154321,67,55988,2677490983577645322,928.42
3208,301,151,71,31,5746,0,5,2366406,103358,117,1703,4408784478255668362,714.54
3209,200,67,60,34,1894,0,26,1545552,111335,47,95769,7761344034748079596,458.24
3210,404,125,76,71,2797,0,8,4225668,110732,126,19747,7810074944841272566,441.51
3211,500,66,20,18,47074,0,26,1036342,225657,124,54942,4461557522094926287,897.96
3212,200,56,27,85,5747,0,19,4114708,126087,141,17917,6005212979992484984,95.56
3213,500,68,20,55,33366,0,17,6818425,23240,9,55383,1033870792395923967,756.5
3214,200,74,14,77,40631,0,1,4068416,153968,202,86275,6043412047492738548,457.75
3215,404,41,3,79,50686,42,2,329229,47998,106,80713,4996338771414834578,480.26
3216,404,47,70,45,31529,23,5,2282387,189090,213,90242,6147740272067079426,386.46
3217,404,165,56,71,16309,0,23,3694133,226474,251,5355,6093913240972449954,605.57
3218,200,73,48,55,24381,0,19,7904379,184773,67,26830,3258153239861322256,546.82
3219,200,148,33,52,37546,0,18,1117142,117865,32,76874,3358709891494412835,529.59
3220,200,168,7,59,11427,87,18,237914,161571,113,70298,3446924875226038385,335.09
3221,502,39,64,28,19998,0,6,4248251,20975,219,26062,6100787896288126087,29.12
3222,200,81,72,91,49064,0,12,4097109,109996,13,32663,6748341732176680782,328.41
3223,301,149,96,83,16955,0,4,4092131,62612,47,85280,6842290808680587478,266.13
3224,200,114,51,75,44213,0,6,2024286,30253,18,79584,480363006953842191,623.16
3225,200,95,51,81,36231,0,0,6730919,55107,74,76472,5312899789522264166,411.76
3226,502,32,81,79,56696,40,1,1143087,129143,220,88541,5036901807801916679,457.47
3227,200,3,82,48,16196,0,27,294880,130914,136,65004,6307722852223767042,915.73
3228,200,155,59,26,21702,0,23,7480277,188096,151,79828,2940278639450294780,56.91
3229,200,51,15,58,59987,0,25,5794730,3805,239,78484,1805154121875003907,208.17
3230,502,144,64,57,20943,0,23,323606,61547,25,72566,2068978409782845271,440.18
3231,301,71,34,87,4209,0,26,1438922,174926,98,69748,4665862968365163051,637.99
3232,200,79,76,89,41300,0,17,7552936,86764,37,44682,2801886068036042495,50.39
3233,200,130,4,46,4808,0,18,5971331,157650,228,1876,4336566779827415808,323.04
3234,301,53,90,53,49681,0,9,6280370,2020,103,32112,8322015014786090491,142.86
3235,200,104,23,59,627,0,12,3415113,111944,228,87418,4285902744594016671,588.85
3236,200,118,31,37,31070,13,9,1302075,214250,222,83615,1663765566987890620,415.89
3237,301,11,60,59,47255,0,22,3498727,15647,97,76449,6013656890193734123,739.56
3238,304,61,98,89,54392,0,7,5621027,155497,92,67508,8309516126235458070,85.95
3239,301,50,7,46,42408,0,25,626147,156159,251,44069,6324065951060147912,217.45
3240,200,115,11,63,41924,0,0,7312164,127964,8,78994,5594998467169643591,195.61
3241,200,103,57,15,58966,0,5,5318508,237364,210,98427,5057611957264670215,27.0
3242,200,33,13,81,10934,0,22,4150814,176145,188,37936,3776490640237368071,919.68
3243,404,122,68,72,27127,0,8,1694553,28362,62,59343,1713669030487947709,869.27
3244,404,38,42,40,316,0,8,5974163,199261,168,51799,6359336653090445590,294.92
3245,301,45,16,72,33888,0,26,6163507,208973,128,64640,5096998568196061859,722.82
3246,200,17,38,54,40127,0,23,5547705,215045,33,4512,2087873887259905560,293.04
3247,200,27,22,48,9047,0,25,3403397,140613,116,10046,4201568946397244592,845.12
3248,404,8,50,54,61042,0,15,3035454,168691,130,98060,7420689314841365418,427.55
3249,301,74,9,43,58580,0,21,5340599,177241,223,1927,8570354038495722077,615.65
3250,301,13,49,20,52324,0,7,6585121,110652,52,45068,1015693709257284356,542.61
3251,502,124,60,78,21799,0,26,6470710,225098,214,12521,3600552209417401853,484.01
3252,500,128,26,38,39173,0,6,4754515,238988,169,90363,5848580132462089495,413.38
3253,200,51,71,59,55386,0,18,6664388,188544,116,61993,8551511679509210176,854.76
3254,304,106,93,87,17539,0,10,5864208,204409,100,2766,8461719327236191778,955.86
3255,304,33,54,44,35466,0,24,6626543,125160,219,56357,1651044386189312345,8.03
3256,200,83,11,91,536,0,27,4296950,176990,228,92154,3060783474767178007,436.4
3257,200,90,69,91,55863,0,2,6161810,127845,88,4326,2843797765492642714,328.76
3258,200,58,73,80,5159,0,1,4904272,247322,123,76877,3956449328701372120,79.12
3259,304,102,95,62,52215,0,22,7476275,92639,192,47094,3041559132103883562,737.43
3260,301,34,88,85,7005,0,6,4430538,10043,73,48904,5175408929043149275,545.44
3261,200,21,37,22,47915,110,28,5087590,132119,180,73643,4147173161487600361,559.96
3262,200,42,45,82,62704,0,22,2379341,204935,165,59035,946146409873271356,129.18
3263,200,62,80,30,30178,0,10,4142649,181544,167,44002,3985489583924172352,802.13
3264,200,3,0,77,61259,0,5,6878410,97697,192,34660,6492660409565434863,884.77
3265,500,54,51,79,57356,0,16,2975677,19031,61,2530,3611160917348176952,979.05
3266,502,133,91,50,55466,0,13,4476312,115730,144,69791,5485978328012143360,563.83
3267,500,19,7,85,40188,108,16,5714739,155279,97,17043,5342720791291987421,196.19
3268,200,164,31,54,53892,0,22,2416719,137397,194,53061,6079933726514529949,131.7
3269,200,108,0,90,34091,0,10,6461980,39852,3,44364,27191252688478452,874.4
3270,200,73,15,50,17451,0,3,440144,246570,60,16248,1171772305615745393,859.21
3271,200,74,39,53,36140,0,23,4494438,230264,28,64636,441565210364887004,927.67
3272,200,94,82,78,200,0,12,6891863,237999,117,88786,6754732401237555073,320.1
3273,502,51,5,77,24560,0,25,6227517,31875,205,69596,4944324633672399390,738.7
3274,200,153,53,25,45168,0,15,155385,174995,180,66883,2926189064697952229,639.46
3275,301,182,63,84,6053,0,17,4755470,210720,89,55245,7926017535625320721,809.33
3276,200,148,18,45,25930,46,20,3524471,130023,82,2982,4644451086752550017,652.49
3277,500,19,25,75,26427,20,11,5332294,199183,43,83923,4989541862769309118,431.17
3278,500,36,15,42,27344,62,14,3168408,72318,67,88344,8146469912336749982,777.71
3279,200,58,0,46,32543,0,12,7615347,114099,251,26803,257797089229953105,853.88
3280,502,73,88,65,29992,0,21,5387920,113427,210,49847,8503176171890769592,174.91
3281,404,18,85,23,34648,0,17,1869038,222891,60,25244,2286556424592097595,187.31
3282,200,223,24,57,19071,0,9,6973795,147217,73,7632,4105698593979230425,885.06
3283,200,127,30,75,62901,0,19,2358628,111802,150,87959,8043026592386986204,522.73
3284,200,61,2,75,44640,0,26,581403,11857,241,56551,4231748626425850403,346.7
3285,301,202,42,15,16143,0,25,7819496,33653,29,66828,7368159237392121553,76.38
3286,301,94,61,46,35127,0,18,6342771,177511,26,89428,6300710962802535656,278.81
3287,200,30,64,60,60701,0,3,2293449,126144,239,21497,2130110112172375600,916.44
3288,200,21,31,66,50940,0,22,5285066,116551,248,38772,8738725445128047519,117.88
3289,304,93,65,19,62830,0,14,7405918,96262,109,78216,5346495240048823036,49.57
3290,200,92,5,41,45255,0,24,4596647,48852,52,20725,3267943103869377715,748.71
3291,200,22,14,21,61219,0,21,2455082,165255,60,2518,7203002642324469657,310.57
3292,200,119,66,15,6838,0,25,1934611,32104,93,93620,6615113898881015093,896.33
3293,404,65,74,35,21031,0,19,4390497,102461,112,11199,7541630468440700707,783.4
3294,502,159,58,46,23422,98,7,446537,207011,140,70579,3360253188446033303,917.69
3295,200,90,20,57,7457,95,25,3582157,249465,124,78439,7745789658794754684,829.74
3296,200,68,53,60,15360,103,25,3464763,164943,70,37846,826212089652517981,126.55
3297,304,84,22,61,59641,0,4,1896511,240523,72,43206,1608098512158469917,814.28
3298,301,87,50,35,41801,0,0,2977650,194812,41,38574,7182921282170420147,364.19
3299,200,152,44,61,31783,0,22,5970416,19114,178,17118,4977635195755334465,842.24
3300,304,73,65,60,16445,24,19,6584511,45825,52,39081,914931610376607548,585.62
3301,304,98,59,51,19761,0,27,3459704,220874,244,94453,5587725641002719916,73.79
3302,301,125,10,68,38667,0,25,5352539,117297,226,95061,6687288698727531782,153.1
3303,200,40,93,80,57645,0,13,6032679,39656,89,97769,7114531156063699430,789.64
3304,304,72,29,42,4258,0,8,287990,118954,16,27700,5109113053203612088,905.26
3305,200,25,9,55,57402,0,21,6250543,49278,77,98873,3925063612022075477,545.05
3306,200,73,45,60,53934,0,18,7766500,196148,53,75579,3478397721118161420,607.52
3307,200,122,16,74,4064,0,7,5517175,193247,150,70925,7212851864059731893,648.69
3308,200,50,43,38,12249,0,25,4333206,19201,78,43873,8308990239971112054,625.98
3309,500,106,73,66,19561,0,19,3710954,182054,108,50571,4645335361171419663,648.21
3310,301,89,39,56,10303,0,6,5129755,189831,64,51927,6632364906040085384,761.24
3311,301,70,74,89,23751,0,25,3070689,54170,184,32942,5975948946594972713,441.9
3312,502,108,90,55,2767,0,0,48510,141338,93,99834,1716633176950821950,389.87
3313,200,40,89,40,20211,0,21,2155008,94984,73,4555,4540548315939548925,904.12
3314,200,112,21,76,56087,0,21,2390624,560,146,73515,7516258780627876525,186.94
3315,500,89,70,43,42237,0,14,7801999,88694,245,42037,8655277680341752926,640.63
3316,200,3,68,62,1915,0,5,7117574,126177,202,67963,1052688793711883174,444.87
3317,200,186,58,55,29143,0,22,1275989,148555,250,68827,4024878526396243965,562.3
3318,304,148,19,76,7536,0,15,7791761,68324,112,4083,5009301478749214103,957.99
3319,502,1,49,67,51389,0,22,7547814,182616,154,48595,3412717680106106655,172.57
3320,200,53,12,32,56198,12,10,1462017,233751,165,53378,3194545509845498051,638.04
3321,301,19,81,86,53920,0,6,4967199,26730,54,15579,814168405639691016,413.61
3322,404,76,37,74,49405,115,20,3822907,92568,158,97155,8562990959335148565,554.2
3323,200,48,8,45,9185,0,20,3782346,249792,81,2146,346575672580365715,374.88
3324,200,47,81,26,56509,0,5,1757219,77378,14,85316,720628703616373034,841.96
3325,301,32,96,91,27096,0,17,7450642,233888,58,12044,2174108177298480356,848.44
3326,304,76,99,81,38545,0,27,394351,28286,18,75834,8726998262221209586,241.28
3327,200,43,93,51,37287,0,20,6809250,87195,149,46594,2504286421875441716,179.57
3328,200,90,26,16,22968,22,16,1873636,111510,2,60905,5087836905363854969,215.37
3329,304,148,2,43,46024,0,28,3972754,203528,114,47133,6484444732428058149,650.5
3330,200,13,74,46,17315,0,22,470231,176381,121,74216,2411050229203221823,911.37
3331,301,108,32,32,17967,0,14,2507068,240103,79,18189,781167242133060827,173.34
3332,304,9,24,36,1734,0,17,2515656,51655,162,46051,3728132354395282216,862.26
3333,304,75,5,88,15167,0,20,6703470,214384,159,91363,3763916871285539013,822.85
3334,301,164,78,47,18189,0,27,5817277,60193,99,26818,654465868041934688,998.58
3335,502,96,9,22,20181,46,13,4937439,33257,111,11799,452463923087410134,655.87
3336,500,102,31,20,29863,0,18,5615009,133269,2,46095,3960143690683184041,580.58
3337,200,86,29,63,28475,0,18,7743675,57659,190,79804,1034407236190658934,670.25
3338,502,130,64,60,55585,0,0,6535315,94904,12,60621,3570986459340274675,837.11
3339,404,28,35,38,10539,0,21,3780127,67500,168,34028,6015747553489825106,8.3
3340,500,4,90,22,19699,0,18,5726547,199845,48,59731,2035384709042826831,818.45
3341,200,68,6,69,32668,0,20,1027675,170256,137,65360,7121729516702607429,783.77
3342,200,73,36,57,13696,0,25,3637844,162466,83,48285,11241876914236914,159.44
3343,200,109,13,25,38921,0,19,1748285,144024,221,28286,7915654084777588963,17.48
3344,404,177,37,23,10318,0,2,2158787,45741,101,70651,7801185943810507764,550.45
3345,200,17,98,30,44731,0,0,216193,239162,94,493,8422277336687056834,20.41
3346,200,68,30,60,42815,40,1,1402899,78740,82,69486,4078311957930670890,535.06
3347,502,64,41,85,50879,0,24,7463050,140744,26,76341,2190149606444883178,354.99
3348,200,139,86,81,55139,0,16,4872590,127711,61,35639,750717969802059086,769.52
3349,502,1,42,29,19896,0,14,2613272,230926,235,4665,639740613258236891,225.3
3350,200,87,53,31,30618,0,0,7359786,249056,253,66569,4137914380983965388,465.65
3351,500,0,57,65,26643,0,23,2109918,27612,59,79673,4548553064452585961,588.23
3352,200,1,65,81,40089,0,25,2042058,108477,103,73326,5821209901065034298,443.47
3353,200,4,81,52,35662,0,17,2455507,231388,15,84257,1275131940572049186,680.65
3354,502,185,68,22,51018,0,23,2119506,5955,11,33965,3718475185993609769,207.43
3355,200,108,97,18,35534,0,1,6099921,109736,141,92507,2667084778488031760,227.48
3356,301,138,70,61,7632,0,1,5739347,175380,207,47665,6042739886341993495,620.86
3357,200,127,51,89,39174,0,2,3694742,75457,55,67012,8178311297277659691,292.63
3358,200,59,79,84,36997,0,24,6276796,169932,116,31757,2659207243681529622,187.84
3359,200,7,78,91,54901,43,0,1876352,41623,213,74273,3352966356072177267,737.29
3360,304,71,33,38,31952,0,24,4259358,171418,120,61960,4332155565012887139,284.13
3361,200,157,43,57,15940,1,11,6969129,54190,49,35105,4298746655519471857,372.7
3362,200,67,42,48,11633,0,27,2069055,71868,19,7636,4448335634571185910,457.3
3363,200,0,9,90,38710,0,6,473161,93922,178,94173,6256022294235366659,55.67
3364,304,5,72,31,11351,0,26,2036469,102285,69,13848,6962745441024795371,852.06
3365,404,103,80,48,49548,0,11,2480095,188802,167,45655,4367667300207019658,184.19
3366,200,110,9,20,15273,0,8,662057,185791,122,9187,4700884945897634422,318.18
3367,200,67,68,15,37295,0,22,2926176,160382,167,1178,6706976219108650315,588.87
3368,502,76,69,80,26589,5,7,6966824,61105,152,53516,6688178749633217359,364.37
3369,200,3,6,56,19635,0,13,1523520,138630,232,36790,1333146585027334105,421.46
3370,502,37,17,89,42311,42,28,7558700,108023,182,48384,583057552956684612,318.0
3371,502,166,17,41,24831,0,11,1475025,142635,121,72478,1021333439284820062,364.63
3372,200,17,12,24,15207,0,22,1587628,204224,250,89306,7585965442907747626,348.24
3373,200,29,48,19,62657,0,17,5798741,191498,81,19052,1064187394235148494,972.76
3374,200,122,69,36,62696,0,0,6912521,138732,35,44099,7624518471018190364,133.61
3375,200,24,60,23,49781,0,12,7094627,150575,186,53153,4252961490028237015,120.8
3376,200,69,79,76,8471,0,16,2882998,85764,32,11818,8164381293567895625,42.83
3377,200,73,46,81,51571,0,25,2867646,249154,119,4699,3419256417286660127,297.29
3378,200,69,10,62,54783,0,17,6882458,49603,224,30826,7514414677857576430,504.29
3379,301,105,10,18,27834,0,16,1812016,247223,133,96214,3505507488666686001,338.49
3380,304,6,73,81,19593,0,25,2236755,248477,161,66801,6794148713799721681,585.47
3381,200,64,45,66,37974,0,21,47239,181478,224,9416,6577148180913210916,374.88
3382,301,161,42,50,25610,0,20,6955859,45075,242,88844,1834624601041927100,201.07
3383,200,103,79,53,59135,0,13,3410300,50680,129,907,6720146418697170741,153.08
3384,200,147,88,37,4036,0,20,4493835,168191,88,34320,7528689901687655126,504.34
3385,404,162,36,33,44475,0,25,1543622,78050,229,15455,169366804596662360,434.51
3386,200,10,77,84,48909,0,27,223902,228706,65,7005,110127363836348772,343.92
3387,301,32,24,47,27214,0,25,6545429,218035,91,71494,5466270162875556731,233.26
3388,404,81,83,17,59513,97,5,5378334,157194,243,3843,8733287821929805903,885.64
3389,404,14,58,25,1340,0,7,661303,180124,173,40485,4650004778743259335,332.75
3390,200,42,18,22,53853,92,13,6599478,36518,93,94491,8755836510226563599,176.27
3391,502,35,70,15,29165,0,6,5445485,156863,81,28028,8240624569960282008,221.47
3392,200,144,29,74,22548,67,24,4125454,18874,228,67636,7050637820084465704,681.99
3393,200,91,100,30,18756,0,3,1747985,4925,126,2308,6337867761709887711,982.4
3394,200,8,19,80,19876,0,2,4502741,219696,51,40224,2672156357880961197,524.11
3395,200,94,43,78,26555,0,2,7093262,200175,0,46664,2725287505473233535,184.55
3396,404,164,63,16,27794,0,8,5033861,15095,135,94305,6433898043310539513,188.76
3397,301,31,21,83,19561,0,6,708077,51380,171,37048,6856590044425218949,779.45
3398,404,146,30,15,45972,0,9,6694195,76273,119,6525,3067355809227206701,254.31
3399,500,98,66,88,42849,0,24,7213673,101912,84,54810,8525670567897205145,329.24
3400,200,206,84,85,16298,0,1,3903833,146282,13,48560,2811058634059876024,76.66
3401,200,54,73,22,24549,0,2,6135030,207739,208,91053,1837271932635765355,30.02
3402,200,70,54,82,14189,0,22,621476,116250,11,63512,6698127726497112365,267.64
3403,200,57,61,77,35083,3,3,1018211,219922,234,75235,7999378119015106155,36.43
3404,404,15,90,87,2189,0,13,5253281,1154,18,40367,7613143304160809143,423.34
3405,200,123,57,62,17125,0,25,2331359,203875,69,26888,8333121185231477241,995.93
3406,301,7,38,22,62604,0,0,6027458,56623,79,87954,3530022375229437333,920.3
3407,200,4,63,79,28066,0,28,1305101,5310,168,61677,2802710199932976747,901.76
3408,500,36,14,30,18754,0,14,5986604,47539,43,84228,1305185042668736869,117.38
3409,200,37,80,27,13987,0,5,5020753,61732,96,11806,3856815347393173665,794.79
3410,502,29,93,20,32511,0,24,5744016,103249,90,26549,5967652688494209786,429.21
3411,500,69,15,66,25967,0,14,72678,118223,237,83551,4760119334889619836,260.73
3412,200,86,52,87,41444,0,14,3753453,194801,250,67255,7170000578861895583,535.09
3413,200,114,59,63,47201,0,27,3927323,179432,123,92971,4208025861348063721,857.47
3414,304,107,64,77,37943,0,1,5176146,200581,95,81261,8135907029017459552,642.18
3415,200,54,16,61,49422,85,15,1843072,246439,141,10692,6523693021358380761,427.61
3416,200,76,51,47,34194,0,16,2198465,119190,173,4835,2114394659942135428,734.46
3417,500,5,32,24,36998,0,23,6072393,191366,17,76324,4552088881613451668,873.79
3418,200,2,88,85,57458,0,12,4369823,88451,106,27478,6193625010863868448,525.29
3419,200,162,58,46,30315,0,21,3185435,110789,186,69649,4088488856841236638,598.6
3420,502,36,4,35,23277,0,28,5608623,212850,244,27554,948077480244270351,337.57
3421,301,123,81,88,6492,0,8,5615774,192010,217,51507,1320779376426336680,750.92
3422,200,55,26,60,34566,0,20,6809182,567,253,60508,4311090113394545104,218.49
3423,200,135,4,71,49965,23,7,3270723,197123,86,61588,5403112873761996741,918.14
3424,404,107,84,73,6473,0,17,7878182,135570,75,39997,6316359051952381140,942.8
3425,502,108,0,44,23253,0,1,3379848,137142,93,57934,7086739272943797238,923.79
3426,304,90,6,54,44160,0,28,129452,237568,145,72945,2400454782286051155,259.42
3427,200,161,93,77,28121,0,4,3589052,216196,106,26614,1829862673226497078,731.18
3428,500,35,26,90,25556,0,5,4744317,170990,123,62755,7592743006131012545,624.96
3429,200,108,76,24,40978,0,1,5559645,162589,56,99144,5485897769859172394,30.88
3430,502,125,1,16,20324,0,4,7524422,122286,143,16797,3773709378377885085,899.43
3431,200,182,3,27,36700,0,6,17330,71876,41,12291,3737952482327266520,38.28
3432,200,112,13,54,56653,0,18,3803453,209267,163,37210,7142992434464308418,211.6
3433,502,117,7,62,7429,0,14,6370870,56196,27,274,4303687019558105421,54.25
3434,404,194,97,76,1292,0,12,5760430,249694,142,83025,1069396066918934990,916.6
3435,304,94,84,56,24596,0,23,552105,156721,25,88007,2067337224778906733,861.33
3436,200,92,73,22,25075,69,6,3161624,188609,25,25691,8965631520730577317,972.83
3437,200,90,39,78,10164,0,0,662134,115858,97,42637,2777511583746587674,66.71
3438,200,26,4,60,14222,0,2,1237309,234205,223,68301,4998393336712920063,624.73
3439,200,151,33,74,34953,0,3,1730806,179728,255,69004,6291017646354995592,632.48
3440,404,188,96,34,48628,0,12,915638,201218,125,74129,7224785989563532860,393.84
3441,200,73,49,91,42699,89,10,3177247,222350,180,908,4530142858499711610,923.19
3442,200,186,2,43,32113,0,17,6201695,82184,13,608,6378565181122878424,818.17
3443,200,46,98,16,41542,87,17,5889218,99782,211,18985,6101698489044646783,39.02
3444,200,12,57,27,42191,84,17,6936672,173358,33,16306,7743525634778015573,238.41
3445,200,98,74,83,37329,0,9,728177,228980,136,7266,3202312690597720058,111.09
3446,502,77,27,54,18437,0,20,7266991,225202,243,62756,587424929060527957,500.03
3447,200,0,99,18,14919,0,9,5928663,99769,63,46736,3275506158950764216,498.25
3448,404,98,22,36,56381,0,28,4850928,95221,85,89654,5207827270944130059,323.09
3449,301,46,1,76,56617,0,18,6835143,16147,4,27979,3513189563799303329,474.49
3450,500,120,94,64,37658,0,21,7511399,167203,222,17143,7631554840871022429,629.72
3451,200,164,10,57,11972,67,14,4473986,215879,63,41316,6076826188712013528,878.32
3452,200,35,55,55,27602,0,8,3294366,34880,68,75877,3003608858542199198,641.41
3453,301,3,8,20,28968,0,0,4424594,66356,51,42547,192120931274356729,783.43
3454,500,38,19,64,20714,0,21,7546194,7905,118,22968,8597951522517771110,330.7
3455,502,4,62,88,26036,60,17,3904643,184388,153,8127,2606534195337700396,708.6
3456,404,123,46,29,18509,0,4,7647430,23391,85,39940,5975035170159044412,174.77
3457,500,1,76,79,57929,0,18,2021266,95894,102,54567,7280685834939349074,343.69
3458,200,154,37,68,19815,0,8,2927743,127816,66,98544,5629361242157532396,889.62
3459,404,45,85,67,21364,0,19,3586815,202187,147,21246,608149142516748877,805.21
3460,200,210,40,53,10271,0,14,1417940,219625,66,63007,5170116211807861329,987.23
3461,502,91,93,71,49971,0,18,5878918,26188,234,47220,3812970232700475214,315.3
3462,304,36,65,76,57774,0,22,7049706,170257,19,64678,1896992148023597942,558.44
3463,200,12,80,57,61896,18,18,7187676,187885,48,39249,2181424155403392828,765.75
3464,301,51,90,48,49410,0,3,2499573,45779,13,2871,2584324479006270165,968.28
3465,500,43,81,62,56579,77,26,4662563,90655,102,39006,889936449073323802,747.64
3466,200,35,93,34,6941,0,22,5304168,245022,229,91102,3872244490276862761,839.69
3467,304,36,27,54,23210,0,17,6908568,209479,162,43191,4219884007695046105,580.7
3468,404,118,8,74,18047,0,11,3381734,6030,29,71706,8874062894101518854,140.91
3469,200,41,43,43,29134,84,1,6722372,143771,14,80967,8031419561821471527,912.56
3470,200,8,63,58,62217,0,14,7393528,138351,133,20491,8576164402868198129,417.94
3471,200,72,82,58,21857,0,22,7733729,132548,33,55246,5226954812589194226,637.86
3472,301,78,71,19,15271,0,20,7457934,32862,254,79494,2993332503216137412,399.87
3473,200,16,83,77,6115,0,15,630617,182842,199,47251,1668668566934735190,584.4
3474,200,192,98,83,33938,0,3,5837249,49198,242,70164,785520433432289116,500.95
3475,502,147,87,83,50440,0,14,3004373,219773,203,86914,2796858318744357702,485.57
3476,200,46,49,37,17629,119,20,3772175,217683,70,52590,2207099910432359749,234.8
3477,200,171,69,50,15241,0,6,5219706,227778,6,95833,6381513085947757493,516.1
3478,200,145,96,89,55143,0,1,2966863,230183,53,81754,7253053816137869365,944.99
3479,502,14,66,28,43267,0,21,5160394,62283,45,45352,69230175926332558,446.54
3480,500,77,4,24,8515,0,28,7891528,68988,214,85269,4216580305512044566,329.1
3481,200,208,62,30,13443,0,6,334994,64393,157,36268,2408514417560213047,755.98
3482,301,141,16,55,55174,99,9,6320518,94152,20,41041,1451141718850703028,688.47
3483,200,153,47,34,42725,29,3,7467254,121067,150,22441,2655587874634681201,51.12
3484,304,29,70,37,44425,0,9,6238276,153984,228,7551,3146569349334424310,135.95
3485,304,107,19,19,1623,0,10,6715093,20212,7,89095,601708490576294903,371.47
3486,301,92,35,89,14599,0,6,746465,165403,44,48030,4760243830140788456,244.49
3487,502,61,15,24,56824,0,26,2791234,223726,67,91490,3739549414127906224,945.73
3488,200,2,83,41,28590,0,17,1323749,182642,8,28757,6880125570610355669,66.11
3489,200,138,61,23,57858,0,16,5592892,17910,80,25027,7904751613797767925,781.43
3490,301,53,27,42,29895,0,2,2908095,232248,87,209,4942840615759815730,676.47
3491,304,47,12,37,39285,0,12,5966890,248705,189,93928,8068680865927494113,829.56
3492,502,9,81,73,15236,0,22,3318444,139982,210,52266,4591827333650512051,222.02
3493,200,53,80,86,57166,95,28,5715102,133583,175,76552,8066714580663776346,362.64
3494,304,80,70,58,61044,7,6,6521336,217548,180,62617,4240584243049412815,277.18
3495,304,40,9,85,49443,0,0,1585563,9149,192,50662,1398470538136323388,701.11
3496,200,14,57,49,25730,12,11,712536,211821,140,14990,1230854462879323200,556.32
3497,200,5,28,50,35686,0,3,4843440,249869,140,76110,365826441397910120,710.85
3498,200,46,91,91,15667,0,27,7397799,103710,248,39885,3878548327331694386,656.52
3499,404,162,37,26,28034,0,4,3968673,117004,104,70738,3450172914663045479,160.96
3500,200,86,92,36,54089,0,16,6883186,188335,87,80539,4482574155804296911,801.02
3501,500,65,81,64,9672,0,25,2856948,123559,219,72868,1657828915579219829,676.88
3502,502,178,38,47,9451,0,28,5853075,117379,228,30938,7527196925327336803,606.72
3503,404,88,15,23,27929,0,28,3894450,200867,198,39251,4384601327342908858,588.05
3504,301,100,21,70,51221,10,16,6318657,91760,18,73986,990322103020153128,345.38
3505,500,110,36,87,9153,0,2,3898034,169196,158,38236,2033648491119875953,727.9
3506,502,121,4,27,62214,0,7,3572308,9643,120,72358,6475396297393512386,587.41
3507,404,115,48,42,41660,0,22,950252,8776,64,84049,8978089031756424072,317.38
3508,200,81,99,92,26801,0,26,1577060,48352,217,57553,6595328953447959857,428.98
3509,200,49,71,53,53600,0,12,3547437,238360,63,23291,6990513591302418640,892.49
3510,200,82,25,62,50075,0,23,4714404,227737,218,77690,3485043076741704061,975.91
3511,502,95,83,40,14521,0,8,4607772,74687,63,45800,8803331105476760258,533.31
3512,301,50,71,24,59626,0,8,7073593,149559,246,92137,1912424581109176466,962.87
3513,200,90,13,54,8363,0,2,464415,147141,249,18670,7237014451581808197,367.87
3514,200,106,57,34,17206,0,26,1382712,123656,170,19748,5884952955236219356,618.43
3515,200,190,48,90,18621,0,12,553998,64996,245,88644,6020867183829831257,220.61
3516,502,17,12,37,16671,0,8,5933548,27829,183,71236,2140912006113268690,386.38
3517,500,138,29,18,42627,0,21,7510587,66989,25,50639,8549744436081190952,100.47
3518,502,51,69,92,38715,0,9,860103,161995,67,58958,4525711028736519081,572.53
3519,200,46,23,40,30515,0,13,1798453,143323,151,77269,3231962178737937530,291.68
3520,404,74,94,84,41102,0,20,1960979,97710,76,35108,987567550851507844,499.65
3521,200,16,18,54,19966,0,4,1698812,140879,155,58868,3907670433117753208,339.53
3522,304,27,10,55,41058,53,3,7139032,67996,10,15242,8937383314866349630,793.27
3523,502,97,35,75,1010,10,3,3768917,242734,239,91013,8106940724380723812,694.54
3524,404,148,8,65,44851,0,17,5253335,208046,71,8464,6072331261623520630,918.07
3525,500,133,40,36,5012,0,18,3534228,107365,243,4202,4305287253581034179,705.95
3526,500,57,89,48,37522,37,2,6532356,37799,210,12857,5184775138508509845,34.45
3527,301,112,61,52,62629,86,22,2889594,70334,2,40028,6792465511617516121,643.03
3528,200,59,94,33,22163,0,10,4176943,138156,136,54107,1293443431985350670,855.83
3529,200,182,76,29,17378,111,13,2768424,90946,228,98713,3269441576592705137,564.92
3530,500,195,15,83,8881,13,3,284260,173699,117,9397,5266492155132069695,861.19
3531,304,89,74,83,32113,0,14,851894,181467,26,77073,7383641115875551280,12.09
3532,404,80,72,74,55127,0,3,764242,96178,127,27437,3041452026847963019,194.67
3533,200,122,29,63,8400,0,15,4827857,173354,47,54551,4719390420557843016,942.43
3534,500,15,95,21,62399,0,24,5407646,81473,44,31271,2941702308521714644,262.26
3535,200,70,85,41,41403,0,19,4879261,165740,46,50488,1349975635950612984,930.87
3536,404,21,52,24,62274,90,13,6654135,187694,189,59034,2636094335101653383,425.11
3537,200,142,16,62,45275,0,23,6675598,27728,50,21115,3642096631205757041,471.73
3538,500,154,82,84,16341,0,22,2121301,145949,94,81799,7551376277466255809,168.28
3539,200,50,23,74,58835,0,21,6370363,148081,175,43034,2931370137431662114,809.35
3540,500,83,46,19,6347,0,10,5290632,93059,191,77967,6449497383315875140,869.27
3541,301,56,52,82,54330,0,13,3725224,185854,68,45722,2327014519720587115,260.66
3542,500,76,68,71,32728,0,4,833566,121143,122,84795,3609981122098917070,967.02
3543,200,81,41,25,21267,0,0,2127242,165767,80,36232,7479063083616935955,931.44
3544,200,74,31,64,44184,69,27,207090,43371,48,99650,7923294393618004620,848.47
3545,200,104,35,70,15296,0,17,3556861,136509,11,77172,6582399844281278078,413.22
3546,404,187,40,41,39236,0,5,4924791,14735,193,81613,3635484486338834083,796.77
3547,200,153,38,32,8926,0,22,425877,74831,53,73661,5622116197686850956,121.68
3548,200,174,1,21,27805,0,7,6410984,164536,194,75207,3894528103145318993,457.99
3549,404,41,15,45,13951,0,10,4465515,44458,3,42432,3818549997088532883,633.24
3550,200,79,54,35,32041,0,17,1418995,117516,157,63295,2407886959050254482,139.55
3551,200,113,36,33,53980,0,21,5300811,217856,31,43804,131696942048129315,903.5
3552,200,71,47,39,10873,0,3,6502078,240950,12,72890,3130337242374483253,924.09
3553,301,35,27,44,58743,0,11,2725130,140780,139,31807,5092787455562029793,95.34
3554,200,67,75,71,59385,0,18,7857303,44799,29,95831,5927152721463173153,277.42
3555,304,85,100,91,34600,0,28,1987734,127849,90,42420,2374622282275363213,821.3
3556,200,66,6,53,55818,0,4,3195552,106800,148,83583,5499157894433899393,618.53
3557,200,37,50,61,25246,0,14,1525034,166720,69,18481,1931178240043728272,271.25
3558,200,115,45,61,41161,0,12,492200,248149,59,84779,5138333112170548563,610.89
3559,200,85,42,90,51929,0,11,6265585,133868,225,58881,961461659827058199,50.34
3560,500,100,27,29,42063,0,2,2303632,128828,85,41376,2852902931365296919,482.72
3561,200,105,27,36,59072,0,10,4985291,201462,144,14558,183086598394321240,241.71
3562,502,46,5,37,24035,24,27,6241899,111109,167,33951,6136596107746639734,868.58
3563,200,9,81,77,936,68,22,2008571,53271,61,63335,2845098456056870456,293.62
3564,200,79,17,55,60192,0,5,6218935,132757,238,37975,3649792517587592631,136.35
3565,500,145,48,18,45891,0,9,6313062,64462,128,27599,8021369232267186414,982.05
3566,200,73,52,84,8559,0,14,3522793,65163,13,768,1571163315260189126,676.72
3567,200,52,0,83,32061,0,1,6582039,72875,66,11916,4061381111514331724,397.38
3568,200,104,38,74,5776,0,9,7342686,218372,117,77030,5954604216471664564,126.4
3569,200,111,65,22,45919,0,12,6471999,218462,202,69844,5461674016009378179,501.72
3570,304,165,84,37,21162,0,28,5392928,160939,57,85170,7547184638611141568,555.35
3571,404,36,10,45,9332,0,16,7945912,227157,211,93622,2519495755392195617,923.09
3572,200,163,66,76,6737,0,1,3911422,11440,29,51057,2866072280694603357,23.22
3573,200,82,44,35,56857,0,19,5160353,96605,245,41420,6164288261602983289,266.05
3574,200,5,40,37,33011,0,1,5464700,21331,180,8675,6919300956003358567,935.85
3575,200,92,29,17,25393,0,25,151924,141376,179,9881,2340511546203985836,637.6
3576,502,3,68,19,10798,0,10,4167894,214869,20,49767,7330824266875986753,238.86
3577,200,134,62,57,36661,0,9,429318,142952,200,78817,8943533324002518050,953.11
3578,200,115,91,20,26959,8,1,7344257,182024,113,5169,2966068138288195638,581.13
3579,304,94,49,38,61982,0,15,7560858,86986,185,1887,2673952819178491141,262.03
3580,500,91,11,58,27309,0,2,5624008,8317,253,47237,4377256429858987919,316.35
3581,200,72,14,23,50519,0,9,1103528,156967,104,92872,5330658073066089717,930.06
3582,502,72,59,75,56038,93,4,5326336,44124,169,21034,8097307810838351983,57.54
3583,200,47,91,53,33936,41,2,6804129,227275,47,43244,6306639964919969183,74.28
3584,200,61,42,34,7296,0,27,2638232,82498,33,11258,4659512913202563578,590.47
3585,304,107,68,57,42006,0,14,1228625,180740,248,61871,7130186849605899870,805.63
3586,200,62,82,16,23795,0,14,6154572,113251,42,69431,692641006237133338,904.72
3587,304,142,71,39,15385,99,15,4602151,63702,93,97144,6030841845705497948,176.88
3588,200,41,83,64,16211,0,12,2779826,116890,32,86499,3201397029148494290,702.43
3589,304,6,32,30,25428,0,13,5753644,163000,217,47542,5208737441795926847,845.57
3590,200,91,69,15,31858,0,25,325406,137617,101,48672,3555551245289163159,43.77
3591,200,62,99,35,3117,0,16,5395933,37106,69,8148,6633246908850455343,715.55
3592,301,31,82,38,7289,0,19,3500110,144753,7,18379,8005147557539812370,755.32
3593,404,27,52,67,23501,93,2,5476201,90196,155,17359,4506292475121287306,866.28
3594,502,78,9,26,4322,114,22,294572,13679,136,19342,7696389641719091229,147.05
3595,200,20,17,58,10071,10,0,2936358,221397,90,90278,1123482393722213947,627.84
3596,301,115,76,79,16775,0,6,1182697,70533,194,99594,1629589909255683597,964.91
3597,200,54,79,65,52178,0,18,3561369,205502,201,93399,6975101296619983049,188.38
3598,404,19,40,16,34249,0,20,2838927,1755,126,32188,2078280770724204455,132.06
3599,200,81,53,67,44285,0,6,469908,198271,18,92876,6694844420890702020,2.59
3600,200,80,54,64,28552,0,8,1652286,63388,216,67393,5244634265385484837,474.96
3601,200,158,86,64,26033,0,3,1677403,129416,99,17374,4334662141319718873,512.11
3602,200,89,70,35,24704,0,20,598321,182567,18,49302,4196404252937064634,528.95
3603,200,74,42,54,62869,0,19,6421731,216757,69,40763,2055141599322512942,137.67
3604,502,26,17,66,39491,0,14,5640421,73820,119,91206,7263617946127936371,562.52
3605,404,177,89,71,8366,0,28,6355783,154739,62,13425,7894214251799972974,897.27
3606,200,19,81,41,7198,0,15,1381502,121869,45,6625,1955006074024188355,164.28
3607,200,29,85,64,22199,0,0,3407270,207502,1,38868,1294175311283331605,145.53
3608,301,130,20,83,29399,0,22,1042361,115189,35,95150,7092026920115781805,378.11
3609,200,8,48,56,43509,0,15,1413257,213275,238,23734,5648639108628993821,941.2
3610,200,57,3,54,40260,0,10,2005324,221481,21,15005,7847508786856993625,697.88
3611,200,5,67,17,62007,0,6,4340549,30707,84,69000,6306001738962096746,487.61
3612,502,69,25,55,45967,0,9,786609,199172,66,97049,7672208638162450690,935.71
3613,304,129,9,67,62647,0,15,786627,30509,198,61314,6836042086196924507,623.04
3614,200,111,60,15,55841,0,17,248282,74636,232,40420,4876602270303759707,752.12
3615,304,156,3,39,58974,79,25,6859647,194071,151,94872,4596807897549757225,994.53
3616,200,51,58,30,37537,0,6,7907751,16699,171,48974,1938174791298245115,748.82
3617,200,130,23,63,48211,48,3,3598779,179646,230,5041,4375922553048158481,733.65
3618,502,51,61,66,12136,0,20,3554883,79183,119,92513,5340745883124570332,917.99
3619,200,4,97,92,47373,0,25,7189511,131693,133,99921,2954015318507948718,319.7
3620,200,38,54,51,49406,0,17,450846,11879,35,16112,3693330788896648980,53.48
3621,200,134,80,77,10856,0,22,7510099,108785,131,9079,4363851688400520275,152.85
3622,500,10,37,24,61374,0,14,341164,77584,102,12630,3178977243679535020,980.02
3623,404,15,35,20,2095,0,19,3491076,99227,90,29602,2434352230612978115,308.86
3624,404,33,26,81,56739,0,0,3515922,82946,116,22627,3279586788521063503,534.65
3625,304,79,19,55,37021,0,10,1461469,30770,88,1707,6642184316475608300,764.82
3626,404,11,44,85,22753,0,18,4579257,207490,84,10747,804401100980841965,143.84
3627,200,52,28,16,6604,0,17,3290873,120088,199,73415,7831484998933286923,844.7
3628,301,78,80,78,20301,0,18,6144217,228893,124,79911,3222334222652203159,272.39
3629,200,14,93,64,28627,0,5,7460721,215151,242,63875,8393721034966629833,126.36
3630,200,75,96,62,25950,98,3,493670,207167,41,98387,4711071855029524497,124.62
3631,304,79,34,41,9508,32,18,852465,104842,70,13319,3868552673649004253,283.83
3632,200,183,13,15,53925,0,16,5162756,56982,24,36926,706752149569118357,892.43
3633,500,0,82,56,59174,0,5,972279,229885,205,49313,8731345283900345935,986.91
3634,301,43,7,42,49110,0,16,2602593,112142,241,82983,3453331128097057755,728.82
3635,200,148,37,72,9125,0,21,603721,23052,193,43952,3075491172357103304,858.72
3636,301,120,2,59,60892,0,24,7666655,151100,100,76112,7124573161942972823,758.5
3637,200,192,84,76,14564,90,12,2547291,11163,81,39467,1331687017148291401,545.57
3638,304,29,39,88,32218,0,28,5888560,109873,230,13831,744856035357080874,317.63
3639,200,80,21,44,14170,0,19,7535633,164245,227,99167,5017634807306838799,788.53
3640,502,40,34,75,1210,0,21,2005383,127714,119,83239,1130456422867036384,325.66
3641,200,134,86,74,57047,0,9,3754062,82641,147,22941,1254834073713854144,8.29
3642,500,79,43,90,33706,114,23,2108560,230397,110,91181,3696660909043229148,770.81
3643,200,92,11,65,31171,0,27,7108680,186396,154,2808,6480121685906502627,659.37
3644,502,0,44,18,22063,0,25,6678892,19865,26,50120,5136369870406782165,130.61
3645,200,47,63,88,41893,0,7,1386064,22306,80,87816,6358914057744005476,282.11
3646,502,45,67,70,24689,0,15,3039161,80931,185,60191,3480734960079156528,366.08
3647,500,59,52,33,33791,0,8,115192,107263,189,19466,4695825984365952597,990.02
3648,200,109,90,88,44313,30,25,2998093,11795,107,14104,3642171789112878507,644.21
3649,200,86,64,89,3783,0,25,7981832,234307,188,55522,2531388357943039134,118.94
3650,200,244,90,16,57731,0,2,7104305,87156,251,50956,1495847741305758187,63.8
3651,200,132,61,92,56180,0,25,6481465,215125,169,64713,2413047304352573043,78.48
3652,200,189,43,49,36073,0,9,5310797,199222,54,11701,6295158316662032007,823.63
3653,200,10,23,69,44227,0,21,5200846,72851,223,20702,8991204305379427890,529.21
3654,200,39,33,67,57794,0,23,6342604,60092,152,15524,1560444070106820013,425.03
3655,200,129,99,29,63170,0,11,4258043,220068,28,93374,549846814048727157,959.2
3656,304,126,52,60,29578,0,0,7243784,202453,249,56122,2044914558731810109,743.69
3657,304,94,57,68,8944,0,16,4354321,142845,119,6310,4114493360373990061,729.3
3658,200,40,96,34,33494,0,6,4053019,126913,129,30058,2196573676133644187,614.94
3659,500,94,97,53,47514,0,22,1779946,135683,215,35707,407861788685021012,749.25
3660,304,18,92,69,22122,0,26,7956273,84765,175,15974,7292949776253517463,426.06
3661,200,46,91,18,44158,0,18,2318205,82779,247,35733,8508891081979658444,35.48
3662,404,40,69,74,1296,0,2,6970697,124152,141,6213,1642792380568038792,116.05
3663,200,115,37,47,43547,0,7,5092819,226638,106,90910,5245325169053001573,703.0
3664,500,51,38,64,62699,0,1,1528548,238085,106,51086,3306410573721648692,97.43
3665,200,135,65,38,16190,0,7,2511376,158614,77,59331,3406846377221478541,16.81
3666,502,85,17,27,32974,0,23,4839266,5497,1,92050,2856046937269301132,123.71
3667,200,40,19,19,26771,0,27,1568758,73483,156,99664,2427481753038598631,810.52
3668,200,91,59,60,24257,0,23,6135136,105001,192,85365,1557482875515962249,970.16
3669,200,50,74,15,20224,0,1,5221197,131339,231,22681,2423138548244158279,879.75
3670,200,32,80,38,19556,0,20,6436794,20889,174,43888,676987537570490207,448.69
3671,502,2,12,53,35227,0,9,7732339,54538,201,32177,300961525457445558,219.02
3672,200,48,69,36,17312,0,14,6335643,209687,95,50327,1856046016023096274,155.57
3673,404,74,76,49,11494,29,14,7405034,86771,113,42012,1102175670854522666,794.59
3674,502,75,63,87,45323,0,19,7137816,205959,129,31431,1274716751572370108,941.69
3675,200,43,93,88,44030,0,22,6794038,84721,154,14567,5006135290294554762,754.91
3676,200,94,80,47,46142,0,12,6897130,141002,245,13416,3665157145247092589,90.7
3677,200,33,97,17,20284,0,6,4806999,79110,96,767,7461314576284911320,742.14
3678,500,46,0,78,59889,0,8,5970146,180017,123,98688,8044196851425072947,159.81
3679,500,81,78,76,61312,0,9,5369514,123278,127,7156,7005622771529016507,824.65
3680,502,153,41,54,31069,0,18,7965619,236385,208,44399,2614588599086223147,571.92
3681,200,200,43,36,6087,0,27,4388004,121791,128,49041,7599689560910505308,374.75
3682,500,23,5,57,31659,0,21,3791220,213502,192,66159,420587074130798507,284.45
3683,200,1,82,70,12849,0,8,2403393,45310,177,9844,4921773049503693675,240.41
3684,200,71,53,55,31636,0,7,1879539,111832,215,389,4613713538374151109,629.66
3685,404,124,76,81,8219,0,19,3137594,97200,168,98035,916849398786495930,711.72
3686,200,178,45,46,20367,0,0,7593590,34938,179,35969,3787846619982197288,562.87
3687,200,53,43,86,54773,0,27,2561192,48507,66,6345,8909442485765153381,814.55
3688,502,17,33,60,58169,0,1,6542767,21795,116,32866,702056841367698586,889.14
3689,502,68,31,65,47400,72,13,7433786,29593,214,84748,399888933446151666,940.33
3690,404,91,18,91,44343,0,22,4303680,171554,233,76180,4994755914958277088,732.56
3691,502,81,14,33,60765,0,27,5731977,166201,231,56190,2658319295387871111,852.62
3692,404,29,2,42,26003,0,14,486383,23014,16,72797,736315996842476766,887.13
3693,200,23,74,17,31582,0,22,7695697,25374,128,62160,2864952224040622307,210.7
3694,200,131,63,37,37421,0,7,7240517,145348,2,93079,2056911116800263117,12.52
3695,200,109,26,35,34377,58,16,7703507,191444,210,83093,6201953156018671977,439.39
3696,304,29,16,40,9565,0,22,2809970,193983,178,15089,5958340592321116784,878.47
3697,200,70,97,21,37025,5,28,6448444,87817,149,27299,6461654244469774280,418.38
3698,200,29,37,74,1726,0,16,5142102,227529,129,65823,6317658580424998595,480.84
3699,200,37,63,28,49974,0,22,782015,45853,169,80218,1112965501597902139,207.71
3700,200,17,5,54,51022,76,3,1165092,159986,101,22658,5319539775819013153,123.23
3701,502,198,41,34,1965,0,3,6754200,118518,109,8465,8846660860268779880,49.82
3702,200,84,89,35,40779,0,9,4993335,11521,117,22875,5949856997620440062,119.11
3703,200,60,42,70,43941,0,6,7029482,183341,203,44936,7775713833690952862,526.88
3704,200,35,65,66,62083,0,4,7721408,118876,232,43071,7368220545753747202,958.06
3705,304,120,70,86,57722,0,21,312727,57484,59,79016,1034297948479592234,250.26
3706,200,83,13,74,14965,0,6,2199469,171945,178,44436,4607816256892539566,651.9
3707,301,172,74,30,45209,0,4,3381630,13956,183,52411,4405261646726372398,897.28
3708,304,41,16,65,38971,0,9,2614052,83150,34,12169,5722536745701947410,421.98
3709,200,11,40,30,1650,0,18,2437599,163241,169,14988,781442832014877245,619.61
3710,404,105,93,81,41143,0,1,5070882,210707,45,98943,7282934260475484785,475.36
3711,404,8,46,88,11684,0,15,6039090,18796,218,41587,5319642876343785970,60.61
3712,304,73,5,32,5985,0,5,5400386,187746,103,49506,6778169715745927726,511.38
3713,200,89,82,56,39747,0,3,7910277,139763,45,23333,446277042670293436,33.73
3714,304,137,88,62,43985,0,21,5177633,123598,124,9650,5094171960178694009,399.26
3715,500,78,97,25,41471,0,19,551269,155425,93,6021,849381708839120775,175.53
3716,200,199,47,15,49127,0,23,3217768,107540,56,39922,3177300042449027889,937.77
3717,200,86,72,31,32596,0,9,6912131,187720,46,55287,5081940163961161933,357.49
3718,200,89,24,38,44286,0,5,748462,150850,209,59369,6695714112959808348,764.12
3719,500,134,47,50,21784,0,9,6153760,22714,53,54506,6537790500155156833,623.16
3720,304,7,49,36,26505,0,0,6685220,83035,123,51006,2897753356301796902,991.38
3721,404,128,31,15,17721,0,10,6242119,216803,239,72885,2110935381812034733,968.1
3722,304,82,70,35,31249,0,12,723238,154882,45,89015,2313659080573862455,552.72
3723,200,148,72,30,3466,0,19,3903079,206010,53,5770,5218421918181601061,915.2
3724,200,0,60,20,29236,0,25,6374289,197479,1,22518,8402959459332483292,327.06
3725,200,143,73,80,53899,0,23,864727,76695,63,2387,4532072892825858213,510.8
3726,304,73,90,43,26223,0,9,5772005,35165,219,9834,5634609409831154889,974.4
3727,502,42,34,48,16815,0,9,5822137,217118,212,19493,411279502465704193,38.75
3728,200,20,64,87,54276,88,18,1702555,78193,34,86766,7850367631730963352,201.29
3729,200,82,100,69,24669,0,16,2359059,1963,205,38606,5182718713814749756,895.16
3730,200,2,61,67,12512,0,28,6885151,145803,129,96213,6655902392643307253,163.64
3731,200,32,20,31,8288,0,9,5380333,36476,170,674,203947124113280613,761.78
3732,404,118,73,49,4324,0,1,6165964,120893,221,3096,1822064876170785379,888.2
3733,200,35,45,73,3447,0,6,4631009,168950,6,34788,72139283957856447,713.56
3734,304,15,39,23,2601,0,28,7837701,208698,236,28522,1535514422060611693,977.12
3735,200,108,4,43,11567,0,17,6042165,245637,188,28743,6496654661439662946,612.59
3736,304,46,54,44,26990,0,13,3850899,128872,54,19476,8021642532442375459,890.08
3737,200,97,41,40,32541,0,1,1086055,221890,209,79945,4845054889188425483,740.47
3738,200,74,7,32,51833,0,26,1638638,10265,87,91653,3229586418074848936,628.06
3739,304,8,34,48,38835,0,11,592745,130310,194,46499,1829912777004354447,315.83
3740,500,86,23,33,3416,0,0,3897854,98804,120,45756,7109297302343108537,195.69
3741,301,26,64,51,45491,0,5,2587955,59784,122,1316,1730476854542973084,589.96
3742,502,128,53,73,11252,0,15,1688634,79589,24,77089,785494476486943381,528.6
3743,200,26,71,35,59830,0,26,2977627,99270,184,34494,8764149294091647401,535.69
3744,404,88,4,15,11950,0,4,142451,110604,172,59725,2189324861163612598,810.56
3745,404,13,45,25,48350,109,11,3504907,85962,156,6013,419284962172624022,784.47
3746,301,164,45,40,28428,0,3,285359,233066,102,75071,3717434733950602164,853.34
3747,301,110,70,91,52708,0,24,1649419,46560,191,68613,865436640509583323,535.08
3748,200,116,67,60,11004,0,1,1589633,163672,204,88651,3320785716649572721,815.62
3749,404,80,93,15,8115,0,1,1348931,61219,209,13332,4351364920096945677,577.68
3750,301,117,2,49,30175,0,12,1117550,47741,152,18590,7381515029686809551,262.04
3751,301,84,10,53,53463,0,13,3385810,31563,82,80367,4681851498815156974,951.57
3752,301,174,74,29,2941,0,3,3986736,196845,75,14865,8296512122947550892,366.12
3753,404,8,88,15,54368,0,9,4326898,161506,254,42036,8636852131988832804,293.7
3754,500,25,87,76,55264,0,7,6182774,63248,112,50049,2210149102572038946,685.52
3755,304,179,17,78,8377,109,12,3409700,167436,99,15463,8815556378486574090,430.84
3756,200,100,54,86,15501,0,22,1345978,28907,15,38103,6229560542362171892,844.07
3757,301,86,94,30,57728,0,3,6208656,134344,198,38197,1914539312844698605,245.51
3758,404,61,83,48,63082,0,21,1786383,235288,207,13454,4368936060986547456,777.22
3759,200,166,13,20,46094,0,10,990628,83716,163,22860,3126741636756902702,621.45
3760,502,214,49,56,50930,0,23,1547832,203386,50,15331,324744994339463540,71.51
3761,502,178,7,52,13674,0,18,3841820,127616,238,60791,5633123571394940821,573.17
3762,200,28,63,88,18507,0,25,2878836,243477,0,86453,778049260755633120,354.22
3763,200,100,71,70,17811,0,0,4074557,167041,143,9155,2921260411402002526,189.4
3764,304,86,75,28,7694,0,1,5498384,168545,242,90408,8733210297708642152,799.57
3765,200,34,1,62,2176,0,24,5191424,4360,191,33932,6927014645040527632,698.6
3766,500,121,13,56,23161,0,21,7345964,89851,252,39226,2601130747791669367,50.43
3767,200,86,99,87,9458,0,5,7986023,120982,122,20695,2262505610854953108,915.36
3768,502,128,0,64,58011,0,3,6834131,3533,30,94373,726380619326128056,839.47
3769,500,127,84,20,19306,0,0,276099,113661,254,21330,8771485208462731255,953.96
3770,502,82,75,78,7651,0,20,3975599,89008,59,757,3234823262685126547,203.06
3771,200,55,58,39,49437,0,3,3222764,144956,97,34030,6273338147406551300,377.14
3772,200,106,49,91,5474,0,28,3335327,198785,59,16247,5503257408796823160,48.08
3773,304,59,81,71,35147,0,2,576257,228662,93,42289,2738359364133242788,675.22
3774,200,140,76,73,27337,0,15,2271580,106679,251,72360,2872202333411452407,681.36
3775,200,158,99,56,55671,0,23,1434047,155464,108,91431,781713094590476907,394.25
3776,200,114,41,37,48856,0,24,5157750,206584,16,67391,4363312086345511959,683.52
3777,200,77,47,29,41482,0,14,7644263,246123,42,18380,2380936900488708134,196.76
3778,200,175,28,67,2180,47,13,428630,134138,40,61252,983747578369871081,438.48
3779,200,87,57,43,3497,0,21,1305485,188987,81,90926,3500604083789102736,55.67
3780,404,18,29,51,48336,0,18,358483,245986,118,23689,2713345743757259093,931.35
3781,200,74,78,71,15077,0,26,203852,4689,43,22095,8955564046359715681,260.49
3782,301,111,93,32,62769,0,27,7790479,8234,98,5138,1505480826587729842,672.6
3783,304,152,14,19,966,0,14,3745888,212284,192,59582,2193463023538143410,790.3
3784,200,101,79,87,32436,0,19,7754875,24258,52,52944,1587921848180944674,792.79
3785,304,53,80,89,1813,0,4,7202014,189372,243,45342,5991228942528742115,737.81
3786,200,95,28,56,58009,0,28,5544723,10360,156,24077,904823811319840299,513.24
3787,404,106,56,41,3049,0,11,3184486,247466,159,25729,3432649430221414381,482.35
3788,301,43,98,27,32985,0,27,4981113,211053,108,36177,7320876897552738316,131.71
3789,304,135,57,33,6434,0,25,7832538,176136,136,73463,2462539334170595660,378.74
3790,301,132,25,77,24629,0,12,6950334,2619,170,84682,5678913815420344457,524.74
3791,200,14,43,50,7975,0,13,7401463,172180,214,69894,5429206833934502005,704.87
3792,404,108,21,21,12168,6,16,2124108,194178,11,35844,4207176779578652391,908.76
3793,200,67,41,16,41665,0,17,7246133,17804,252,98178,243552428694320831,992.89
3794,502,185,83,68,36572,0,15,230929,159300,51,39476,4359655158403353335,600.28
3795,301,139,70,28,13811,0,7,6174129,170715,99,26367,8845304600149594263,308.34
3796,502,47,70,62,57271,87,12,4620258,107373,223,95076,3335360573585328770,388.28
3797,301,134,9,84,21438,0,1,6608525,234731,35,32052,7898426148620561519,985.14
3798,200,119,23,22,1637,0,22,6669492,163541,145,15302,7933147164720291667,951.53
3799,502,157,36,59,45988,74,24,2433064,117525,122,17606,7446763286932234312,14.92
3800,500,92,76,20,54539,0,28,2475919,137700,247,20642,5705307426308680228,784.3
3801,200,7,79,81,21701,113,19,4590807,94578,212,23774,5564306107117891356,394.48
3802,301,105,68,37,63832,0,13,4285643,231790,126,17374,5640271650159824234,460.23
3803,200,70,90,18,7308,0,25,4192948,125424,197,74102,8776547935051455099,422.61
3804,200,25,51,17,15883,117,12,6923297,30242,63,85811,8977430615485380287,131.84
3805,301,69,34,46,15410,12,17,7615346,58016,82,20316,4223743716382776025,729.74
3806,200,109,67,33,52942,0,25,7687650,12074,152,47277,8589864001027386180,646.9
3807,404,22,6,35,4162,90,17,4788194,14684,139,65637,3939323800705346604,849.92
3808,500,67,75,44,13130,0,28,1693793,194017,233,11925,5535252810464186311,628.83
3809,200,15,1,30,18583,0,18,3613840,167538,62,13991,4280804123718650540,162.44
3810,200,24,0,27,61205,0,25,2426908,143925,31,83414,7687643207698228204,482.1
3811,500,36,50,25,48605,0,27,1359970,1613,255,62024,6304028439122428285,538.75
3812,502,111,30,50,33938,0,10,6022275,128905,158,67587,1165967108938641419,558.51
3813,304,107,89,29,6598,0,20,3810751,1290,103,2639,5318756325001896449,534.39
3814,200,130,94,88,10058,0,18,4089943,81580,135,26086,2015087203663559146,910.56
3815,500,47,1,51,58636,0,20,4399715,104255,105,70969,7967930990606424785,297.12
3816,200,163,87,37,28296,0,3,1416772,147911,18,75069,4988091185550950383,309.54
3817,301,44,80,45,8423,0,27,2169648,220069,126,65324,98075723605044905,995.41
3818,500,139,35,46,17209,0,5,3924244,2281,86,95368,4692048673400717985,985.04
3819,404,129,16,55,34840,0,8,2846967,9760,29,19290,3137651153762461656,183.75
3820,200,79,49,25,20811,0,7,2441500,147589,85,2135,5368155345364857906,71.2
3821,502,36,96,42,49427,0,27,7925411,94700,171,55679,4521266932338111837,233.62
3822,502,20,6,84,12966,0,23,518805,176594,141,4147,7225928576136545579,175.69
3823,200,66,20,65,41519,0,20,4316884,33284,43,98165,5994162493391774941,441.53
3824,304,122,48,57,17353,0,9,1795284,36299,12,31280,5560658219980463139,472.05
3825,500,132,99,86,34584,66,4,5668750,215067,196,71450,3722869311876705737,901.03
3826,200,73,90,78,2522,0,23,539384,64240,78,26017,4917741162060671561,690.77
3827,301,161,82,26,55512,0,4,5363417,216813,211,24525,2024774003413251436,707.83
3828,301,144,84,82,35621,0,28,3722913,218614,115,74775,664311129993762052,353.88
3829,404,136,10,40,2978,0,18,4055773,144418,232,89494,190748753371711111,101.62
3830,500,161,62,23,46146,11,22,1672258,230094,185,94748,3794917241685107221,402.01
3831,200,169,74,39,52555,0,18,689571,110104,245,24740,1851254979749339768,929.37
3832,500,63,6,92,63500,0,2,2538122,200645,107,33448,342144308294625043,230.76
3833,502,86,48,52,25373,0,25,225444,223355,196,78335,2075011959546519149,605.62
3834,200,170,71,30,53006,0,20,7551798,188012,216,93241,1534939371750437613,557.45
3835,304,62,81,61,60685,0,11,968636,146251,252,91152,4779960551525748199,472.42
3836,502,105,61,47,61499,0,12,549098,229009,243,83935,290498617207170986,789.38
3837,200,103,24,82,40527,0,12,995255,248873,168,59160,6184429358912507119,899.97
3838,200,109,41,15,27352,0,15,4201456,183998,150,23330,4019683353797433073,805.85
3839,200,85,30,70,4844,0,26,4636349,107487,9,71500,6311026695456680092,755.55
3840,200,84,66,75,51078,86,20,7757810,75964,7,85195,8309242537470694629,814.85
3841,200,71,37,17,19227,59,9,6419007,51538,18,70031,128612339080376232,130.51
3842,200,38,40,63,31369,0,27,7968916,49709,26,46508,7353202101347574445,98.74
3843,200,108,26,69,38346,0,4,3311575,46641,137,87189,1489654109794992384,94.45
3844,200,93,24,31,55005,0,0,4120177,179379,95,70419,6633279540639536874,135.66
3845,304,84,38,27,44562,0,13,7771615,73942,179,23226,6635494425520450770,349.18
3846,200,61,2,39,49923,0,21,7220809,78779,117,52954,7378196297622886325,380.93
3847,304,49,44,65,43875,0,25,1771509,245393,74,55576,7797568859865704615,109.42
3848,502,82,90,51,51379,0,7,471684,224841,126,66727,2582293874903932787,366.58
3849,200,8,73,51,44076,0,12,3056223,11941,238,72014,4559138361045643516,823.6
3850,200,34,95,74,51431,0,2,6518397,566,35,9806,7740514957924504375,991.01
3851,404,100,10,40,19494,0,21,5854356,111843,5,55825,6003460853061570560,594.12
3852,301,0,100,90,50505,0,11,7552964,235440,123,48675,2276084735711374783,41.31
3853,200,48,52,23,2773,40,11,3136018,120925,178,74254,6573196208015955988,264.08
3854,502,41,10,32,19561,0,0,7591773,10916,255,6536,958923272266203451,686.26
3855,301,71,79,81,51398,0,8,6507768,161153,184,47076,7961250411509253288,813.01
3856,200,110,11,58,25040,33,16,5806615,185227,235,26479,1171004614314678014,849.99
3857,200,90,36,70,4862,0,20,6649687,90154,211,19719,2460744456393533587,968.0
3858,304,73,71,83,17973,0,28,193011,244821,9,60875,1422550117435164156,802.15
3859,500,124,80,78,60260,0,3,3735171,50208,156,90161,4566739714236840855,131.92
3860,500,74,29,79,7913,0,17,1423349,40654,180,4266,327414014028029701,615.58
3861,200,68,48,82,33764,0,19,3729417,139687,153,80842,2600206590376759146,331.9
3862,502,133,50,46,60186,0,5,2561046,22488,205,49202,4235098223073381381,137.7
3863,200,52,37,47,16343,47,7,1718046,248105,255,71919,7723866067648974936,526.06
3864,200,2,74,49,38300,0,13,2695517,207166,234,73105,8295237100277557908,745.72
3865,200,94,4,25,6726,0,12,5452470,68796,164,87759,3315409636813246458,3.76
3866,404,108,51,81,33422,0,27,4110809,16579,185,22266,4105033642543136767,306.09
3867,200,74,39,73,39699,0,19,4987770,227871,230,50683,6897537960791181873,167.88
3868,200,54,80,22,39794,0,25,2432709,194045,63,2831,2889855846507013922,772.86
3869,500,91,97,49,44823,0,28,6539442,16239,215,66880,7065427496970973116,6.78
3870,500,61,21,51,8225,0,25,2280474,176196,71,70896,3724952632617047194,863.08
3871,301,91,36,36,39523,0,22,7342029,145250,57,87078,8864598876630083150,532.58
3872,200,100,22,52,11588,0,8,1139511,214013,203,58327,6228261152173277410,363.65
3873,200,100,50,44,16349,24,2,4875136,127649,238,10521,7185824025408213504,277.23
3874,200,7,3,19,29625,0,17,4174779,57345,126,72268,8904899257997095322,628.62
3875,304,45,96,25,54828,0,4,2744018,155457,108,17217,100851991287142806,999.39
3876,200,123,87,37,14019,98,15,4832376,119403,89,40627,299955182646136421,371.27
3877,200,42,22,42,4872,0,26,1980818,6007,54,21982,1013157527420527193,633.83
3878,200,43,7,76,62582,0,4,652850,126399,69,7404,3311871080086103308,308.41
3879,404,33,42,18,33644,53,8,4781091,137173,96,64582,2552132836918687468,84.64
3880,404,148,78,67,40723,0,10,3722466,122494,203,86790,6847425269898509896,207.59
3881,200,60,30,54,59973,0,6,4328223,36423,113,26511,8903592203434094138,143.42
3882,200,126,47,56,33251,0,17,4719134,139862,139,9829,629645049343249906,868.4
3883,404,142,56,38,44929,0,19,4123842,206238,0,23900,1047869892293803461,634.93
3884,502,136,5,81,21281,0,7,259339,197582,107,21462,8701481933832341399,292.81
3885,502,21,22,44,58532,0,28,6216299,49927,80,44601,7429241978513309091,732.03
3886,200,21,8,56,35080,0,0,1540359,46596,170,28712,1400948386115645990,639.3
3887,200,39,39,22,11913,0,23,5819973,28602,210,97288,5643923940448322797,892.04
3888,200,41,5,51,61563,0,1,6695382,71474,187,74362,7915732624903278712,32.17
3889,200,19,74,35,45586,33,25,7526293,46990,141,82786,1296484724225100701,79.23
3890,200,55,33,49,52137,0,21,3477326,27052,220,87243,4788944816564842859,952.03
3891,500,12,47,44,1830,0,17,1362366,179522,151,52848,8136350237174990406,722.63
3892,200,60,7,65,29605,0,3,2063143,24436,33,23571,815706277337732603,37.33
3893,200,170,42,78,46248,0,5,5592770,127921,213,24950,1291554485721097066,81.49
3894,200,115,86,29,5962,82,2,5873110,68199,197,84275,2096764196775806326,910.83
3895,200,89,92,71,37859,0,15,827504,206783,186,98147,1519818368113721568,339.74
3896,304,124,75,42,32886,0,17,1066256,58809,188,5329,1004902993645714532,763.53
3897,200,107,50,39,31919,0,24,4713977,60926,25,80795,5532282803275177027,5.55
3898,200,122,4,79,38552,0,16,7707486,70319,210,55536,5680496827811736162,897.02
3899,200,50,82,83,33410,0,23,3642128,95058,100,68599,2922554116460586912,951.4
3900,502,158,23,89,44224,0,2,2899351,230776,132,3152,3745979957595536093,227.36
3901,304,141,14,63,35183,0,23,1626463,153270,183,35959,583893350299783898,308.16
3902,200,81,53,46,16974,0,25,2459770,37279,99,35688,37673302629440063,172.61
3903,502,16,36,71,18429,0,25,1671409,166811,93,72563,6865149879454911108,463.25
3904,500,56,37,51,25257,0,24,5663929,209747,9,43958,8376022203825670352,625.42
3905,200,124,75,81,30012,0,9,6945387,57995,182,18129,1874934835545973403,367.91
3906,200,32,35,60,50206,0,18,127688,60725,100,51611,7420037402246559523,955.53
3907,301,95,93,85,33671,0,6,3784178,24304,216,35908,973075355625584127,378.0
3908,404,118,68,18,49782,0,14,5403298,505,98,48074,7409110781640522839,110.77
3909,502,178,33,45,377,0,25,6630444,190579,9,561,2925104767107592805,482.46
3910,404,130,15,41,38323,0,2,2952515,239956,191,21974,2681671989104295236,342.17
3911,200,107,69,15,40689,0,19,2500407,207139,145,62615,590260659563948884,161.29
3912,200,127,60,31,31625,0,3,5782070,90898,188,28296,8513902231906458554,22.36
3913,502,26,11,29,57330,115,9,2541928,238117,24,7217,1809201306573860459,158.82
3914,200,45,50,30,39503,0,19,1013511,220213,17,35806,7149130895296091541,446.86
3915,200,25,96,53,5092,0,7,3809633,77599,70,25211,7889301060139480003,888.26
3916,304,207,46,66,32369,27,15,4256010,229774,228,46211,5454229923757927176,560.09
3917,200,2,97,42,25543,0,21,529088,80318,74,1265,6826266232357852535,478.89
3918,200,49,38,82,54937,0,14,3889881,160518,154,16168,5792368976328381565,94.7
3919,500,163,67,83,13174,0,3,3455941,32354,178,1668,8814942205213951891,653.89
3920,200,74,7,54,55578,0,16,3728133,92577,68,20382,3527492016953614214,394.89
3921,404,41,16,48,53679,0,0,831607,83002,169,52019,6766582638378909400,612.46
3922,304,60,94,80,19232,0,13,7993551,144532,130,92555,7355446743769280307,809.08
3923,404,128,44,54,51584,0,16,6757365,32205,0,90433,2596113948874726028,228.96
3924,200,238,62,90,13184,0,16,4009875,124707,183,47446,4584237651129015293,23.18
3925,200,97,14,73,50449,0,7,7017690,77596,188,15015,4273751582914969736,667.74
3926,200,64,46,27,61438,0,26,7908641,126352,58,7718,7534136673999194659,421.12
3927,200,114,33,91,19806,0,15,5373797,45683,78,67495,4776207822464624508,153.97
3928,200,12,8,74,17955,0,11,3218640,175580,140,5275,1904081664981862132,86.15
3929,301,134,35,69,13207,12,22,7312332,121945,3,50191,3838745125567252771,173.74
3930,304,14,7,80,59430,0,23,3974240,21411,94,30081,1359506020019423753,309.58
3931,200,75,68,68,10361,0,5,2096555,74021,125,29951,1185650926078250076,914.44
3932,200,74,42,89,37246,0,27,5791144,228394,90,31544,3744966726896651031,89.95
3933,200,12,95,42,37276,0,18,3295704,143424,162,53039,7253546029497633624,800.99
3934,200,64,23,84,21639,0,8,5363069,47723,183,99017,4450191671112998179,204.44
3935,502,59,9,71,18274,0,17,3380207,215054,145,20542,2034294331703434837,375.54
3936,502,151,39,29,36458,0,18,3161446,125466,60,85273,6312600903616052978,940.65
3937,200,35,18,48,21123,52,14,1900797,55570,181,4770,6288480120181999685,861.28
3938,200,0,20,92,3144,0,6,5879209,112959,143,19366,2285922899708721636,535.99
3939,200,78,11,79,3966,0,0,2830227,189430,29,32373,4266277620094240697,918.26
3940,502,2,21,21,58835,0,24,6657445,46883,165,98767,1894282607307563982,812.51
3941,304,89,100,29,41491,0,25,7714462,53138,176,4518,5746169339784559022,21.9
3942,301,97,68,65,15063,0,6,218928,127934,96,2860,2910894709501718048,667.34
3943,200,108,35,57,52091,35,19,2806067,226420,115,61298,3322895049201233328,876.61
3944,200,65,91,67,23160,0,10,6810182,120044,244,4145,3552050684014463206,616.23
3945,200,63,53,53,16596,113,13,4337488,174395,84,5953,959089030924715856,404.81
3946,404,5,90,85,34502,0,1,5608030,88869,212,50909,3843085805360814749,834.7
3947,304,69,81,70,44325,0,18,6329289,125387,220,19801,657890722338045546,215.23
3948,200,128,37,77,1157,0,5,2808177,39171,110,55228,3432101201350151369,438.53
3949,200,123,89,22,32232,0,12,4390090,153733,58,49065,732045393253244698,683.23
3950,200,154,26,40,53030,101,15,423559,109940,55,49494,5110561118478015128,845.46
3951,301,7,49,71,21837,0,0,6889413,38949,237,1349,7235391217968296229,575.99
3952,200,42,74,15,4105,0,20,1181464,124204,155,51454,6895426654801031585,337.37
3953,500,9,72,82,59542,0,18,5696787,86353,235,37599,8478935301331923454,804.41
3954,304,232,33,69,24821,0,24,525594,27621,146,78431,5738883150444753859,128.67
3955,502,89,13,26,32468,0,24,6986291,95387,198,66187,2002836381056202943,922.24
3956,301,152,91,60,18341,0,3,2056384,227235,135,89632,5609189822539269786,50.44
3957,500,27,34,29,63466,0,8,3661349,132073,123,55747,5579133661607468468,944.98
3958,404,101,80,54,50703,0,17,413765,127218,125,90127,5655526493759264990,449.75
3959,200,39,61,49,21104,0,17,1153668,100921,50,98395,1979417459520215379,993.88
3960,304,122,64,64,44995,0,27,1289909,228020,136,86870,5521792645972607074,263.69
3961,200,83,55,38,48862,0,3,4085630,140545,125,41868,2153225170019451842,479.55
3962,404,12,43,90,58228,0,14,4473393,104737,19,52588,8224045145562780115,867.94
3963,200,143,14,22,13253,1,4,3639860,91075,215,14205,6072810175554071977,355.02
3964,200,99,47,71,38516,0,19,7597562,64554,30,448,4678716806230101919,549.27
3965,200,196,73,84,39664,0,5,2637140,224986,27,84492,3788521723543985764,462.52
3966,404,209,60,40,2796,0,26,6106453,31796,7,83359,2132125683460500940,123.52
3967,200,174,24,83,51611,0,19,4626893,57191,250,86012,8996713535961057273,801.39
3968,200,36,77,29,24066,0,20,1169558,184753,193,79763,1246763248721225899,669.34
3969,200,106,100,73,53564,0,9,6011431,105085,255,14462,1824445027164032840,382.19
3970,200,0,80,60,4862,0,25,6543408,83348,89,89727,244798801299596909,470.47
3971,502,66,7,57,26407,0,7,4212765,220965,69,21799,193421776980371084,696.02
3972,200,8,51,22,39801,0,2,83001,193457,37,78549,7557640323536678158,767.08
3973,301,101,60,24,37616,0,3,6876974,57135,158,99155,3715251868478003521,334.81
3974,200,60,65,45,23994,0,28,5235529,110060,118,77644,3326554332982566953,945.63
3975,200,40,12,58,21505,0,1,7808959,16710,110,64861,158044672333229950,191.12
3976,304,98,7,46,21689,0,27,749271,14125,1,87466,1579404764072977357,420.14
3977,502,72,27,84,36227,7,18,6514016,214884,40,94768,8343211049837376452,104.99
3978,200,15,12,65,10305,0,16,2552020,161748,53,95692,6976668325464981439,236.66
3979,301,21,22,79,37581,0,15,4458133,247387,22,3140,3261707456368781545,349.25
3980,404,102,48,19,57483,0,5,2200324,36700,198,19741,982938899727417129,219.36
3981,502,55,39,23,16103,0,1,7090125,32800,173,62086,7265639487470669974,595.87
3982,301,38,3,55,17901,0,0,6686915,218537,73,3965,3641721945570169524,132.42
3983,502,60,14,51,4390,0,14,3164464,132519,137,21879,98011589643981490,470.66
3984,404,144,18,43,53901,0,20,5808410,92926,24,17624,4476124166720794169,480.11
3985,200,121,61,87,600,0,20,262700,131430,37,62399,6393545301323297882,231.92
3986,200,76,1,38,1464,0,7,3367792,128690,126,38282,4913430403579016141,774.45
3987,200,109,89,35,24378,0,6,3331063,164066,52,5665,1645884026936730061,534.72
3988,502,88,21,61,57894,0,14,7969160,228007,168,26627,5531670652721083814,852.11
3989,301,96,86,82,3517,41,10,325163,36637,50,85173,5049399072542067395,164.24
3990,200,55,89,73,16211,0,9,2819375,80836,133,4276,3142527453945793068,841.44
3991,200,7,72,51,24415,0,25,6497032,115570,166,79648,1937741244873266985,12.98
3992,304,76,91,23,33139,0,10,7920037,67054,204,81984,3940329266316376464,958.21
3993,200,24,10,17,17059,0,19,7073361,27014,164,16410,3612474016520123862,304.17
3994,404,55,94,57,2656,0,9,3002788,213357,27,47192,449185826634321663,641.77
3995,500,140,50,42,14996,0,9,5022269,247776,79,7276,4442067085199809849,263.27
3996,502,87,68,31,46033,0,19,5225443,6866,159,28937,858125767388768339,86.49
3997,200,124,62,68,40601,0,15,5745036,198447,251,56068,7855400444982252408,755.23
3998,500,59,9,34,2492,0,18,790878,236699,171,261,6461699051067951336,942.88
3999,502,91,86,17,61654,0,26,7979892,201966,39,65273,192388187047322064,61.3
4000,200,29,73,58,6699,0,12,1748940,50992,182,57638,6685570520966626527,13.42
4001,301,47,50,84,38732,0,25,2356413,104565,32,41834,422641974440579882,77.37
4002,200,251,2,69,35011,0,11,4201286,72644,100,17027,4993735466486221013,614.43
4003,200,123,99,64,53435,0,11,2883745,70832,64,39562,364279843317431157,54.04
4004,500,65,0,83,53405,0,28,4423824,140362,198,28272,2634074632398735182,217.54
4005,301,99,96,27,51678,0,8,2437864,284,37,11673,5480480299265340829,437.66
4006,200,28,93,73,28512,64,3,5287072,116962,216,13811,8788420174668130958,807.86
4007,200,81,61,61,8297,0,24,560713,178904,115,25059,275706863392945947,888.84
4008,304,85,100,38,60276,0,23,7778922,133077,238,36305,537939403666829381,715.92
4009,200,163,73,70,34062,0,26,3219510,48367,187,86407,2110027780237453375,369.83
4010,301,8,76,54,446,0,4,4529478,196920,85,14044,3196767101262118484,111.87
4011,200,72,12,81,3675,94,7,7874219,62611,157,12704,4978903605419015385,829.03
4012,200,221,53,76,57465,0,0,5023482,43217,96,88728,7399558256371173292,745.6
4013,200,28,37,80,39819,0,2,5546897,225677,39,30191,5494379668576458477,486.59
4014,200,82,23,68,29877,0,5,216935,12199,75,40144,5527648915732754923,501.73
4015,500,14,51,42,9517,55,0,3425787,248429,228,52432,4567470604917010757,829.68
4016,404,51,87,39,29059,0,12,1377055,28347,8,52289,4164057814470358985,159.74
4017,200,56,25,29,50222,0,17,5515456,106681,147,26607,4600546765678610669,778.06
4018,304,40,75,90,37854,95,17,6547852,55999,230,49419,3030372915510929781,145.11
4019,301,118,92,59,25495,96,10,447078,249712,198,38971,8602257509588894840,498.65
4020,200,51,15,16,21268,0,3,3170102,165235,86,47114,4175930581582182299,134.49
4021,500,83,12,52,56175,0,10,1410999,221074,152,99665,4173933224368834288,373.91
4022,500,159,86,33,58741,0,0,2056897,181797,253,42891,2336155683456346201,335.84
4023,200,139,81,84,61230,0,5,7994476,111749,202,54587,5077615960364972323,153.14
4024,200,64,34,88,10515,0,0,1953177,34228,7,26049,8785135023020774966,5.03
4025,200,190,27,28,35313,0,4,7405667,148873,4,3130,5715736749170498341,909.2
4026,404,106,37,88,28187,0,3,8431,14982,220,73990,4054766185185995179,759.38
4027,500,43,6,90,913,0,10,7322762,227859,224,37180,1642914398084815627,21.53
4028,304,116,69,44,62259,0,23,5444928,22089,110,53881,6513353007099580127,76.86
4029,200,75,88,47,20609,0,18,4608581,128519,173,23723,547213980877260245,238.68
4030,200,19,64,44,15482,0,14,7661977,13842,75,68475,5522318671976392467,559.45
4031,200,50,34,65,28381,0,20,5571915,206309,144,67998,3934408183215764948,787.09
4032,200,9,79,62,5026,0,25,2514576,140427,230,1711,7083229106476470742,583.94
4033,200,63,66,59,45783,0,5,1960249,218914,234,55650,3528106074003610349,184.21
4034,200,60,26,81,63632,0,19,938067,87541,121,70869,354596039961437578,505.51
4035,301,181,16,85,36586,0,21,7691537,214696,205,84066,4329896528658713236,193.34
4036,304,95,83,85,37832,0,1,2438363,114232,163,30177,8186070061999789550,645.28
4037,200,1,79,83,35041,0,16,91662,118217,65,15232,1165208476264590200,600.13
4038,200,70,33,21,51641,0,8,2818992,229803,234,7035,1292281575846297971,763.79
4039,200,22,57,53,23524,28,14,1159814,41040,37,74464,7502119150328786734,688.89
4040,200,16,72,86,62543,0,17,3258239,171337,110,52840,7057547542358140454,806.26
4041,200,13,23,56,49906,0,2,902025,70345,225,64761,5370290186795048223,571.42
4042,301,92,84,20,9628,0,4,3472358,39299,109,86424,8638302676135374626,544.39
4043,200,70,41,75,10185,0,2,7137435,97301,200,65237,5336424777384169032,663.77
4044,200,14,91,72,53279,0,21,3315444,209138,18,5104,4483950966923063782,754.19
4045,200,53,60,73,10516,11,7,5383617,105623,127,61651,7400597820605098330,991.11
4046,304,50,72,18,40722,0,25,1710376,25938,228,27299,2025404893973536613,651.13
4047,200,132,90,19,51760,80,4,4810834,52372,111,2015,2950610402137547860,939.06
4048,500,2,18,49,26118,0,10,1197547,133689,112,73203,5947098879959030430,783.99
4049,200,176,32,83,19033,0,9,1487233,94619,181,20680,4438205856693793207,436.19
4050,301,27,39,28,1392,0,2,5500760,93652,98,33360,7306061870707534798,956.3
4051,404,69,56,85,34735,0,7,4264539,79328,104,68162,7701132899065156132,737.16
4052,500,54,55,43,873,0,23,6001870,75997,221,86227,5090528618570514858,418.55
4053,200,161,3,43,52485,0,16,144380,149719,112,4014,6510383745741548045,802.88
4054,200,24,48,19,12041,0,1,5137674,121495,120,5129,7464250375956973807,829.01
4055,200,47,56,33,9972,88,14,5086640,86301,135,77796,653962311266119071,916.85
4056,200,19,89,37,18786,0,23,153502,201671,48,71604,3754135083505255514,275.16
4057,304,134,13,91,1015,0,12,2967084,185842,18,68735,702250109405041820,639.59
4058,500,148,81,15,12333,0,21,7021288,202878,128,13248,2708760257473573271,971.13
4059,200,57,42,75,24861,0,26,6054152,5424,125,36005,4150140926377208830,495.69
4060,200,158,58,54,49695,0,26,5833052,124788,142,77562,7587921126943926399,826.19
4061,200,184,17,36,47103,0,14,3590767,57729,161,73540,1852124289640280437,765.83
4062,304,11,78,77,6186,0,3,3154959,130550,28,29384,3196417438578771185,927.26
4063,200,117,6,63,40267,0,2,6408797,211683,172,58308,1160185337739800856,169.82
4064,500,89,55,15,21519,8,4,3464927,5027,174,53768,2925354864897042947,798.89
4065,200,31,90,49,1671,0,10,3343435,14593,37,58506,164191847231879316,460.38
4066,304,144,68,83,16375,0,3,6031890,217450,77,58840,2461827202463408592,592.01
4067,200,44,36,50,30090,0,6,5543240,79345,186,93334,4459759775435406176,963.9
4068,301,124,79,46,17265,105,2,5878537,229635,153,63712,8975252645170551244,400.46
4069,200,206,46,68,39309,0,8,7961912,6563,255,75757,6198965830007478131,346.43
4070,304,77,89,20,22783,118,7,6540079,26576,222,40754,8616458017239766615,766.51
4071,200,16,5,22,52439,0,2,604456,66739,14,67369,283723362076348313,772.11
4072,404,67,46,15,41084,0,26,464733,20371,57,26912,1824879464986734358,752.5
4073,200,146,81,70,10467,0,23,7262734,44596,26,54616,1811692079802019771,691.9
4074,200,117,61,77,15559,50,19,2904908,145833,136,50048,4456423348560609220,198.17
4075,301,26,99,59,26332,0,13,1799258,128633,187,75145,1820724253960437288,419.28
4076,500,67,1,83,37489,72,2,4055455,7541,61,78382,1114861294091333582,581.07
4077,200,53,59,89,7375,0,13,1515580,125674,226,21529,1896653627731532873,880.13
4078,200,100,0,71,2898,47,27,790009,196291,246,96414,5622920344712254743,934.39
4079,200,39,49,80,7646,72,1,4346576,27913,144,59112,1527785258517535623,694.2
4080,200,103,57,70,27701,0,28,25792,229927,168,32562,6762570496264894630,917.01
4081,502,17,40,84,38582,20,0,759611,100653,192,36548,5534021328514739194,112.67
4082,200,94,11,89,7664,0,28,5628842,166083,243,37976,6256137890980088573,26.12
4083,301,110,73,27,3978,0,18,1751666,22872,83,54270,6809642643063010675,644.37
4084,200,103,51,17,4771,0,4,3370611,38343,179,65625,2248630952821934670,398.75
4085,301,86,41,73,44298,0,21,1650095,242903,162,92131,2356982958572158492,656.79
4086,200,61,88,56,41206,77,15,6655456,71677,35,8037,7184363151540705095,767.63
4087,200,62,91,24,54252,0,25,6114839,156591,102,4087,4519047219074888465,332.33
4088,200,5,76,27,15545,0,26,1995840,120735,11,59754,1446409646431229359,747.3
4089,500,81,9,48,3620,0,6,5464876,13923,84,68728,1909141394045995338,908.39
4090,200,97,10,24,59379,0,9,2480366,248513,154,22113,7633849846302600476,990.8
4091,200,151,15,58,33020,0,13,2029979,223671,209,53589,3768434517029796693,52.56
4092,304,140,15,91,10410,0,19,3354317,82719,209,85342,2609300314566917046,984.98
4093,500,148,49,33,20926,0,0,1309876,63111,245,53452,6817018570259808191,449.6
4094,200,94,68,75,25846,0,14,7043562,63001,244,6232,2700769974597922765,467.22
4095,200,38,41,42,36012,42,18,3670393,235377,93,36324,7785351730699085163,285.6
4096,304,13,18,59,50410,65,22,418488,134091,240,3510,1309236109104758375,115.28
4097,304,41,0,69,61566,0,23,5723902,242929,50,24205,6051231477394703698,5.61
4098,500,83,81,49,24985,0,25,962595,152322,191,97265,4471174500692210043,314.53
4099,301,62,12,66,50503,0,16,2277876,232193,7,59485,3113107981238602199,722.66
4100,301,120,62,84,40419,0,24,3316082,174765,177,62464,2768516482211837525,110.6
4101,304,31,64,62,25550,0,0,4310737,151952,80,9967,8653281243052878455,3.51
4102,404,70,94,37,24460,0,11,7107999,202870,74,96662,6736951627504337815,872.78
4103,200,31,53,35,16840,0,10,3353800,200880,60,71846,1120385597591128476,49.94
4104,200,112,35,34,29218,0,5,2651640,199382,60,83505,2501354037151567915,568.65
4105,200,57,4,33,62092,0,1,5312263,42022,152,81809,3534761527991358414,641.94
4106,301,137,60,48,57131,0,2,1134471,20865,169,96216,6058595325446176422,118.56
4107,502,121,70,90,37855,0,20,7862033,62848,16,90645,8973574468216195340,286.98
4108,304,116,39,19,44219,107,13,4918085,197793,173,17774,7572602826424642946,920.06
4109,304,154,59,48,17971,0,10,2581720,180138,59,16978,6434011611128381642,87.31
4110,200,100,21,22,8385,0,11,4036920,169374,203,83100,3414058915449574433,803.73
4111,200,64,39,31,22361,78,19,1545528,169166,5,30551,5179922803964434274,984.88
4112,200,143,88,81,30288,0,22,665270,124717,30,87182,5709618617881414256,685.73
4113,200,116,1,80,26361,0,15,6234468,107535,32,62177,7851897283202026098,165.66
4114,304,134,88,32,23330,0,13,7829945,96495,182,88563,4526146690157612375,95.74
4115,502,69,86,28,48979,0,13,7139455,146442,90,80772,2868864747137100121,32.18
4116,200,21,87,81,58561,0,5,3430847,92961,41,9926,7784939123785030529,790.13
4117,200,170,64,86,26910,0,27,5679696,223827,106,45798,4121911675072254291,674.03
4118,200,77,54,63,63914,0,2,7138762,30024,71,3474,32173982693759463,369.41
4119,301,62,78,69,62255,0,20,109942,118714,197,18920,6366086613750843942,269.03
4120,301,1,24,75,60841,0,13,170281,97278,59,3529,7643891355016972420,862.5
4121,500,86,86,44,9356,0,25,6921148,224151,151,97252,1054837978637998674,741.96
4122,301,152,3,79,44792,0,26,7900844,34720,232,79377,1316712756829505822,101.94
4123,301,103,73,25,58918,0,14,7802288,94470,67,38250,4276349653408815784,450.16
4124,200,114,16,56,54938,0,9,5226562,120434,49,47821,7787494624641242639,51.04
4125,200,156,7,31,20406,0,28,6788774,123230,179,69661,1475833435790054284,43.27
4126,404,181,80,22,63877,0,20,2476374,41859,238,82879,8708597390660693571,112.97
4127,200,80,30,62,25449,0,5,5986634,136256,197,31791,4642676295708766042,2.1
4128,200,81,61,80,28488,12,25,7431284,149329,58,77191,6948207518390882359,422.45
4129,200,164,87,71,28175,0,16,653899,226844,213,57082,6596454190718068315,622.3
4130,200,49,32,72,57004,0,18,1353175,146623,36,82973,5468394744872735935,401.52
4131,502,114,49,91,16331,55,12,7327521,246784,86,41716,45781868039833170,106.52
4132,404,65,71,92,31004,0,19,7410519,96615,104,88976,5456322088874523315,756.19
4133,200,121,3,71,10546,0,10,4009052,30408,72,24248,3129438653014033997,414.61
4134,500,263,17,39,31632,0,23,5625498,150158,214,59231,3154491222793479040,659.09
4135,200,69,50,53,3837,0,12,6075865,171983,205,73853,66145461381330897,853.54
4136,500,111,21,90,45810,0,12,6113786,240896,209,62558,8935908592139534060,768.0
4137,200,145,2,57,4790,116,14,5636041,183230,253,27380,106112263944760671,808.51
4138,404,135,25,20,63099,0,21,7705848,182887,197,20867,5508327148743994523,349.1
4139,404,118,1,68,16916,102,25,6706619,5898,128,27832,1745037520145509105,504.62
4140,200,7,34,69,13910,0,11,6656056,218641,28,80608,5785709213554309647,137.82
4141,404,105,87,57,37310,0,27,3082651,38839,246,93203,5404994228823541252,661.77
4142,500,157,80,81,16296,0,11,3041323,59957,255,37906,7598128307973827362,289.85
4143,404,87,61,77,31961,0,8,2818224,198745,211,78302,6094949242798659922,771.14
4144,304,72,61,31,58550,0,4,29041,213862,112,9696,8585960471426232825,584.31
4145,502,167,33,65,48070,0,17,920987,186982,227,74554,2544035026833926769,77.98
4146,500,195,5,42,16879,0,14,2489093,156190,111,58690,5174574760392263388,316.51
4147,200,40,61,33,7272,0,22,2408474,125865,88,3857,4588789755558252843,550.36
4148,301,60,10,19,54845,0,11,7131466,10384,183,40217,8584389558757649016,374.83
4149,304,105,80,54,58368,70,20,1765146,229290,112,35671,4839738227272247560,66.02
4150,500,122,14,22,24148,0,1,411926,109078,231,18615,4273169674755180093,77.67
4151,304,26,85,43,5150,87,22,7805572,156228,135,79563,3397905886714317055,633.79
4152,200,74,88,56,30055,0,17,242186,18080,235,25052,6792260302816743357,655.19
4153,500,99,13,70,58412,0,15,6868630,110584,154,1915,5582903448837441940,89.05
4154,200,144,30,59,30116,0,6,201194,29018,162,92557,792056837838763394,610.05
4155,200,40,92,88,38774,0,24,6587163,42045,139,82215,1979101841702198176,221.53
4156,404,121,51,33,40638,0,5,4642223,107137,99,45492,6218810166161923261,968.3
4157,502,88,67,81,14475,0,0,199125,110017,156,80263,7613589819701410588,910.66
4158,200,33,94,26,21869,0,24,1902336,198739,140,56260,553111947699120412,930.75
4159,500,111,1,24,9720,76,4,1451769,142760,151,91042,4095857020921021925,663.42
4160,200,95,89,62,59545,0,28,543853,68592,9,51218,6003794734254406901,341.43
4161,200,99,42,29,16848,0,22,4254654,85930,147,5506,279376085277736064,977.84
4162,200,98,62,76,24984,0,7,2711668,117653,254,69602,2575391247001167633,798.73
4163,502,5,26,51,10692,0,5,823596,83735,64,60958,6793573021278756567,415.62
4164,404,37,69,51,58069,0,0,5893840,241428,18,94812,3084624052319188137,853.47
4165,200,95,30,73,27855,0,15,787169,96294,182,70545,311858867071878346,98.85
4166,200,11,12,41,7893,30,9,5700529,103019,16,73312,4250642868470977987,233.25
4167,301,78,47,44,63913,0,3,2750371,128123,135,37365,1727514147383973458,20.03
4168,200,81,72,78,63650,0,11,6026635,249517,50,37802,3241061955841006055,884.38
4169,301,76,48,59,41508,0,23,6781147,188652,185,67497,487901935687726204,244.64
4170,200,1,71,15,48458,0,19,6093557,170665,97,50836,5298307835475439785,108.23
4171,200,123,43,46,38150,0,13,3160859,230665,57,4681,1341368829318080380,89.77
4172,500,35,42,44,31699,32,17,791929,98441,65,61986,6783203481430278930,93.13
4173,502,50,12,23,60450,36,22,5587875,215891,135,95517,8508136828147485896,356.0
4174,200,18,83,90,50587,0,4,5739340,101629,162,81348,2007018085511020124,361.39
4175,301,15,34,60,23500,95,25,6608753,208884,208,65516,1419857638042659326,547.59
4176,200,134,71,72,2146,0,6,2423351,246817,134,95712,8239961960350544716,190.66
4177,200,135,38,30,4642,0,24,5770503,15390,100,25840,8030254568844805551,333.82
4178,200,15,87,64,32411,0,1,6018450,235847,28,40024,8886143637484126413,157.34
4179,200,104,64,16,44921,0,12,4078125,190169,102,50752,1278925375685102808,774.79
4180,500,25,64,34,61247,0,13,4015010,226549,96,43345,1436195953738574135,609.82
4181,200,165,24,32,61397,85,7,6321638,178750,209,98830,1164341496723856758,119.0
4182,500,117,67,89,12808,0,5,2803439,216748,242,10831,2387199115689380666,321.53
4183,404,113,86,75,52535,0,20,7247190,61056,29,97085,712917883947382799,44.53
4184,200,115,14,45,38784,0,16,1368277,38323,134,95251,3049509689073896348,475.45
4185,200,30,4,50,8375,0,15,6530380,223860,72,54176,6022966787763889637,887.36
4186,200,51,68,18,61938,7,2,6395970,213389,59,11133,4771183604105779647,674.83
4187,304,64,34,23,27534,0,3,3603918,144362,23,88752,7414473944351757831,845.85
4188,200,28,1,25,60646,0,20,3475729,198152,164,16400,5002975713089354266,463.34
4189,200,68,86,84,34634,0,24,3458492,61613,204,54206,3317370103926398404,747.71
4190,200,35,95,31,63221,0,15,7032631,89947,13,26159,6219571469078515147,440.57
4191,200,114,90,90,58065,0,14,3630803,174662,63,47987,8316106275231664078,761.61
4192,301,142,10,19,54927,0,8,2573526,245711,155,18584,4091253529436511568,794.18
4193,200,149,20,27,17740,0,9,4978289,102647,26,51274,6552152576041315153,358.09
4194,301,91,35,24,9517,0,28,7167295,193953,66,70474,2344165527045504420,190.69
4195,200,15,21,54,31689,0,8,7135215,104632,87,83946,4453312038442860989,606.94
4196,500,124,60,59,59542,0,21,5293404,90657,218,91068,7857648445172989658,912.73
4197,200,95,59,74,60687,0,26,5776610,11624,155,88342,5855239699225302862,456.78
4198,304,165,40,58,7796,0,19,3692489,176309,222,97120,8745935967655391440,966.37
4199,200,138,38,73,47046,0,15,2769784,6192,32,40120,1416899816309809070,237.03
4200,500,129,70,51,56690,78,24,2497064,19469,106,18751,3040555238647649980,478.34
4201,304,121,47,67,26645,0,7,3543414,125909,251,75676,6996317428773989916,786.69
4202,404,42,2,25,63092,0,6,4573154,224670,10,21813,8110196351142284919,98.44
4203,200,112,35,57,44177,0,21,3968493,69995,51,96151,8474296289875531819,522.19
4204,301,111,33,36,45387,0,3,2542583,210523,141,7068,4897850031611091123,171.07
4205,304,172,71,24,8434,0,14,89728,193450,200,37497,8323788429113745335,745.43
4206,200,135,9,72,46684,0,2,5895357,245482,222,18458,6518873367103260607,843.93
4207,200,51,94,27,14333,0,17,5068717,23717,247,51001,1913159678161867996,465.67
4208,200,18,9,70,32185,0,2,7998723,216211,162,34007,7245248685997124488,728.62
4209,200,78,45,27,47592,0,16,5356485,170882,125,54406,4431917031479223498,498.74
4210,502,75,65,90,10670,104,2,1322423,8269,175,20685,5488144628254719489,754.37
4211,200,11,18,39,50725,0,0,1178156,177921,44,59704,6569746341579408724,627.53
4212,200,187,28,74,43402,0,2,2401038,248857,174,66318,5612725936969747156,227.7
4213,200,71,45,34,22124,0,8,4771593,94064,117,78445,497038455575610437,389.91
4214,301,119,43,46,60003,0,15,6662002,125759,84,37310,5316111140807021399,970.87
4215,502,75,39,29,13783,0,8,5524952,18488,65,62073,6924502730471229925,20.17
4216,200,197,55,37,33135,0,28,7447536,183318,85,84499,6297208501613771528,440.74
4217,304,196,5,50,47364,0,15,3752727,183247,41,34546,2138931782215080873,43.3
4218,200,20,43,26,50254,0,5,4377137,76442,33,55120,6939745527981057865,757.22
4219,200,61,82,77,20230,0,14,2785472,1182,224,54968,7769138832876886371,25.51
4220,301,43,58,46,26420,99,14,2690976,117171,197,30594,3104584147418677336,247.27
4221,500,41,37,91,52544,0,0,3554213,190762,77,70574,2831139128511599779,215.4
4222,500,12,73,89,14080,0,25,7382628,51833,7,98591,5895676556200526880,888.17
4223,200,189,57,59,392,0,16,5911200,216251,2,30022,4915817278249924108,121.44
4224,404,173,11,16,10902,0,1,3080338,106907,10,39480,5797024467614950884,59.77
4225,200,69,64,23,30698,0,0,6606262,65457,216,1426,2230131199693170862,643.08
4226,200,10,90,79,7338,0,18,2974090,21241,230,81331,7644775802666910813,24.46
4227,200,128,24,59,23644,0,5,374748,44261,14,16094,1310663086743259559,547.9
4228,301,60,40,40,7165,0,6,5139530,56670,114,27406,6915852641029630436,56.53
4229,200,138,59,30,45502,48,19,7437840,216387,129,76560,307424390222687923,645.11
4230,200,65,72,26,51116,0,5,4494755,23281,116,24897,1610860582052661314,430.88
4231,200,55,33,42,33768,0,6,4821099,112640,227,44431,4537749540058845610,130.68
4232,200,61,36,68,22975,0,17,513667,34316,248,32829,7914075913840463491,501.59
4233,404,159,43,52,63682,78,5,968552,163565,105,91758,3062150042614846150,335.54
4234,200,13,49,86,35658,0,6,2569555,240473,188,52995,5761578857886422070,665.48
4235,500,60,55,34,24574,0,12,314049,34753,56,36157,3102018507412176121,249.6
4236,404,34,97,63,13697,0,1,662832,128479,43,66783,6078827299226022694,92.35
4237,200,153,5,29,28630,0,1,2585826,182143,117,77814,4445461020764264916,964.54
4238,200,60,30,61,17666,0,24,5787388,204267,217,36329,1012333905007511037,456.93
4239,301,27,48,69,21299,0,9,110791,29306,237,88755,8760594001247559128,157.21
4240,200,160,60,69,3057,0,11,961316,11265,186,37917,6922592423634011127,156.81
4241,200,51,54,81,46978,96,15,5077430,62285,192,87461,7556966674901811203,572.84
4242,200,65,69,32,3950,0,18,6313217,3962,212,74983,4801800580305686178,687.69
4243,502,93,94,81,49242,0,15,883785,192989,239,38396,8100170107111909431,310.34
4244,200,91,75,42,49176,0,24,5311589,227725,241,31049,5959123418269025641,339.96
4245,404,148,12,76,60872,0,0,559534,249006,77,72088,2002119608158398933,636.01
4246,301,122,18,40,24739,0,15,2087492,67851,52,86886,6369226489811344423,92.12
4247,404,89,45,53,19020,91,12,2642867,53952,108,18217,5024997046476477182,967.61
4248,301,45,55,81,39658,0,6,7112553,145805,235,24381,59411812027604816,877.58
4249,304,108,99,19,16480,0,5,3436880,90653,23,49447,2822540675063209743,643.54
4250,500,178,82,53,35237,0,19,2377866,45587,249,593,2929391004772180608,351.09
4251,200,77,95,82,41944,0,27,609438,73384,232,67255,4958405249216033912,570.91
4252,200,165,30,30,10023,0,16,4688163,181554,252,55615,5583611782339852793,142.24
4253,200,65,92,64,17490,0,21,5351872,7863,21,82092,8243803391082798712,441.9
4254,502,168,51,55,26760,105,25,3467243,66647,71,28762,8568231437732118800,734.67
4255,404,173,22,64,33089,0,23,3277479,54755,112,95370,8436887066775187323,245.49
4256,502,12,54,49,4244,0,17,1480983,213317,138,22236,195840612428622540,126.62
4257,404,112,16,79,790,0,4,7325359,49432,166,87856,4525938302723446686,763.99
4258,200,145,91,88,46476,0,0,1070404,172706,56,65144,3281335116616090918,522.49
4259,304,79,29,28,49142,0,0,5108738,116453,189,83945,3913708014672499699,300.99
4260,200,107,82,85,11015,0,11,1172576,10471,62,49217,2126099510224954220,186.55
4261,200,4,40,84,32837,0,15,7919591,12056,135,97483,5319570661806625470,877.76
4262,500,58,10,29,59387,0,24,3118311,145742,56,39243,8175494083683917598,624.04
4263,200,75,90,32,49071,0,24,4019548,16845,89,80752,6063512703101672841,951.75
4264,404,7,33,74,31317,0,16,5043445,139343,185,28291,3547860675837332338,207.06
4265,500,27,86,29,50147,58,13,7721265,238076,46,97237,6357221292565080146,947.35
4266,301,19,44,41,51685,0,25,5991031,88912,71,14781,6989691438805679762,282.96
4267,304,35,87,48,42630,11,17,7848104,243158,47,29967,6569527475257437644,750.01
4268,404,50,76,73,53435,9,0,7290731,243358,247,42971,6841926003677386918,579.54
4269,200,86,37,57,34719,0,18,5775582,53952,91,74770,8558512002847002132,386.52
4270,301,155,70,53,62590,0,14,4426678,115477,226,8061,5247656227408678934,362.78
4271,200,90,78,79,34570,0,10,4765014,162547,39,94029,3162240384589018354,905.17
4272,502,47,82,82,10435,0,0,5779945,159451,32,40799,5630142931105224446,741.93
4273,301,70,59,60,31888,0,9,4143852,56971,155,470,3271205026824692344,251.89
4274,500,84,24,78,36390,0,5,6069176,195119,206,44730,4578413088644117993,630.53
4275,200,81,94,63,59631,0,9,263456,243643,219,70257,571932180357810272,144.22
4276,301,4,67,31,35589,0,24,5175879,210551,237,89152,8386976077589344827,367.68
4277,200,7,63,47,62519,0,21,6044474,146259,153,7047,641248320166191321,135.18
4278,200,118,65,71,39680,0,28,3879835,76453,165,78960,7743093756697939137,60.91
4279,404,89,33,78,7638,34,6,6596361,223295,217,99573,8019758027097169592,590.9
4280,200,107,82,65,6368,0,21,5021587,224593,230,35819,5492005387348680219,531.91
4281,502,13,95,71,9090,0,17,4420981,175596,181,53320,4856334400943189647,376.08
4282,200,116,90,58,30017,0,20,879321,27001,104,84153,2631521694243402382,268.98
4283,200,93,15,43,38447,0,20,8241,144026,94,25795,4570240223560939344,635.1
4284,304,34,39,29,21825,0,26,1307688,199584,248,37881,4850659670458484955,524.85
4285,200,81,14,44,8377,0,5,883912,53410,125,56355,2415500457197283555,659.39
4286,200,71,45,44,19525,0,2,1047836,89846,103,62027,5826288989078298161,734.83
4287,200,79,85,29,34878,0,23,7489449,17523,141,36744,5706525170183105778,58.04
4288,502,34,10,75,15537,0,3,6743342,203259,89,79568,910800905019207743,92.19
4289,200,15,11,19,29273,0,11,3362824,64626,163,50290,3634141424941812301,880.51
4290,200,18,4,75,25751,0,14,4498683,106810,254,48669,4178443283121050322,207.65
4291,301,72,52,57,1539,0,5,1537006,52954,166,98796,6243498720273106351,840.1
4292,200,53,46,44,52585,74,1,3202192,198044,92,73454,6813177343886885823,131.76
4293,200,50,78,59,33562,0,16,2831225,58461,82,51941,1247473611826803922,687.9
4294,304,3,13,37,53857,0,7,3950124,50818,129,20804,2325360536295167656,508.19
4295,404,94,68,72,41577,93,2,7145982,196202,43,69113,6413204550250781049,372.18
4296,404,145,4,84,57444,0,1,1875136,101737,199,86804,188734661385648271,521.14
4297,404,75,31,72,63578,0,3,5888059,200073,61,98409,1685065901757370601,669.71
4298,500,124,56,68,19728,0,16,4245609,181842,143,63655,2664957713465243650,879.0
4299,200,37,14,19,57342,0,16,2836996,213726,66,78252,6852695125805444604,50.71
4300,200,116,61,31,16152,90,18,5650885,71759,18,33524,805181675843110976,120.52
4301,200,175,77,57,22750,28,6,1258462,227202,185,2242,770187969434647445,117.76
4302,200,120,0,76,47019,0,17,6350649,64879,138,44083,7195275008821908928,441.21
4303,500,130,24,30,43370,0,14,174280,82859,136,27491,6594810735042527893,819.65
4304,200,165,29,70,11726,0,22,3307392,238827,212,5319,5210447181322855290,313.06
4305,301,141,32,19,2115,0,14,6878838,236379,196,91784,584384486797707828,244.56
4306,404,134,68,68,38673,0,25,7483903,7362,123,33874,3159559418084653154,506.74
4307,301,29,73,87,3849,0,22,7753064,63704,250,71917,1638768147830499800,89.63
4308,200,47,73,38,60391,0,10,5627719,48966,67,69675,6046830537954991779,627.99
4309,200,150,34,50,63043,0,24,4817803,216343,16,14052,1252878286356551942,65.65
4310,200,165,85,84,39259,0,14,4040416,152106,190,44481,1823138632715725944,972.76
4311,404,28,67,51,59491,0,15,5066380,196577,36,10757,2543412390597255627,642.22
4312,200,125,38,86,15526,79,3,687834,224287,13,59135,3411355127971508637,871.7
4313,200,167,40,48,14811,0,11,2097642,71624,115,21183,1600998626461617624,509.82
4314,200,68,34,72,13066,0,18,7943435,27309,78,19705,6981546831478845767,81.68
4315,502,139,47,32,40134,0,23,1955913,29213,58,93368,316809819288833358,186.62
4316,200,128,67,24,40460,0,15,3242242,208173,227,58700,4360015008671707794,858.31
4317,500,4,83,80,17643,0,5,6430453,52329,135,88278,5202990103193532196,138.86
4318,200,53,6,83,51658,0,9,2729023,147223,33,12399,6588252007991361827,740.35
4319,301,39,77,80,33197,78,6,994047,123413,37,87533,185899126169871203,164.81
4320,200,112,95,77,34690,65,28,6285738,190800,62,35016,641786812333714078,313.85
4321,404,5,95,51,38983,0,20,1445888,77998,127,99417,7693000997652954731,921.3
4322,200,75,7,30,51259,0,2,1273330,143954,15,43024,4846245597247698886,921.84
4323,200,167,32,52,31483,0,14,2805548,188638,45,50303,6182615206468012943,984.97
4324,200,71,37,43,56965,75,17,3351083,66208,93,82266,4388608603381791890,137.44
4325,200,101,31,15,43533,0,10,7015824,169156,177,38265,6313955991468110142,182.61
4326,304,62,26,16,24697,0,27,9040,16452,205,67401,2026090197180846719,940.04
4327,200,77,49,77,37796,0,25,1998506,47251,217,43997,5332553625507541021,109.13
4328,200,135,29,62,52761,0,26,6639243,71511,250,69975,8019107169146675931,667.27
4329,301,135,95,86,45711,0,14,6973112,204882,4,71933,5101533522691094308,48.45
4330,200,100,98,39,33695,0,9,7575578,51450,47,42732,703529871842225926,703.48
4331,200,4,56,54,62404,0,26,2377382,75226,144,51589,5384628440871634020,76.18
4332,304,107,59,30,43158,0,0,154309,158413,245,27034,4100915942176290566,557.79
4333,200,121,8,36,58961,0,19,698080,70502,191,47587,4120168515750087491,593.94
4334,404,154,49,30,21638,0,1,3240802,221896,109,34974,4390967306289438788,14.2
4335,304,114,57,18,56626,0,12,592798,237687,107,47414,8022521888544894142,408.17
4336,502,76,20,65,33491,0,20,6676603,115804,156,47631,8411333767237352687,79.87
4337,200,131,54,67,25006,0,25,465487,207698,119,9389,5704053094074735180,35.17
4338,301,36,34,64,45149,0,10,4152987,39720,59,82805,1720531719025165273,308.83
4339,502,28,88,23,14194,0,17,6177079,173025,129,70406,5418683027632165651,654.18
4340,200,2,100,55,27339,0,2,1567040,137750,0,28790,8363856621583868807,887.29
4341,502,59,91,22,4912,0,12,3061673,88732,195,6340,7901610057502480752,363.58
4342,200,89,42,43,32194,0,10,7151400,74258,195,85208,3329979965963793598,740.32
4343,301,214,55,54,16384,0,1,6280758,173093,217,31014,7683648681571266154,89.8
4344,200,7,19,22,56251,0,24,6464578,19456,175,52601,3080085030454827902,507.11
4345,200,124,89,81,44540,0,25,3887544,167787,96,12561,4803123092746934719,611.81
4346,500,60,42,81,1514,0,21,1254226,97827,107,40749,325529107533642387,176.64
4347,500,127,87,68,47909,0,2,1974697,84017,71,83731,4390973364521241514,432.05
4348,502,175,42,37,19686,0,10,1751555,155693,3,29054,263657654261163809,821.63
4349,200,88,50,61,25607,0,21,6555738,204877,177,57486,1655843777832047412,448.35
4350,200,130,76,75,38507,0,21,2956391,219309,34,94911,6591555027826944098,952.22
4351,200,112,19,69,63823,5,27,1807621,222245,141,38168,3131740486114638145,852.45
4352,200,38,6,15,47016,0,12,4116801,220874,24,62493,6493245345595291994,567.83
4353,200,39,96,37,8081,79,22,3109659,194296,131,35951,225059571129697332,990.08
4354,500,107,14,42,7237,0,8,4072788,194314,197,68054,2437576402800643312,684.77
4355,200,57,58,47,17286,0,7,3560195,47704,165,55499,3810224089405581380,886.38
4356,502,144,78,50,46193,0,8,7226337,228245,71,47069,1020602204151766515,576.27
4357,502,158,76,32,56054,31,2,485456,87365,150,43755,8629543844491414976,771.2
4358,200,139,64,39,13527,0,3,5213423,55464,58,5474,2190035922218491628,84.94
4359,200,34,16,91,52638,0,27,3655782,130230,50,38820,1159574487750090511,614.8
4360,200,31,100,71,14626,0,18,5193208,47447,169,20973,3993644636725764873,506.31
4361,502,23,10,59,40469,0,12,5900122,81244,245,45136,2787520569436842303,953.12
4362,200,46,55,55,5133,0,13,1848871,67502,109,92501,3189212910044982510,717.96
4363,200,56,46,56,14939,0,18,7315392,222772,144,47980,1819002006587507676,354.49
4364,200,139,20,84,42324,0,9,2611997,212320,19,13365,248822504908864046,455.02
4365,502,157,12,44,11637,0,3,6187118,109693,15,51847,833620498497646652,761.24
4366,200,133,51,15,54900,82,25,4942270,147408,145,11545,3337216555199209701,440.31
4367,200,18,71,48,9932,0,4,74020,105540,106,6363,2806883511413148970,793.35
4368,200,128,75,71,13944,0,1,6828856,213695,180,69382,5717549585498048942,569.67
4369,200,15,45,61,6290,0,15,4553894,74932,184,31817,2237264275578596450,66.26
4370,200,143,33,84,28283,0,3,6650377,37894,174,4062,535423853546261137,668.1
4371,200,112,70,27,38724,0,12,5267085,178761,7,86901,1560396939248914342,903.96
4372,404,68,80,67,20091,0,4,2194800,218479,244,60535,8701271096976677059,615.18
4373,200,195,72,55,25914,0,17,1451328,133424,56,96589,3205317872240689043,845.84
4374,200,68,84,32,61874,0,3,2090603,174041,240,62655,1921369207557135193,37.97
4375,404,98,23,48,17426,0,12,6352946,168650,15,54498,6361852989935516912,90.93
4376,200,116,69,63,36805,0,24,2686905,206599,233,26433,3808549022626125545,351.66
4377,304,28,97,17,31325,0,1,1291217,169970,214,56580,4752754414523990118,138.43
4378,502,81,33,81,21349,0,10,2182522,29693,155,19261,8265455758785664604,102.98
4379,200,94,93,85,12635,0,26,4838060,24974,178,35860,5602449244376310943,585.24
4380,200,63,10,35,26722,0,27,4871724,208221,105,10109,3055452930010441587,974.04
4381,301,47,49,65,52574,0,13,5088835,31683,173,789,5796696909528519713,300.97
4382,500,34,73,64,29958,0,26,4623692,49032,215,84201,3963055675330940942,472.72
4383,200,69,45,17,7609,115,4,1333996,112671,19,19134,6518190993520142006,990.75
4384,301,120,96,51,35432,0,6,370400,128196,96,32662,4258874045165590974,571.06
4385,200,51,87,89,21218,0,26,7937080,53546,64,43407,3494530014476038728,414.01
4386,200,113,73,53,9097,0,28,4250600,31232,97,387,8117552876023912690,685.47
4387,200,95,37,23,47798,105,27,4508065,71276,243,9604,7809627452944549118,587.97
4388,301,25,10,83,37570,0,3,3484221,40955,50,35070,4529144630095904083,720.14
4389,301,21,38,47,3652,0,1,1425537,39543,102,66016,2487105244318685049,575.95
4390,502,108,60,55,22221,0,0,4725122,119555,52,65487,6998113962956059970,26.83
4391,500,3,53,48,34446,0,21,151984,205178,191,77106,6835159003868886469,389.63
4392,304,84,4,55,19245,0,7,6954620,231354,191,10509,5142596479216835230,135.99
4393,304,149,61,61,62163,0,3,5762788,2954,192,24662,6887050339870685293,725.98
4394,500,40,51,82,35870,0,3,3045473,239170,22,66911,6743314327520134053,217.47
4395,500,73,22,66,25752,0,7,3480893,196528,108,74951,4439845284719141635,187.11
4396,200,197,37,36,20836,0,5,5390217,30643,221,63964,7681958003112552794,815.69
4397,200,59,62,66,8949,0,22,3293276,92544,44,35118,2052606573745992553,770.0
4398,200,119,81,74,26321,105,17,3743633,42794,163,94260,1060015784519086959,839.57
4399,200,30,90,37,16762,0,25,7687393,171371,36,23094,5846040909699170730,346.79
4400,200,42,69,16,10394,0,17,2964537,48363,57,46840,7075444902233686825,980.6
4401,304,40,36,65,25797,0,16,3686318,11692,75,10463,6506191562647627894,794.72
4402,200,6,13,22,11840,0,16,2785655,73689,149,15109,7486313488994659219,626.36
4403,301,138,88,25,2361,0,18,4234905,135932,154,23266,6744969342705636284,593.24
4404,301,103,36,64,53519,0,14,629764,227268,156,57282,6623247024898524529,560.89
4405,502,91,36,91,25173,69,20,5050175,244467,190,69806,5017400824378823882,170.46
4406,304,91,6,62,28612,0,26,5303019,168603,123,17874,4307552288553549048,482.3
4407,301,116,60,81,5949,0,23,3755351,10545,20,4196,8936871315732630009,538.96
4408,404,69,0,57,57174,48,28,5026219,101710,132,87685,3919577676527518397,603.89
4409,200,44,32,84,49075,0,26,7632471,121080,180,74846,482392720137118753,79.88
4410,301,116,52,60,3795,0,9,3670884,160377,113,16529,1607242622461402521,723.24
4411,502,92,73,72,9388,0,4,6519461,174497,117,29421,320548887303766044,6.52
4412,200,70,55,25,7099,0,1,5441636,61725,61,30145,8005850045389979369,353.39
4413,502,113,82,31,3395,0,25,4665832,230527,28,19834,4272025271140380514,608.7
4414,404,165,29,66,9909,0,21,4790441,93484,125,28924,6870606631263943282,667.12
4415,200,118,21,41,19458,0,5,1552423,7372,105,30005,5004454055787208091,733.43
4416,404,27,46,70,13654,0,12,4729809,141912,240,88349,3690726216054775751,381.26
4417,502,178,93,50,17563,0,26,6966520,95227,92,959,7065884973658636871,837.65
4418,304,69,44,32,5536,0,14,6456338,163185,146,84416,8989395381407748796,361.04
4419,200,78,5,28,54475,0,0,5138292,55930,128,97506,1605466058454305782,727.44
4420,200,48,91,66,62342,0,28,3758614,38044,170,74186,8045162077348908477,218.61
4421,200,75,86,70,47223,0,3,3301292,94029,152,64475,23743923687494996,187.71
4422,200,191,41,85,50548,0,0,7506601,10665,105,25274,172991328229629988,33.06
4423,404,27,89,69,22584,0,12,6091623,82498,175,5446,3530904111860890946,327.69
4424,200,27,97,33,31293,0,26,1047592,214842,137,16958,1922492180262826149,907.47
4425,304,83,100,71,4334,0,10,3608075,63743,169,25139,8231092508505126051,670.64
4426,304,39,5,24,12858,0,18,5468188,232128,92,42689,8348080145662066653,770.96
4427,500,141,42,87,37041,0,28,1079846,10046,90,37993,5452657396510978986,66.8
4428,200,94,47,58,44618,0,7,4187752,214856,126,47163,4277144039436949634,924.48
4429,502,103,49,73,40256,0,4,1331980,47281,40,62241,2482730351759310521,71.56
4430,200,15,14,56,20932,13,8,4934607,78255,164,8717,2058609052076804692,119.79
4431,200,118,17,80,43395,0,25,7709841,237632,81,58321,8203684576779811588,319.63
4432,502,65,21,43,12103,91,0,3644145,178072,243,8864,3313446353973783766,516.98
4433,301,21,28,32,17122,0,4,1519688,191070,80,92420,7325692361462795124,251.99
4434,200,154,33,49,11385,0,6,2914392,152430,184,48256,557757563643269417,95.39
4435,404,0,10,51,8930,0,21,1213955,114185,98,8696,3524560715891466777,73.09
4436,304,27,6,57,43758,10,25,3754495,199216,218,57630,1908260307693500778,401.12
4437,200,124,94,50,59036,0,17,2874273,150561,240,64775,5088192108348357741,304.71
4438,200,87,30,57,29901,0,9,6253571,43251,213,68024,1198785019598918825,720.37
4439,200,11,38,80,56013,0,15,6882463,220225,94,14128,7545601684127369107,468.44
4440,304,271,99,25,29318,0,3,871051,91149,11,51933,4058226148286823103,751.34
4441,301,68,29,46,26280,0,15,2132512,119402,251,52349,6990362598196690205,447.52
4442,502,102,3,31,7059,0,16,6229999,150848,107,23680,1075530744745886243,736.45
4443,500,30,50,37,17103,0,12,7293831,98376,34,78700,768638022221818884,507.43
4444,404,54,37,34,61559,0,6,228880,175854,123,11910,618542709406101570,966.78
4445,502,123,39,83,23902,61,24,5314655,74474,81,19800,4758195146487392734,921.35
4446,304,95,18,74,42120,0,8,5972049,204832,173,85977,6336429022018076330,697.07
4447,200,129,65,65,4213,0,22,717465,33368,87,81874,30186610418422848,138.4
4448,200,90,53,47,61822,0,17,26312,15992,159,73783,5770609707908417208,281.57
4449,200,63,34,83,10910,0,8,3021185,190116,107,66692,7897919523385687763,3.26
4450,304,41,52,61,59356,0,7,4240604,113296,97,65249,2348934187016981450,448.59
4451,200,17,27,63,31781,0,28,2073370,111146,152,4126,3731022070325885380,612.52
4452,304,26,79,76,48621,0,21,3241711,209903,148,80071,4662082812616488022,615.92
4453,200,53,78,34,15210,0,18,5622103,174070,254,60516,3030040686097178137,553.05
4454,502,33,35,23,8960,0,11,3709628,12181,214,18605,4209776346453557394,126.63
4455,404,16,82,62,7241,0,23,7112986,135272,161,84415,4514032765647097075,68.03
4456,500,19,47,84,55156,0,18,6915227,205908,205,72294,7227581947758589072,920.38
4457,200,64,56,24,51600,0,25,3115713,232534,244,24499,8416686773325583305,237.19
4458,200,165,75,73,20633,30,6,4045948,212806,167,1127,7924779010490725483,6.42
4459,502,57,28,54,13953,0,20,989735,163561,241,56196,4682680139028367594,269.42
4460,200,199,77,28,40903,0,19,7851611,10603,190,14062,3416966267535534857,292.57
4461,200,111,78,39,61875,0,15,501410,99613,31,12646,8769625914332077643,412.09
4462,200,90,57,73,1724,0,5,1997955,98754,196,90537,7774971004742578564,330.91
4463,404,49,69,75,13040,0,12,426178,209072,218,72869,4700948044908059597,9.48
4464,404,122,53,31,54279,0,21,5408058,117623,9,77874,5435540978550418307,32.48
4465,500,69,89,66,14713,0,23,4403936,137625,16,2147,1149005638060001330,116.48
4466,200,44,75,53,17960,0,8,7034042,3060,46,55293,1203989798905486351,802.08
4467,200,156,6,38,53512,23,1,1517576,58743,164,73439,3985678027253165731,119.28
4468,200,76,71,36,26728,0,21,5435371,73675,30,34195,7327061663908130825,314.23
4469,304,163,81,19,26726,0,14,5042920,52127,208,4068,2318939754727736009,515.18
4470,502,41,79,91,23056,0,7,2810752,207044,27,89774,1273958976601290844,29.99
4471,502,168,72,40,17622,0,22,440451,65138,227,40893,7267117239658529044,509.67
4472,200,199,9,21,50938,0,16,4863462,48876,99,87401,8977104016393667094,818.26
4473,200,65,44,30,52949,0,14,7445047,245943,207,39708,6548588881078409969,322.96
4474,200,113,78,69,11224,0,3,6442204,201221,185,3902,7035775268374905725,272.72
4475,500,174,64,51,29221,0,4,2013129,216787,160,95438,452759255975792215,411.83
4476,200,129,61,88,51202,110,9,6662295,167239,82,1458,5687460117733510825,924.46
4477,200,164,42,51,45912,0,1,6220089,127526,148,2226,190342435235729942,718.82
4478,500,104,61,42,26944,0,10,4144721,214715,246,46924,4741030336695377313,781.8
4479,200,116,27,64,18877,0,21,5106227,64670,145,74778,4119946414825968730,486.95
4480,200,130,43,74,8232,0,14,3270462,173707,165,72260,8119202785762038424,249.09
4481,500,36,4,34,41206,52,7,2284705,41536,8,46478,5969897486852841186,347.67
4482,200,88,96,79,31736,0,25,4916371,166861,233,23485,8995552453218471083,111.21
4483,200,184,59,46,59213,0,0,7053797,210000,59,33195,1355836408183603249,35.93
4484,304,162,48,16,17209,0,2,4233385,57411,188,16120,1601533052089186657,748.69
4485,200,150,87,67,51815,0,28,966348,14273,86,77385,900208824900202645,524.75
4486,200,42,41,51,48248,0,14,4430048,11297,93,23575,1157211047482537532,865.21
4487,200,121,67,44,25593,33,2,478869,11001,14,5137,6633311277861385723,662.96
4488,200,21,25,39,41074,0,27,5573475,189796,102,58940,3338497516860218809,713.95
4489,200,82,88,57,27112,0,27,5767285,44687,175,99690,7899140040791989975,772.36
4490,200,148,29,78,29439,0,13,5477597,79718,227,74734,4836516808355799245,718.78
4491,200,55,98,70,15852,9,13,1473452,249007,191,10746,1128716152608355185,761.59
4492,404,13,20,86,61418,0,4,7737596,89460,10,22237,6030274791351853814,222.84
4493,500,159,45,35,57626,0,27,5604320,108824,181,24081,5877888487306298108,104.54
4494,200,35,97,61,35004,0,14,7307788,155240,91,55124,8830752155417832995,359.09
4495,200,43,21,31,58439,0,21,2793604,41044,215,1529,8660364766390978895,915.82
4496,200,61,10,63,25339,0,4,8563,49664,133,20224,8413144311161563668,604.29
4497,304,141,87,84,59548,0,3,2733927,64227,171,81726,712707354748820221,614.4
4498,502,43,51,83,33447,0,4,7253153,221601,151,90086,4749852807657270395,695.84
4499,200,121,69,23,46792,0,25,704594,38239,232,8152,4524556961462222438,182.23
4500,200,11,79,49,60659,0,27,169844,86378,200,8006,778692262603019740,397.95
4501,502,64,38,68,24122,0,12,1169482,107273,188,49509,1861188745523200440,901.35
4502,200,83,22,20,28940,0,13,4259199,26165,25,75300,8274796224526140011,845.96
4503,200,86,67,43,22057,41,14,2467211,73530,210,80752,4016736273802075504,79.98
4504,200,48,28,65,22453,0,16,3298289,40586,80,71902,2126817793793092840,903.33
4505,200,166,14,92,51891,0,1,5438066,85082,50,91901,7483335197481224678,815.05
4506,200,97,38,87,17717,106,0,6209936,20005,120,52287,4479442363988298135,148.33
4507,200,93,86,39,51014,0,28,375127,197618,164,83742,6064509362278329190,458.6
4508,404,14,61,49,55773,0,22,7227579,79288,144,15434,5027130367921455316,378.49
4509,304,5,89,16,21305,0,10,3805143,38999,11,78006,6565890501702460013,480.71
4510,200,79,61,70,20678,0,26,2361067,224709,126,53659,402628733611721692,29.76
4511,304,155,85,86,36517,0,21,780657,87663,5,50484,5202624360455187995,416.42
4512,304,61,85,65,9303,0,15,6765882,46167,213,63312,837375711868538838,824.11
4513,200,34,14,85,9258,0,28,7407779,193686,23,31047,5690555809929423541,890.95
4514,304,134,13,18,13486,0,11,6941720,102558,74,90491,5673774291009365279,338.57
4515,301,148,14,76,9804,74,13,6867645,227845,217,81279,8393153739594561920,266.04
4516,500,135,67,25,2194,0,6,879037,204666,166,49350,8366468008540474544,359.48
4517,200,122,22,17,26738,111,23,5379387,211888,45,46127,3617847767747691933,54.6
4518,301,23,73,30,28234,0,5,5883910,165699,99,17370,213938015258995730,851.57
4519,502,92,9,42,33579,0,11,6113289,102137,4,75902,5363741492815739522,628.32
4520,301,142,71,75,58182,0,3,2029254,233042,100,64206,4431836439946778826,839.81
4521,200,75,30,86,45919,0,8,639332,204479,235,89096,3622285003184103674,730.25
4522,502,94,49,55,36635,0,11,5722960,89742,225,67663,8535411674705242483,208.92
4523,200,48,99,35,26868,0,2,6029980,205379,19,47380,8746688003194959125,394.81
4524,500,63,66,15,13632,0,25,175020,184861,99,32694,7660002239908463444,641.16
4525,200,139,27,46,26922,0,13,3150667,153311,191,1546,600584653602701078,197.53
4526,200,96,32,19,6998,0,16,160574,139717,114,35683,4027788028504963590,878.49
4527,200,73,98,31,12396,0,14,5619838,106879,50,16331,8460577731937574633,286.96
4528,200,58,16,46,30431,0,8,7744746,5682,89,99734,7115387658384731634,667.57
4529,200,15,33,54,23068,0,26,630891,147962,189,68725,5576533074810826365,135.2
4530,200,98,58,59,15936,82,27,5287794,41578,83,28137,462363502536325529,841.34
4531,502,78,30,55,46254,0,18,1146049,118287,35,42440,4301111890455118488,54.79
4532,200,105,72,74,9871,0,17,156591,46519,243,92813,8993219347115072362,307.02
4533,301,3,14,71,42006,0,9,2823384,246871,240,47985,5960163010759890044,548.51
4534,304,46,48,39,61093,0,6,7345652,8898,200,24353,3246267931752440095,837.58
4535,200,123,98,33,35278,62,3,6863138,19201,208,68983,132971802904443960,49.12
4536,304,103,13,90,22894,0,7,4811822,197469,151,56442,4332291722204642781,204.62
4537,502,147,97,59,12672,0,9,787248,46228,86,50487,5060808707996202374,488.51
4538,200,86,10,39,52251,0,1,5743356,166670,61,76148,3915189646535540737,242.88
4539,301,165,16,48,49699,0,28,6622897,164280,220,18350,1977293375458430306,162.58
4540,200,130,35,75,6061,116,7,5704583,54979,142,9519,7149089973533150185,701.95
4541,500,122,20,89,17383,0,25,6967549,142197,145,21999,1954810201258632282,563.24
4542,301,49,86,67,33228,0,13,7027445,41764,252,2455,6001661476575669949,910.9
4543,502,141,82,85,57537,116,18,5279348,244476,35,88075,5034176371288574578,975.54
4544,200,16,54,79,19418,0,22,2931870,167941,77,6270,5820241395601233457,835.48
4545,500,92,56,52,50722,0,19,6160714,61601,144,51149,5362316684474359275,57.65
4546,200,25,23,34,51851,0,20,489318,216114,35,90801,5594301553216087512,860.38
4547,200,46,64,86,43324,0,26,7629578,82603,173,17759,4593837166565582043,296.52
4548,502,156,12,64,54236,0,0,4937097,119286,169,94124,2506257910888214276,81.9
4549,200,207,10,71,13679,0,17,1754539,99992,252,27036,1130126454913275353,815.84
4550,301,97,85,33,34171,34,6,7992931,15784,46,62821,5367929199721668462,888.91
4551,200,92,19,89,4699,0,17,4235279,11537,146,58556,8438394157431631942,692.14
4552,200,84,72,30,2450,0,25,2866605,239294,53,79314,6708882084163161941,146.16
4553,200,7,80,61,63256,0,28,5256280,63014,78,42347,2686672039292657845,173.55
4554,304,102,65,51,36742,0,20,4025749,165887,80,357,1128953679086394106,26.95
4555,301,80,5,38,35663,114,14,4372393,249466,212,80289,4488386424676049916,335.18
4556,200,87,18,26,62656,0,16,7113582,127984,46,61085,4835777984799863760,529.73
4557,502,82,70,71,38818,0,23,6182547,128044,78,5666,47877668706525211,473.8
4558,200,115,9,47,16282,0,14,166362,109216,88,68409,5435112760612420420,367.09
4559,404,139,27,88,10612,23,8,1140587,198742,25,52091,6519381703472350662,78.02
4560,304,164,1,71,21331,0,15,6860590,33607,240,25354,8279584651646197857,476.14
4561,200,97,34,65,16198,0,1,7915096,144878,150,42524,8062429858570958636,289.13
4562,502,22,29,63,21983,0,9,5794827,223883,253,27778,5691550814180081565,305.8
4563,304,63,3,92,20521,71,2,3966240,10810,243,90430,6195147853259483830,895.75
4564,502,40,2,81,62610,0,0,5327287,67153,8,68175,1982244432509587583,0.76
4565,200,135,88,84,217,0,10,4073786,37108,178,15144,7319596059105429200,790.46
4566,200,116,4,29,32054,0,11,2550806,70643,52,17752,7313242220733313980,953.69
4567,200,19,100,55,3724,0,23,3580952,118870,13,7350,7124758264479738493,335.72
4568,200,92,41,31,49144,0,14,5125665,109413,167,24437,7887607121016728554,401.3
4569,200,100,72,74,38643,0,6,5317248,185410,199,36516,8871821271910423626,703.93
4570,200,60,56,23,8861,0,6,686096,192569,142,44302,4434020298970780870,359.11
4571,500,101,52,49,12595,0,10,2920688,224420,193,91311,6308496393187532513,183.97
4572,500,29,4,18,13521,0,8,1584913,202691,109,72353,60281161887539605,513.74
4573,200,119,88,71,52376,7,28,4479722,213268,70,47499,8944161913174051702,671.79
4574,404,48,6,50,1723,0,0,5629867,115217,132,69656,3703385837212490997,819.03
4575,404,165,44,27,43040,0,18,7352161,140750,7,32916,8166107964857504973,148.72
4576,500,13,10,47,60392,0,7,6779260,61450,195,95517,3379555340358160497,133.86
4577,404,79,21,33,22266,0,9,7298340,53822,177,37509,8292341509513168366,756.35
4578,200,65,56,60,29548,0,26,2757001,202852,187,10252,8562831244020679055,121.69
4579,301,132,72,56,9149,0,12,3398667,203590,59,99946,453761654559835088,802.89
4580,200,126,90,62,31495,0,28,4407033,225680,32,17538,3571666010643634040,182.33
4581,500,49,73,57,44694,0,0,2228660,224096,149,75284,2794969364150196535,572.16
4582,304,97,56,29,55867,0,22,4306372,242827,245,18565,4962976006132263046,661.45
4583,200,94,50,42,16629,0,21,4908544,182234,225,78917,5790829523512704512,596.85
4584,200,124,59,16,49961,0,9,77342,197033,19,66666,6094692930543705051,601.94
4585,500,197,53,74,36222,24,10,2372494,231986,209,45452,5475357068771168685,848.34
4586,200,49,40,27,19857,0,19,3938272,36020,168,18232,5474496878667944671,842.55
4587,200,118,26,61,60712,0,0,7905502,41374,218,36975,5072822192942858649,408.79
4588,200,20,97,41,16618,45,12,5105811,125543,176,22767,8871594759940797646,863.24
4589,404,129,80,42,5189,0,8,3318447,35683,107,24651,6434056136974790705,390.83
4590,404,124,53,69,37676,0,5,7383651,191508,110,56253,6877477470619195223,717.33
4591,200,112,81,65,62749,0,3,818678,20539,103,97605,4395144779743963427,36.67
4592,200,125,77,92,27390,0,11,7905508,103788,233,70615,5137773367761812174,42.87
4593,502,85,4,17,13657,0,17,664373,195868,147,21252,4425769167510619544,971.88
4594,301,129,62,40,8579,0,26,7609509,2599,212,35528,8024577611930908135,715.87
4595,200,160,15,37,60245,0,10,1237089,218959,84,22519,176924451808611,1.85
4596,500,167,75,18,20238,0,15,3220812,194526,223,43589,6621013398239848810,8.52
4597,200,84,7,62,1320,0,7,5405416,50114,13,31664,7477849006646950767,781.74
4598,304,95,79,24,63542,0,24,4123122,80363,171,23421,7834669048357919666,130.44
4599,200,66,77,37,39061,0,27,6951247,207482,191,57857,3693520966231427104,854.5
4600,200,168,27,36,43870,38,28,4572356,99031,90,46383,4593894515702483175,867.97
4601,200,24,70,75,47022,0,7,5186131,240451,255,52436,8297282585233557811,171.12
4602,502,7,5,21,8773,0,27,3631115,214475,107,99865,5489809930301668221,558.86
4603,500,60,83,69,35008,0,20,7269808,223170,153,66303,8948725941161560821,272.56
4604,301,131,2,36,1840,117,15,4707444,75763,126,40897,3696139276069046969,824.08
4605,304,123,91,92,41809,0,18,345749,144299,152,5365,8586509176939913549,828.52
4606,200,76,6,61,37649,0,7,3418437,235440,53,87939,355553698834139352,365.72
4607,200,93,55,86,7476,0,10,676177,1040,0,98871,3266977611275474692,635.77
4608,500,118,81,47,34847,0,0,450716,241007,188,52737,4917323243522017455,588.26
4609,200,144,60,67,60614,0,28,6417006,57043,149,26524,3120019063385832798,381.38
4610,200,87,59,60,18302,0,25,5774553,27015,76,82184,6832323228736887325,230.25
4611,200,51,97,87,30797,58,4,4281417,78111,212,83197,1533258257520854728,237.23
4612,200,13,53,61,59229,0,19,2808495,25567,71,61885,873811478169218221,145.56
4613,200,5,7,65,34470,0,5,6589373,3894,127,54318,1565737073557046701,900.23
4614,200,92,73,76,57589,0,25,2181740,127343,27,40801,3014129585840366753,716.75
4615,200,95,55,55,19290,41,16,7439186,135613,198,27632,6442414057212235530,769.08
4616,200,104,50,29,19503,0,11,496100,41205,253,27658,1074712066991945256,553.75
4617,200,118,48,15,45101,0,9,3897107,236784,108,87551,2165826133914557155,695.17
4618,502,67,0,71,23162,0,12,2383874,167280,37,92055,947676140355288271,832.55
4619,200,90,12,21,15686,0,21,7701967,229963,13,94471,2359729096864763044,256.0
4620,304,42,67,54,46988,84,0,194702,223938,145,58026,6575542002365212722,372.75
4621,404,127,27,65,33982,0,25,7791634,134834,123,89043,8991063725998749926,835.96
4622,200,81,82,53,29989,0,4,7606392,215449,39,87598,7320502371428117592,668.29
4623,304,70,97,18,42657,0,20,6857215,48322,227,78931,7459358693063537295,604.74
4624,200,58,29,52,48435,0,16,4597676,222168,193,53765,3780473558814760082,81.08
4625,502,35,60,24,5820,0,2,7472381,171307,4,7647,7894989501411283709,872.31
4626,500,151,87,47,2670,0,5,2569516,50437,183,9123,284610629054772965,734.25
4627,301,209,24,88,60608,0,7,6402981,247129,179,63112,7229649693997600246,785.06
4628,200,45,18,46,47013,0,22,2411221,112519,56,44883,6332475691066532332,434.7
4629,304,91,32,76,56665,0,25,5740505,8636,163,55382,516417498073763384,414.98
4630,200,58,41,28,10373,37,11,82388,107581,245,12216,8429762354783191312,476.32
4631,502,115,69,83,3061,0,6,2982023,219844,107,62993,3151572395516354280,17.52
4632,200,134,48,72,53027,0,17,4434490,152260,119,21761,761623194078240289,722.1
4633,304,121,25,45,59791,0,1,4853150,141610,123,84441,1089153197218855629,917.53
4634,200,38,72,19,18061,0,10,2915100,185853,184,57165,1577408957777420007,38.03
4635,200,157,42,32,21699,0,6,2405218,231017,212,20608,1058714726322378355,506.85
4636,200,42,93,81,2179,20,19,7680902,240554,106,65087,5514222000029867800,928.14
4637,304,18,57,47,15071,0,10,2632759,128361,135,98042,1607673282536138546,622.09
4638,200,12,70,62,29890,0,6,1624355,93393,104,28570,3205849227417506255,212.27
4639,304,134,40,66,52893,0,21,140278,39832,234,14371,1704402803777698326,459.14
4640,200,24,42,22,37474,83,20,635011,176095,149,59988,892030354990091029,241.88
4641,200,122,36,64,35285,0,26,6588747,248146,251,14504,169645970176661589,406.55
4642,304,75,39,63,3307,0,20,3440189,77621,219,43274,8766997114066371567,414.84
4643,404,165,76,57,3464,0,0,2083172,28716,30,59541,6572764808878763441,813.91
4644,500,131,87,19,328,46,5,6774870,126075,134,67828,2541102868430539246,918.03
4645,200,81,10,80,29779,0,13,7297072,17235,150,55069,8365995800278577268,705.01
4646,404,143,28,81,26684,78,16,2224386,62198,53,60713,27556085576911387,843.76
4647,200,149,58,68,40450,0,6,1431394,118301,88,77474,7629696185164287627,757.25
4648,301,113,52,21,33963,0,12,5430634,13247,89,28477,1614290820393721677,618.91
4649,200,37,94,48,35653,0,12,5634209,16440,53,43225,765989404252810894,931.86
4650,304,58,41,20,19703,0,3,4528583,211508,49,22967,4898045333630991181,386.33
4651,200,74,12,79,24129,0,5,3637438,71994,171,5127,8644665060980048032,790.66
4652,500,45,12,74,7510,39,0,561084,219830,174,82995,5423592749472411395,965.22
4653,304,41,42,20,63462,0,9,149898,195228,17,62059,3237520102620160874,746.26
4654,502,106,15,92,3002,0,0,3503012,198574,152,34738,444652576533716098,930.05
4655,500,12,69,88,5201,0,6,1359827,80211,211,24336,4231215440326449253,686.88
4656,200,199,9,25,61910,0,3,2742730,14211,188,53954,6765685962705233859,272.3
4657,301,98,27,43,54717,0,1,15304,225174,154,39873,5183357493204459380,193.82
4658,301,64,47,23,8629,0,20,1435302,84186,191,73868,6558737214453917870,268.54
4659,200,50,92,88,41281,0,8,1878832,47780,24,49910,3968290517125099105,209.65
4660,200,42,29,71,33009,105,19,3125219,117927,57,89958,1510365899485538726,590.33
4661,502,81,81,30,6629,0,5,5262313,133472,197,59923,2300147775732919385,603.36
4662,200,90,78,42,50402,0,4,3019403,178040,14,62865,1242461394287516184,376.41
4663,304,45,30,38,15658,0,28,508949,176464,132,93106,6268573953099883508,948.01
4664,200,29,76,19,23466,0,10,2791855,181355,73,28892,2860762668545307191,67.41
4665,502,84,98,71,18482,0,10,6128990,178976,184,91529,2657185171814603571,997.89
4666,200,59,55,46,27106,0,26,7196387,40554,10,70776,7963956621293627054,101.71
4667,200,21,62,26,53494,0,12,562030,221125,85,54620,1863204035855255688,692.93
4668,301,7,85,45,43030,0,4,3844688,115714,214,57738,5565456153478396159,499.47
4669,500,167,13,38,32874,0,21,484296,131214,124,53027,8574912821110563013,930.72
4670,502,88,9,46,32919,0,11,7084284,79014,21,87983,1557876447261352046,378.65
4671,200,212,15,88,30490,0,16,7055345,245857,236,87564,1330798206923576322,815.96
4672,200,31,67,62,41480,0,5,117247,225484,51,829,3710875553553659423,840.45
4673,200,31,63,60,1597,0,7,5478054,167836,240,92621,3735718513592061889,710.7
4674,304,44,22,85,13856,0,25,697304,1567,96,41411,561310086939212133,40.67
4675,200,73,85,80,23045,0,7,2936709,46544,243,58617,1748356392875529004,754.95
4676,304,238,67,27,59248,105,12,3028052,108115,252,79795,7912063331835879527,223.75
4677,200,89,83,41,53168,0,5,7268997,138933,123,9316,3206723374390378629,265.24
4678,200,6,26,53,10818,105,11,5151792,163805,82,75290,8436131546668880761,762.15
4679,200,154,47,88,32474,0,1,39318,95112,176,22802,2592393396538146248,928.96
4680,200,20,82,58,63795,0,14,2391245,47280,232,61801,7362973666187576739,563.92
4681,301,20,88,20,42828,0,2,6133228,23185,98,80656,7298016915863304795,212.27
4682,404,99,58,66,32197,0,23,2396795,45195,119,99619,5940574241712228652,68.9
4683,304,50,55,21,62989,0,16,1228356,145812,83,68765,8287483175420112399,97.26
4684,200,71,42,32,63087,0,20,5357900,124063,128,99844,1841583112809343548,218.74
4685,200,110,9,52,57349,0,21,304095,225936,165,33270,4620014507906392300,428.69
4686,500,95,46,90,40758,0,26,1306923,37611,216,34274,5340968284310101640,213.97
4687,500,54,19,25,15910,0,15,6533729,228811,113,11800,1717175761359982989,734.25
4688,500,181,76,53,38723,0,8,6147901,242537,144,48995,2375101346336770076,484.15
4689,500,51,55,55,56731,0,2,5086247,78053,211,97374,4880858427239295502,550.73
4690,200,91,95,57,23283,0,7,494546,99914,235,49347,271778710484769230,875.6
4691,200,164,36,73,41255,0,23,4257865,115510,131,44989,7253883056508076983,714.09
4692,301,106,61,89,9214,0,0,5123161,91256,33,12570,4663696442672808133,89.13
4693,304,38,71,67,1206,0,7,1522592,67834,2,9637,1922198682799587239,967.61
4694,404,139,72,30,20138,37,4,2433357,114013,210,93599,5490302875129547334,413.76
4695,502,57,0,16,55976,0,12,6441663,1214,167,77407,6200073039262465349,905.33
4696,502,77,65,60,22865,0,0,2466476,221289,136,45316,7825113449640750162,866.1
4697,502,166,82,66,3640,26,2,4949049,117193,172,97651,7565860318381082071,43.32
4698,200,17,83,61,4038,0,2,6957897,229316,188,76059,6662526628911362253,965.92
4699,304,117,50,65,16987,0,19,3387958,52391,7,58092,41625227323774844,700.77
4700,200,54,12,30,25395,0,23,2872220,222693,89,91602,1248058882288517041,938.73
4701,500,11,72,62,15513,0,0,1537301,7943,150,56010,3499104231460937968,690.68
4702,200,137,35,41,29886,0,24,7123927,214549,153,62610,7558084794665886998,638.09
4703,502,73,26,56,58624,75,6,714975,55531,121,45268,5303134665800934240,672.11
4704,200,19,40,69,33979,0,15,5276709,22156,7,86877,6001546174497123499,225.54
4705,200,115,30,54,14240,0,12,5603476,225363,44,4820,6991529548568719228,819.44
4706,200,168,80,41,46344,0,23,380412,108057,213,52449,6738620866005729131,568.82
4707,301,77,63,56,60841,0,22,1102984,237923,143,73734,6066846791745281626,100.5
4708,502,30,89,44,59362,0,25,3881146,185671,216,93595,2379026259751026635,677.57
4709,200,153,48,21,10398,0,5,6349105,87977,98,49765,5974793819745325056,490.43
4710,200,77,24,79,38509,0,26,2914373,203661,239,37430,2730237987528368051,213.45
4711,200,93,14,39,47667,0,20,7794047,168771,85,90091,1836900445273429993,558.42
4712,200,45,55,75,36380,115,25,3328193,228776,15,17763,8754456031874724402,724.94
4713,301,31,45,91,40140,0,23,4053782,188502,224,75885,6287919836629994061,383.07
4714,301,126,76,34,48037,0,17,4127855,42695,39,89342,812268544929181431,276.3
4715,304,82,68,80,50414,0,22,1081641,232530,96,33780,1579305488823200539,939.45
4716,200,86,16,70,27194,0,21,3170408,186220,123,39532,1961885124660351631,934.64
4717,500,77,3,90,55337,0,6,2298713,200097,70,8733,4837133831825454624,138.89
4718,200,44,17,81,61408,0,12,3441344,204806,230,58668,2204681603589710628,120.6
4719,200,52,38,65,47031,0,25,5932429,59167,79,67636,760272130745894410,74.61
4720,200,108,55,25,21888,0,19,6440124,215483,223,38892,6550777054656901324,901.4
4721,404,157,83,59,4797,0,28,2864651,23837,200,6812,8695708738752222436,675.86
4722,200,156,78,32,42966,0,14,5655586,21179,178,50259,744300132285021436,29.54
4723,200,95,12,53,12086,0,13,696538,95705,80,58784,547628570133228178,892.08
4724,200,22,74,23,8814,0,8,4006894,144770,155,40236,6069961063249960680,175.45
4725,200,134,77,85,58613,0,0,6775762,60569,61,40879,2581419849803259572,383.37
4726,200,117,83,56,15904,0,3,5613436,135815,77,7348,2862434262278423828,223.05
4727,200,122,52,44,51861,0,11,4063786,27483,197,8544,5691267644598279836,259.28
4728,301,47,46,83,5937,0,5,1458707,95386,54,5411,7650898489360800864,460.67
4729,200,116,51,51,4944,0,15,6715021,13076,20,4352,3602574020558634688,668.67
4730,200,93,58,86,57727,0,0,567019,48972,19,10763,5964898954124811859,619.29
4731,200,3,99,89,27494,0,1,7421099,230417,185,29253,7179224166818839278,500.08
4732,200,21,17,80,16584,0,25,7501385,133079,18,70700,4692770965280107549,507.74
4733,500,23,52,79,30536,0,22,6651493,57775,143,98017,104558862851292940,241.42
4734,200,8,61,35,40649,16,7,3842523,31870,12,28089,1602968999708226279,21.95
4735,200,107,100,65,44952,0,18,7065939,166440,187,93636,2057878031149275363,990.1
4736,304,106,86,20,22234,0,14,7407274,227935,47,99155,1316797869799243457,63.71
4737,200,114,29,68,10678,0,26,7466205,46842,80,18832,391289165230238730,491.11
4738,502,43,86,87,41018,0,16,1548857,241043,10,7406,125416511791336361,524.95
4739,304,5,32,39,60957,0,12,1975423,188417,47,65032,4943436684908649444,399.48
4740,404,69,23,55,33531,0,19,1814674,141709,42,64312,5061888198500380972,700.84
4741,301,81,63,72,29782,99,13,2566491,37185,42,56332,4648130162379214485,697.45
4742,200,78,88,70,38568,0,14,2517100,206179,144,15141,4384977902614461906,699.64
4743,200,78,48,63,3065,0,20,230128,3454,4,3392,2683821679418251642,108.25
4744,404,161,76,17,51416,0,10,3587368,34473,246,77013,8129745290421225878,831.91
4745,200,59,49,43,10088,0,11,5904868,23124,145,22729,5006625518262501102,90.05
4746,200,94,65,21,60341,0,23,1788278,247756,208,14783,990253622510947867,817.18
4747,404,13,39,44,47822,0,14,1545999,166826,92,14970,8999672038174126344,597.05
4748,200,36,100,22,51567,0,14,6254455,38151,143,25910,5796765344623528965,680.91
4749,200,65,25,86,28605,0,13,6286866,123423,12,98281,4628942635084823249,742.02
4750,502,15,92,15,3179,0,19,2487628,243318,145,75519,6986167935994755279,702.87
4751,200,36,89,67,14332,0,19,5694220,140589,146,91978,711073132320352966,310.0
4752,404,98,4,72,18206,0,5,6838715,155919,110,43914,3618625764843154907,504.18
4753,200,119,11,51,37304,0,11,5588853,121424,35,19708,1411598845615571494,988.24
4754,200,8,62,71,52783,0,4,421737,136920,154,37622,2438899265888319206,897.53
4755,200,48,24,21,42959,0,7,7699057,79195,143,89930,323830574672543297,338.9
4756,200,92,66,57,31681,0,7,936985,119339,27,8593,5219361880287714259,202.81
4757,200,104,99,85,59446,85,20,2619847,244563,84,43518,2962879670263682427,547.51
4758,404,155,8,92,33872,0,21,3807899,184083,161,23723,7816091242807620708,567.46
4759,500,49,3,28,62964,0,13,3790851,205771,171,57615,2683932350361705818,332.45
4760,200,146,92,60,16588,48,12,3230295,41252,128,61649,771388874781964657,91.13
4761,304,95,39,90,6565,0,16,2970569,101849,18,68373,2498635648163198185,473.16
4762,200,4,48,28,5594,0,11,5171446,50443,251,32523,2798198114593979813,248.68
4763,200,138,97,35,48866,0,18,6039018,226133,218,54310,5760522775501544588,305.83
4764,200,118,11,49,9863,0,22,3540337,182522,50,57053,7055296369042746145,56.63
4765,301,7,66,80,21771,0,5,4152104,111600,172,39920,8976246988907918795,802.99
4766,404,100,12,90,44392,0,8,57261,52396,131,29328,1355660399076408534,993.87
4767,200,69,7,18,38396,0,10,2404632,110067,139,10143,285104030350666618,333.69
4768,200,68,32,16,53283,67,8,3577999,229895,47,16043,7819864724963408051,50.46
4769,301,45,5,26,35524,0,21,6421422,43252,55,74462,3070438445063338973,350.31
4770,200,76,31,87,7711,17,11,4623634,87117,45,24199,1627123953383075209,841.88
4771,304,60,50,69,63028,0,3,4755195,213280,203,39968,8216772225568879640,713.69
4772,200,89,19,77,42813,8,6,7705638,121802,133,70791,4413618788695279571,363.48
4773,200,152,83,31,39575,0,8,4529495,76205,17,54302,2460013649723267352,101.86
4774,200,30,13,81,34141,0,27,3166874,28243,230,42934,5982440018802173973,846.59
4775,502,49,71,80,43427,59,12,395254,113738,206,83252,8821366556872076387,102.32
4776,502,97,39,58,3122,0,4,5350922,92619,94,59183,2440150724929304669,298.88
4777,301,33,96,61,63381,0,11,5608998,175160,184,22168,6419109267668977083,734.46
4778,304,96,24,72,55407,0,23,1457738,51247,191,91303,3816672004835407785,979.57
4779,500,125,56,72,62318,36,9,7790809,45098,230,20260,5958334019646499760,54.85
4780,200,125,49,46,40966,0,2,5233895,171610,141,39593,6754045870388115752,447.94
4781,200,189,3,92,38087,0,24,6545369,201549,216,43215,5537678445246006719,697.72
4782,502,105,0,32,27753,0,21,6561413,21074,97,83702,5648499580719482786,283.56
4783,304,63,20,49,7029,0,5,5803499,214469,23,42670,6254647492580858492,629.48
4784,200,81,28,22,12292,0,17,1297276,231825,41,61868,3591240335220307187,789.72
4785,404,105,75,53,51488,0,23,2606155,165858,136,39323,2824340882300571176,513.47
4786,404,26,31,85,4415,0,16,6385909,183782,140,11903,1154979551699210943,223.67
4787,502,119,36,29,55919,0,25,476363,12210,162,69515,1951232365094270303,921.5
4788,304,20,54,56,6808,0,14,5816891,40201,2,89473,4908489107015130012,328.46
4789,404,102,59,46,22560,0,4,2435599,108602,134,89199,5605121556497873035,249.94
4790,404,81,60,30,51908,0,27,5114614,6467,201,11043,6294601994322432113,267.29
4791,404,34,81,77,32481,0,11,6861453,1553,114,8211,2801089000235227770,144.12
4792,500,61,82,69,20674,0,22,4252592,71871,31,23501,8252177465953854828,125.33
4793,200,4,84,49,48768,0,18,1098906,216041,147,9169,2777197209478393551,253.05
4794,200,122,77,75,30653,59,1,2214788,162531,112,61778,2914056487705116070,653.93
4795,200,70,58,24,56451,0,19,1670037,121956,69,7711,7512330659872612548,90.49
4796,500,72,59,15,49101,0,17,3609342,210388,84,69412,1896706512480592400,361.02
4797,200,260,75,88,60386,0,8,2731922,211190,103,39787,7665329781949086333,625.91
4798,200,182,59,53,17076,0,28,1998410,67079,234,93719,4029655262452150373,32.47
4799,301,143,57,37,42631,0,3,4515794,179491,193,39182,5682559010727189597,32.37
4800,200,130,6,30,31800,0,5,1336673,239766,5,5324,1499947954716946540,458.22
4801,301,66,79,41,8026,0,7,5395633,237455,217,34590,8841752723600950425,457.62
4802,200,49,11,35,44353,0,11,4762023,65755,250,20321,3204457212791045593,148.07
4803,200,87,33,84,23715,0,24,4124038,6316,116,41511,7049306756659933071,506.78
4804,304,76,24,24,57661,0,15,4799037,141794,60,17869,2741313380777021268,936.46
4805,200,216,62,37,18114,68,6,175213,186399,192,68122,2563912355431156808,699.78
4806,301,8,64,49,20231,0,3,7399946,40001,187,28723,8842060468898480962,417.65
4807,404,10,75,18,14719,0,9,213339,137934,116,80868,8772229558374868283,395.3
4808,200,132,3,73,5244,0,19,1858713,101867,134,73681,1194062915211654046,76.75
4809,404,62,21,49,11826,0,12,2999290,153245,89,13935,319812833988545548,175.94
4810,200,131,52,73,26530,26,27,2498446,39700,120,89857,5749971050176876347,931.43
4811,404,3,78,89,27744,0,4,1461380,63961,56,40435,8962318446843861933,236.25
4812,500,57,82,23,45905,0,14,2852171,177216,201,64875,2500866710110596145,416.72
4813,502,93,45,17,13309,0,4,2250639,247744,23,40081,8160058770340487751,641.21
4814,404,1,47,28,60298,0,12,6186173,32825,182,19352,1084532386952651951,463.71
4815,200,96,7,37,33312,0,2,949821,82875,136,97258,6675365967542920168,601.67
4816,200,155,93,78,23749,0,20,2703798,53568,59,27105,3860574578410014111,536.76
4817,200,53,66,91,45670,0,22,5082310,60684,70,71746,980696719076061634,408.78
4818,200,55,26,55,60690,20,6,3004114,231383,186,51575,5121488998487673769,444.89
4819,200,66,23,80,60678,0,11,3252072,11039,215,59605,4239235908602650619,236.79
4820,200,0,29,63,17645,74,28,4749867,170078,199,53481,1039048254698584267,152.6
4821,404,195,96,16,14961,0,14,3494392,153287,229,50363,3561007263757782404,858.85
4822,404,50,50,84,14442,0,19,3785397,101539,123,88977,3413785162529159234,79.79
4823,500,103,42,84,25552,0,27,3053520,190640,198,65806,3346027744522939921,140.91
4824,200,83,43,36,19665,0,10,5366279,727,13,21778,667389926057278769,680.73
4825,200,62,24,74,1505,0,28,2489825,169858,203,38121,3678042275264125411,322.55
4826,304,82,69,86,41736,0,1,4880839,206551,178,14740,5659178056170885004,469.77
4827,200,129,4,72,20431,0,8,6527841,116568,6,12209,5241185912990746296,30.59
4828,304,132,86,30,35298,52,15,7417525,96589,81,7638,8056117826369218945,825.5
4829,301,120,66,78,55569,0,19,3977674,181310,26,74548,1135822300551392289,436.96
4830,200,169,19,77,18893,99,0,4024646,161220,157,78624,6382903531932931753,669.49
4831,502,24,78,42,56572,0,22,1462213,134663,129,62965,5499565082291428394,101.77
4832,502,43,62,60,16796,0,17,3603891,7481,219,57832,7370560950877209139,533.96
4833,200,63,45,55,24228,0,3,4420552,200079,120,22394,1067608835014677955,912.17
4834,200,35,26,77,53356,0,9,5854774,74394,211,99060,8507913658916368947,34.8
4835,502,148,75,32,47932,24,18,4380660,2726,24,57034,5325614199494524639,658.29
4836,200,115,87,92,33707,0,17,740395,71809,65,82375,1678804486623489017,864.16
4837,301,135,76,38,29134,64,28,7402672,231823,189,77886,2176433321576042138,717.27
4838,200,112,42,84,14224,0,21,7275421,6769,78,78316,2178847253949217127,12.49
4839,200,99,73,27,14287,0,18,997702,111601,249,71912,3236243112126644803,191.03
4840,200,97,34,32,15162,0,20,22964,227503,179,28492,3420953834605379940,313.29
4841,404,89,74,58,52318,0,8,4223312,146851,17,21921,8561638016474038185,724.53
4842,404,10,24,37,36613,0,26,5996260,192916,22,747,4909643269170784046,784.47
4843,404,122,33,49,63861,0,15,2603837,5018,172,75598,3223695220736246097,43.58
4844,500,146,34,80,28845,10,11,23850,14585,131,77924,1833605828524904090,858.0
4845,200,16,8,77,2266,0,2,2468313,104596,56,72821,2055967218411585777,147.48
4846,200,99,87,63,16038,0,24,163265,56072,203,13742,8796630910502986345,900.25
4847,301,63,89,26,50989,0,3,5206644,22713,82,60123,150696982105900995,579.35
4848,404,190,2,27,45740,0,17,2639878,18588,254,36806,8335934783493002948,635.52
4849,301,12,19,87,11162,0,20,1913447,121326,202,4607,7602702711858518058,820.0
4850,200,137,58,41,58347,0,28,2041241,146854,207,99026,109032596136441662,422.46
4851,502,10,9,15,49130,97,6,1282496,223201,71,91601,484704864372753228,37.78
4852,200,0,3,28,3624,116,26,4944482,186337,65,92533,7793383572549079675,571.7
4853,200,56,45,64,19415,0,14,4232062,105341,20,27824,1420572451984202504,129.42
4854,200,48,5,38,32097,76,21,6276248,128049,216,16285,5887504101925540910,274.48
4855,200,85,38,24,55502,0,7,3130303,123034,22,97029,7681014097697773950,823.59
4856,200,73,62,88,1025,0,14,1329456,174558,44,69558,2226426935124721140,393.59
4857,200,0,70,62,56063,0,5,2710808,21125,171,73672,7548320385701058336,893.19
4858,200,59,17,61,51076,64,8,6858109,181722,112,64241,1871304266100333364,790.38
4859,200,73,20,33,40446,0,19,1882947,59002,185,72942,2137922254180823946,522.74
4860,404,57,98,64,17379,0,4,6331347,202565,28,20845,7698929510352640802,800.76
4861,200,151,20,61,27350,0,22,4682722,226878,80,55162,6114629798579985558,780.49
4862,200,134,18,89,32091,0,27,3705538,17202,49,2124,470781084384402754,803.07
4863,500,89,50,70,39083,26,22,1692117,148767,177,10484,7756861761515306628,497.72
4864,404,1,78,92,32264,96,25,4652290,206208,217,2677,4442994867287431205,10.14
4865,304,67,51,86,43780,0,18,5196449,1211,250,68313,1149426504095695923,466.84
4866,200,74,15,44,39899,0,18,5901356,155071,196,59047,5690017170953294631,561.93
4867,200,41,42,36,49353,48,11,7569823,171482,177,59139,1579268765913307166,457.84
4868,200,9,21,55,50481,0,26,1535922,91196,153,46689,1675827227631611659,778.82
4869,404,78,38,19,39234,120,10,1081732,121414,136,62548,1242021604094523267,24.97
4870,404,9,58,15,32935,0,12,3665278,100298,20,14326,2882777117346133469,401.37
4871,301,231,64,60,52480,0,8,4309543,234092,63,78965,1553052881203971176,973.2
4872,200,71,83,89,36431,0,12,5713557,185923,147,96000,3150392715856592416,908.47
4873,404,61,100,55,10177,0,3,786645,74548,70,59452,5001463737297385704,40.37
4874,200,70,35,78,1374,0,16,3331179,196906,233,61579,920984841158921520,427.11
4875,304,75,29,66,59518,105,17,7328780,110692,238,19166,2099330911086308386,980.44
4876,200,18,74,26,34824,0,17,6213758,213595,36,65870,7597076351901779392,799.01
4877,502,8,68,25,18978,0,21,2026982,19005,216,10275,4330382455512475201,24.66
4878,200,119,96,32,52353,82,7,5671596,225697,140,65607,6043520191189583465,140.74
4879,200,30,77,48,35304,0,10,7872672,73819,41,91902,7289465832326414570,649.32
4880,200,49,42,51,10117,0,11,4463479,53585,150,62028,3780083425636231149,500.24
4881,200,41,93,67,1829,0,14,3868048,87175,59,70838,437074135183476520,694.49
4882,200,26,74,71,25523,0,3,442795,98157,55,49173,6068636053168415904,94.37
4883,200,2,83,67,58738,112,25,4358433,28412,89,16222,8295895884816259675,155.71
4884,301,62,12,25,22252,0,23,1060791,112202,156,88363,2032428773159439892,51.91
4885,301,90,29,45,55328,0,2,1155041,137892,143,69441,6602663853761595833,304.47
4886,200,72,58,61,62477,36,11,2024977,132194,64,34557,7273627869556746715,144.09
4887,200,20,88,85,1884,0,8,2322659,99099,200,89769,523869282568411809,846.02
4888,404,53,57,37,55381,0,17,742386,126557,101,28978,5756435512965728031,988.52
4889,200,103,7,90,14651,0,14,4786639,105363,189,75012,6724278465766366471,459.93
4890,304,9,85,19,30428,0,25,5255694,221060,55,91265,81224656969151401,305.41
4891,200,84,86,56,62468,0,26,5016970,27594,231,20902,4644283659148081200,932.51
4892,200,95,73,60,45115,0,24,1208401,186628,243,20162,5126720929861073315,236.69
4893,200,105,90,77,20567,0,18,593917,98287,176,6676,4303298889950950917,350.03
4894,200,102,100,81,32035,0,1,6393101,211462,130,42623,3841100861944639650,146.91
4895,502,74,59,30,56026,0,7,851677,182927,114,50817,2460176423243474402,627.37
4896,200,70,36,84,25060,0,13,5784478,130157,184,35416,3043627270824325426,682.9
4897,200,74,57,70,46528,0,15,4507547,147896,175,19833,6568799913086802503,934.44
4898,304,99,56,68,55379,0,0,1334875,182905,55,14268,3522990049510469620,592.89
4899,502,57,18,88,32371,0,9,1064904,125879,240,46844,5531267813871022073,867.16
4900,500,41,17,75,63513,84,0,5448889,104259,53,57443,4598459682770177303,692.28
4901,404,5,22,38,8497,0,6,4714749,50595,79,94269,7545731652345282985,497.28
4902,200,158,44,16,59210,54,16,6535101,232855,210,90680,8784585208123422388,642.32
4903,200,94,23,36,56585,0,28,1615505,156383,118,27051,8144816949663730815,546.62
4904,200,166,37,41,30550,0,21,1425824,193973,68,46318,5466325099668771417,196.73
4905,404,5,41,52,8190,0,21,4807348,13085,236,33420,1659043777762688488,269.31
4906,301,33,23,42,47959,0,28,4284872,80298,159,55421,8350943035903217531,809.73
4907,500,3,43,31,41958,0,26,5871580,212501,143,83418,3789982266826817143,337.01
4908,502,73,81,42,14466,0,18,6643566,71169,156,56389,7336691736227669599,934.75
4909,200,65,27,18,37431,0,8,5693790,218241,236,19565,141232715231519939,764.67
4910,500,15,99,44,15677,0,8,4774990,45880,89,47403,9148522501141665,111.09
4911,200,92,77,33,13734,0,5,3829221,98891,145,29176,1693389195690691429,866.46
4912,502,27,95,53,30814,0,8,2481522,102069,149,97591,426535556521240091,833.2
4913,500,83,100,61,12399,0,24,1162692,41508,84,95999,2804855044511740587,223.34
4914,200,107,43,33,26975,0,27,816666,22715,240,35130,5475175459653278006,72.93
4915,502,119,67,40,40152,0,20,259681,81496,47,50850,162092355290205744,769.37
4916,200,63,98,91,53822,0,2,4560502,100181,39,94116,8897164223220149012,422.32
4917,200,149,6,86,58445,0,23,1554644,38504,24,66196,8191115836258495174,15.34
4918,200,18,37,76,60307,49,10,364027,137702,220,6877,4510888864607602864,680.42
4919,304,111,50,23,11270,0,4,6964829,89440,25,50293,7716612890776869882,688.3
4920,200,149,2,60,29654,69,18,5235708,166961,48,87017,167506575600150258,586.54
4921,500,149,22,19,51061,0,18,7413418,160755,121,20453,6001875610715221146,743.54
4922,200,159,85,36,8563,0,19,4352336,44361,53,92671,3594170963056432565,301.8
4923,200,78,40,45,45912,0,11,3038003,42850,217,41312,7943996321804426437,311.56
4924,200,72,74,48,26683,0,18,5639346,228126,197,92074,2190981546861651190,914.79
4925,304,119,6,36,31822,97,5,1214807,204795,20,35807,6583311021113131813,822.14
4926,301,103,63,71,16992,0,11,1495112,134405,59,56358,2403197603436992156,301.29
4927,200,32,54,72,47531,0,18,3433371,204637,107,53224,6737220450873946578,57.76
4928,200,5,67,84,19707,7,4,7727773,53489,181,40810,6891042940913971508,322.4
4929,200,43,48,51,30432,0,5,1789187,233531,248,33191,3091292396349452101,461.02
4930,404,32,65,76,42446,0,25,6820952,517,191,81415,8437237232078086776,820.54
4931,200,135,26,54,26592,0,22,1880770,236468,167,60198,3211668225931572987,417.04
4932,200,127,25,33,50997,0,27,5371650,207513,88,35624,8361541251937082611,664.53
4933,502,119,41,76,936,0,22,1594806,57315,136,72709,3529233046346428845,316.65
4934,200,41,41,32,36329,0,6,7236396,154524,234,28730,4179744445911338294,707.11
4935,404,3,80,32,38305,45,24,1218739,43614,47,65568,4353152773435558933,290.76
4936,200,146,13,27,22870,0,26,6034929,44428,26,33833,6853369087132095851,413.31
4937,200,120,3,25,35128,0,23,1211231,127940,141,90476,518657216794420041,659.02
4938,200,163,23,73,36776,0,3,3757568,170675,177,37160,1743597245664787298,993.13
4939,200,152,56,72,53067,0,23,6833285,132471,68,91667,5764620204360756795,844.94
4940,502,119,85,71,33318,0,4,5270823,53327,14,9614,8093608888955809661,236.06
4941,200,186,81,28,44569,0,17,3505504,199709,181,9873,1441492605056253570,905.04
4942,404,14,96,61,36577,0,11,1080086,156723,92,44205,5687520926136248434,667.75
4943,200,125,65,23,34343,0,16,7220491,180345,165,42497,455479363876818752,248.58
4944,200,39,79,69,56837,0,13,7547489,71061,51,12886,2441838296873834108,211.63
4945,200,39,30,81,22724,0,10,4850271,194254,120,68466,7893362489575155302,936.32
4946,304,144,1,80,48460,0,5,3851008,195201,142,88970,6233984977261892472,918.0
4947,304,56,78,33,21022,116,22,3383940,214966,181,6859,4450123034018571415,396.69
4948,200,244,30,23,55982,0,6,2921578,88646,133,68534,5733207825598351989,399.58
4949,200,63,96,67,34518,0,24,3767949,130290,230,36665,7644332941354317489,916.56
4950,200,165,90,59,7236,0,25,2023121,19859,184,81239,7175570578904945084,729.91
4951,200,84,5,88,22265,0,9,2196433,73342,60,79306,2387539223051688479,31.22
4952,200,3,2,52,39129,0,4,4495730,73703,25,2964,2240622381960080839,919.61
4953,200,25,14,34,11277,0,17,7369665,219391,51,19943,2041284407536630958,218.54
4954,200,93,33,42,44021,0,24,4757962,105777,101,22438,4858127049730914622,57.21
4955,200,18,61,79,43087,0,5,1460696,46608,206,22028,7457809078096847009,14.33
4956,404,69,38,35,42139,0,20,3083120,26720,81,92741,5370220782965852107,590.68
4957,301,61,9,62,5101,0,24,6849808,223670,27,83686,4706299993832555735,534.3
4958,200,36,18,64,5436,0,11,2554057,30331,180,68187,7684584952805265373,30.13
4959,200,61,89,55,33900,0,12,7331759,244640,60,27525,3767442855303153458,101.62
4960,404,76,36,42,50478,0,2,1874949,5215,21,99565,970473270222975800,89.65
4961,404,192,69,18,8518,0,24,5096698,124393,85,7834,2800935247531354798,901.8
4962,301,146,72,79,49328,0,5,778553,12819,56,60677,3634573293416816593,332.37
4963,304,121,79,91,29559,0,2,7034331,74145,73,1228,8907421803742795442,616.27
4964,200,253,87,18,3846,104,23,4874025,75257,27,9598,224230904688021180,579.36
4965,500,40,32,88,26203,0,3,54246,224855,214,2841,3368005546140290825,103.0
4966,404,60,46,30,20572,0,4,214933,190869,130,2394,1159695516482651097,905.06
4967,502,27,21,87,3513,0,8,4073120,15988,54,68622,8414946566953288890,157.58
4968,301,64,33,85,18679,0,9,7688888,229283,247,65573,7595418274236610294,516.05
4969,301,84,4,50,52137,0,15,4327666,210496,27,7774,2467953235178315447,199.59
4970,304,76,90,67,24329,0,24,1978112,6190,251,5979,4257916538755052800,965.82
4971,500,66,21,75,11724,0,18,746801,14914,137,34845,1064364763674275072,331.43
4972,404,49,3,74,54753,0,26,2875200,189593,124,36638,6920827240170931269,53.4
4973,200,14,18,53,8297,84,1,605782,158105,186,25645,2123604894868307214,868.22
4974,500,22,14,52,38519,0,21,906662,117162,216,86474,254593202509888214,975.77
4975,404,77,79,15,58773,0,1,369337,143919,37,34467,2451647827575297216,535.41
4976,502,125,90,68,19582,0,1,2464399,95380,46,56079,2980301757276213247,396.03
4977,404,82,89,75,14898,0,7,6182023,75018,2,96310,7478940772593286082,794.93
4978,301,59,31,73,47422,112,15,592926,150101,50,53892,4295767021083071482,798.11
4979,404,55,65,43,24443,105,20,237525,99113,113,68963,633999380978198305,523.7
4980,200,133,51,41,20880,0,1,1338884,200332,13,5265,3402855350737663208,371.67
4981,200,85,11,41,15952,0,6,5784098,93463,104,90775,8516092481529491464,472.93
4982,304,61,2,34,59070,0,16,4196083,134070,86,69078,880433444665533201,394.14
4983,200,40,65,22,5743,0,5,2463585,141793,141,50548,2861108889276183130,701.66
4984,304,131,8,28,35994,0,15,6377609,22931,238,75462,668310286944353345,817.57
4985,502,17,95,52,63285,0,28,7654520,2158,28,68384,147631426007467425,104.81
4986,502,5,35,38,40461,0,7,5348078,161865,80,21620,171539332981517525,897.72
4987,304,75,27,40,49271,0,16,7388912,134398,63,35661,8765013960950730891,470.0
4988,404,177,14,30,13872,0,24,6646442,82341,42,66760,7495522177742132950,261.76
4989,500,85,85,32,26483,0,15,6221475,3727,38,82082,1326062990687246563,490.83
4990,502,27,6,46,1835,0,19,7503038,235338,58,78479,3129400322253874028,728.23
4991,200,123,64,64,55073,0,17,4591842,162365,62,48928,6560466314583176036,233.81
4992,200,100,24,45,32158,0,1,7345449,22054,43,64881,6408927517698340624,546.74
4993,200,65,82,36,45169,35,12,4313975,590,0,73792,4741064407928434259,723.95
4994,301,72,12,85,24454,0,3,3220410,153408,52,7482,6643415279661061113,794.87
4995,200,102,14,60,51552,0,25,6416506,244830,186,15446,4538675621097202142,596.04
4996,404,64,4,46,62942,0,21,3591717,160239,108,58087,179190610297606707,265.27
4997,200,34,26,39,10453,7,27,5170290,244966,187,85772,8358913412126070664,159.76
4998,200,92,97,45,59209,0,11,7979127,112329,49,29583,3480541634036386633,962.89
4999,304,146,22,17,2846,0,24,5942025,109171,156,94470,6651979586001469585,997.81
5000,301,6,14,17,17395,63,15,6445356,160635,141,8180,6218169500843843932,825.22
5001,500,94,63,15,21480,0,19,5372931,151780,42,71365,559256198458219438,250.41
5002,200,185,31,73,42670,0,24,3371912,167575,145,29172,5564257924929347041,914.56
5003,304,13,26,42,35876,0,13,7235722,139540,217,7343,8081889994539185285,977.9
5004,200,80,22,21,10716,0,18,6377280,90390,249,99901,4600616471480876529,844.59
5005,200,190,22,75,11947,0,0,4834341,165014,93,37311,5564005742818479591,318.75
5006,200,206,9,65,39510,0,18,3871928,138060,21,77571,7832087919192865156,352.03
5007,200,146,66,32,48422,20,18,6483335,57709,116,96137,1191586703093800348,51.77
5008,200,55,69,61,62695,0,27,3270165,92775,185,61162,5702984862374683327,975.56
5009,301,132,15,40,55529,0,28,2741637,45324,67,25753,3208206039328615146,505.14
5010,301,73,41,28,39896,0,9,7938997,109662,129,62662,8026029942486159489,316.23
5011,200,108,49,81,27291,20,10,6900988,82684,79,28864,5199786289418114789,519.06
5012,200,135,100,25,31611,0,2,3845749,157099,136,31719,4598393627262593485,815.61
5013,200,91,57,72,63223,0,25,7024271,131635,234,24070,7261348175822841603,818.09
5014,502,95,11,59,10636,0,3,2701373,205979,65,9496,5280306359965436367,987.74
5015,301,72,24,56,34999,0,28,7897737,34559,1,47001,1820869576331783610,898.12
5016,304,12,0,80,24340,0,3,4031216,205140,65,97870,8469001495011383688,726.44
5017,500,15,70,15,30548,0,18,4852222,75828,162,44052,3003542517214645824,689.38
5018,200,86,10,76,63375,0,2,1121978,201610,201,76987,564869972655311984,243.73
5019,301,80,10,15,4874,0,9,6358096,115392,173,56597,6328452856659651163,510.52
5020,304,63,35,51,53740,0,24,631749,142407,96,49940,965426584871481830,502.23
5021,200,99,54,21,21816,0,17,4718058,138855,198,14301,764745713236283111,379.73
5022,200,49,11,56,25682,0,7,3559270,114637,26,75821,3097889395766360618,996.11
5023,502,76,35,35,40763,0,12,3225660,179161,7,26902,746190980450714969,978.18
5024,200,159,34,64,23169,0,18,2254971,207375,54,71015,8813399833570551877,749.43
5025,301,87,8,55,56341,0,14,7518491,67853,198,26034,3772693798861056563,32.57
5026,404,157,16,91,27843,0,11,3923699,5146,93,86041,2196190696530782085,749.16
5027,502,123,58,76,18260,0,9,7090863,234411,102,29303,5397044537495909465,506.87
5028,404,145,49,35,12210,0,23,2768215,163835,215,19300,48223221250019884,121.06
5029,200,71,10,68,50327,0,21,178091,236289,203,48344,8258817919563001290,458.62
5030,200,156,10,54,3635,45,20,4596317,164015,250,56927,8762896941651612864,681.33
5031,200,80,56,16,53612,0,11,3895462,165510,221,94641,3466532043546981697,672.53
5032,404,102,37,40,45749,0,8,5773139,180253,251,98932,1636086062330192777,951.63
5033,200,178,15,80,31213,0,2,3637059,98346,41,66547,4904565099420654207,288.13
5034,200,112,22,82,35212,0,0,3446602,146127,34,82829,3247019455235079041,997.82
5035,304,96,45,91,61216,0,21,4610308,65749,142,91414,3402434773130313988,488.62
5036,200,36,0,73,15791,30,15,2847819,68779,26,14369,2618251865277099344,311.34
5037,200,26,76,23,52517,0,4,7224248,99184,79,52550,4988218853895801573,219.63
5038,200,109,34,54,24678,0,12,2448226,180742,254,95680,7854463677275478393,886.57
5039,200,156,2,79,48407,0,0,201022,86498,246,3784,5132853465527043438,440.48
5040,404,87,50,51,21399,0,8,6839396,193452,162,94118,172434774698811983,833.65
5041,200,113,70,41,21227,0,8,4639775,201408,39,66321,8968419395769412725,344.39
5042,200,32,53,65,32164,0,6,7630339,118942,98,90099,7061305133928519339,154.74
5043,304,130,61,59,31217,0,19,2488588,241379,231,8216,3187185305745978318,385.06
5044,500,90,28,20,52845,0,20,278439,45438,208,97541,2789093307944858227,700.3
5045,502,145,18,33,57607,0,7,7908986,90892,197,65064,2933738753944133105,199.33
5046,200,79,30,43,21407,0,18,1455086,49385,170,83037,5505730027730171710,37.29
5047,200,91,1,55,55004,0,15,6318640,95942,220,78266,1055476189147516617,263.7
5048,200,9,98,35,51988,0,17,7598189,189321,59,30416,6865236642151568349,538.86
5049,200,15,11,64,33251,0,21,1593525,187505,106,65086,1428657810901430729,584.94
5050,502,127,18,43,27376,0,28,3241223,188854,25,43967,3703097870690943939,734.77
5051,200,91,20,43,58327,0,9,5164040,249291,232,21063,1781708600431155907,841.29
5052,304,25,45,24,60606,0,3,7443517,115841,6,86820,7928168688476273858,148.68
5053,301,97,49,86,23552,0,14,3264988,186492,33,71456,4572077151730334840,25.48
5054,502,123,38,74,50347,44,16,7675963,243026,223,19061,5569167839168242969,34.97
5055,200,111,0,65,8297,0,23,2364536,168210,177,6996,4269502811428569267,615.52
5056,200,0,41,20,14712,0,7,4465296,214640,219,86187,7425341730755547345,183.55
5057,200,72,82,71,61566,7,5,6995748,27492,29,21221,7847224477921570695,826.59
5058,301,125,79,70,45665,0,7,5773332,36827,38,58988,1052344712218747942,866.03
5059,404,68,1,42,4014,0,27,5183932,121710,88,85749,5736446550913374287,397.1
5060,500,168,6,33,16355,0,23,5195648,135256,86,74665,6849635885499019116,906.5
5061,200,77,87,39,36490,0,6,4955054,63102,131,40208,5470867820469210644,705.08
5062,304,130,30,67,61451,0,25,6488855,230224,69,1327,921135999141450467,523.25
5063,304,128,71,45,56132,0,19,3523019,145515,184,23139,2649815279805035486,64.92
5064,200,87,86,54,48865,0,10,6362912,36378,137,26361,8742320573151696470,316.49
5065,200,5,3,16,23230,0,3,7118312,118008,174,89381,1299758806316434858,943.26
5066,500,22,79,67,23853,0,19,3884575,225860,174,6338,1489588687920055931,373.62
5067,200,109,4,20,60965,0,27,2338788,196048,231,94321,6235957817563531967,784.84
5068,500,74,4,30,28189,0,5,4718744,110583,180,29394,2792948855643020615,88.81
5069,500,62,53,77,25375,0,8,6830423,5440,148,14380,2285158976680695455,404.65
5070,304,64,42,66,48404,0,26,3110389,41366,91,92140,8518226505945195322,963.58
5071,301,15,2,54,51374,0,28,3639955,88037,143,50282,8590778347212954243,376.65
5072,200,126,36,26,26368,0,16,4805622,236866,89,18695,1176870456654597955,514.2
5073,200,63,6,30,58647,0,17,1688366,10346,241,93871,4724879395753345653,593.22
5074,200,89,74,77,56297,0,17,5539908,117023,10,93699,6281950690592429542,926.75
5075,200,83,30,47,21828,0,6,3921134,178664,105,17730,6594574483139693825,383.05
5076,301,83,87,74,60316,70,20,1910332,125094,159,38127,8325060413368409068,995.33
5077,502,42,59,56,22790,0,4,3684679,132466,179,40128,4422527856838645709,775.18
5078,200,208,20,65,55589,0,28,7596779,179908,235,54876,5859714887637345722,129.47
5079,502,82,35,46,46289,0,8,1974948,234650,41,87247,5683265324928352108,986.71
5080,404,3,55,32,27328,0,15,1232694,79220,66,90997,6341007591842040551,203.35
5081,502,95,67,67,9385,0,23,1723881,115416,231,35430,2479160101734932616,707.59
5082,404,45,44,43,44334,0,21,1334937,181339,155,44397,5097139005005775288,584.68
5083,200,133,88,55,12757,0,27,6493434,112156,142,95805,556326603788169954,89.0
5084,200,140,31,46,15594,0,7,7421180,192030,250,31144,185372421406855460,797.23
5085,304,109,89,62,10150,44,20,1567342,179405,109,75123,2141423166870832569,590.85
5086,200,26,72,34,47005,0,10,4450968,236725,39,8155,8484170014179717397,771.51
5087,301,82,7,80,1062,0,11,5190731,84783,19,23326,4833909163581498565,156.24
5088,200,72,73,52,26633,0,25,3208626,237944,78,69294,1187340677519229049,317.88
5089,502,68,92,65,17080,1,21,4742640,114912,135,90573,1617859997600816641,204.84
5090,200,184,99,30,40094,9,16,196878,123600,143,11351,5831638916954413505,367.38
5091,502,95,46,68,15556,0,12,6024769,194049,30,29315,7735661882369584974,928.42
5092,200,42,9,56,39893,0,4,107488,165789,79,24926,3539271439620530170,183.61
5093,500,86,20,39,50203,4,13,7619276,58677,97,26633,8159632180714809372,450.64
5094,404,112,44,44,2593,0,1,193014,63779,82,48011,1913364652478669218,677.86
5095,200,92,31,75,39580,0,8,579014,160284,29,14029,7582151835081244922,625.12
5096,200,26,27,89,300,0,19,372187,157517,114,45997,3904228558647202901,180.17
5097,200,31,24,39,48965,0,11,6366937,107212,131,86175,1095240773745422737,865.22
5098,200,77,3,30,31495,0,19,1767958,28089,2,53138,7235926746658479011,239.23
5099,404,4,73,54,43052,0,17,1700369,121712,4,1852,6776654902145770171,649.31
5100,200,51,68,60,20233,0,24,6676697,229976,146,94344,7571810565020998235,595.36
5101,200,24,91,54,50737,0,18,5610631,18045,93,1484,5485864373668019620,587.57
5102,200,42,18,83,50224,0,24,2960210,67953,56,61787,6610766692746362834,922.57
5103,200,35,51,69,32656,0,2,6575319,96090,24,20089,1401601722344934130,639.68
5104,404,122,31,69,35999,0,23,1277878,73153,41,54906,2657342569824402079,154.04
5105,200,168,81,89,59973,0,4,4629531,147034,177,43969,667944946573716113,71.02
5106,200,21,22,70,46936,0,25,4429479,176646,165,83812,3659108480942115223,868.19
5107,304,93,3,44,59833,10,1,4351315,202228,188,82520,6193015977981715336,695.36
5108,200,128,85,54,59931,0,27,1030669,95526,222,67652,4003201645675321291,460.1
5109,200,73,51,25,39364,0,18,2702732,25401,200,26661,4328150007758794832,302.36
5110,200,11,50,23,36422,0,15,5772762,22922,221,56487,331688164408727584,165.72
5111,301,120,36,38,51293,0,16,612875,68206,199,33791,7673654427887040289,305.86
5112,200,111,48,29,47665,0,6,302285,136935,124,35124,6913039851397143401,235.23
5113,200,30,59,89,35279,0,26,5676752,41626,71,46239,662005314116560412,284.84
5114,200,15,38,81,47150,0,16,6585829,168715,206,80520,8745794208682556248,168.66
5115,304,125,81,24,20448,41,18,4408759,42336,229,13157,1577470432471704462,568.82
5116,502,82,56,27,54002,0,12,2506887,221307,21,97839,4419907889610685875,444.7
5117,301,86,48,89,41842,0,20,2658885,91759,113,97054,1506233550387413646,233.36
5118,304,116,23,18,11399,0,15,937562,152404,68,92334,5101935890661074355,956.73
5119,404,131,26,56,39631,0,2,469834,177966,135,7068,5408842969737257025,629.95
5120,502,109,43,44,56852,0,19,5260578,235732,174,35820,4426507220782476319,266.21
5121,200,115,40,91,58541,0,14,6194359,88151,247,6776,4038133192109440773,753.56
5122,200,7,44,80,19488,0,22,7776970,132567,210,70526,330808815784403418,501.57
5123,304,54,83,70,7060,98,3,2719026,153229,74,96704,1532766710784771432,679.89
5124,502,101,0,35,40320,0,2,5024125,46354,225,19428,2058948225672853058,684.8
5125,200,122,6,88,27970,0,5,6474332,186258,107,32663,3307708443875690546,972.65
5126,304,85,71,25,19209,0,13,4782664,90398,121,72162,1037570113263416091,46.24
5127,301,68,16,25,10399,0,15,688668,215108,230,69017,7779759698627130604,539.69
5128,304,129,100,47,39357,0,13,7120216,235580,235,79233,4346611859895936826,546.3
5129,304,149,0,82,57648,0,21,4920702,11699,204,67375,3486639214640105086,754.36
5130,301,148,33,80,40811,0,3,5249589,159864,192,45070,1670671838558446976,162.33
5131,200,67,70,53,27962,0,0,7488668,68448,212,38013,809875154727644212,798.19
5132,404,79,98,62,18096,0,8,4422698,22770,237,55883,7227430956835794712,521.44
5133,200,60,46,49,58144,0,9,6800176,181368,118,966,786570104272015221,444.32
5134,404,92,5,27,63087,0,25,6263069,42828,109,41610,8518044037947291233,960.72
5135,500,148,85,46,10010,0,18,6614886,145577,186,70367,2125455934859227691,900.06
5136,304,112,21,51,36296,0,12,6423403,97492,110,23224,5889517690668588018,286.72
5137,500,150,80,86,59233,0,26,6228321,166065,168,24684,1269673518136644713,782.36
5138,200,44,53,66,12668,0,23,421231,49973,246,78584,2464770234130428153,457.61
5139,200,42,46,48,2655,0,18,4894796,229789,5,10863,1832478761020164878,207.64
5140,304,46,36,34,724,0,6,6738678,129919,126,41674,5955353290527227287,725.29
5141,301,83,10,91,23013,117,12,5179023,192934,149,71240,1281196905433525485,985.58
5142,304,36,95,20,53379,0,17,1004400,70898,79,69988,3123200617771570414,570.06
5143,200,102,70,70,34569,0,24,4444223,248516,151,86300,4836798845883844702,684.66
5144,502,169,60,72,53356,0,0,908510,47424,200,24964,2422445021402391498,213.1
5145,200,12,29,25,36891,0,27,1069388,165952,30,5974,3283606827858483360,626.6
5146,301,104,41,55,6785,0,6,4094422,785,191,12914,5527683009012700235,97.48
5147,200,125,98,24,25414,0,28,5337609,50559,109,22031,8996347961240776766,297.73
5148,200,151,46,90,32191,0,28,2474846,145417,170,67646,4852649612184713928,183.32
5149,200,165,62,90,55043,50,28,2564538,101919,2,50107,8505295494652333287,984.7
5150,200,2,64,74,50988,0,0,6530273,9601,132,42110,8378055442923213861,491.63
5151,200,79,6,28,49308,0,18,5963639,13873,81,80071,7659619786713187489,310.4
5152,200,110,12,21,6272,0,24,1839772,25846,68,30470,6378704172550341391,378.21
5153,404,114,29,36,3144,0,26,5231361,132914,147,1295,1106428945054873558,267.34
5154,200,117,50,30,38820,0,17,3214662,33351,8,26835,2809490549357002143,343.59
5155,502,144,75,67,14910,0,27,2699682,228831,131,21707,5925404231786740301,79.18
5156,200,79,92,77,26403,0,17,1173945,228186,254,35198,5859837504436804417,801.68
5157,200,22,54,33,34900,38,2,7001848,192633,87,35320,1868563552030307078,903.06
5158,200,1,49,44,48507,0,3,5050297,93345,151,1057,2486644045965395997,964.84
5159,200,85,0,87,20803,0,14,1927130,90068,183,60022,1415139739176378167,868.4
5160,500,160,57,65,2582,0,13,7192256,33492,199,40140,7981773543633464192,663.7
5161,502,201,50,30,43321,17,19,913301,23987,91,41711,5859316235634883874,920.58
5162,502,153,0,61,11027,14,6,3826531,87250,102,43374,1397130491624017746,397.59
5163,200,35,21,78,60481,0,3,7543847,97180,80,91313,5905552100482464337,579.7
5164,200,76,1,50,51793,0,3,616477,88819,131,83795,7752361518128402337,226.24
5165,404,79,11,88,20825,0,14,3422332,172901,136,18286,7048640756625323422,853.16
5166,200,37,62,24,24885,0,17,7359453,189880,216,18860,7183583664917762681,136.99
5167,404,20,54,28,32411,0,28,7926615,86391,35,65321,8131723335170415776,26.48
5168,404,8,15,82,26145,0,18,5823482,189563,8,85878,1113759290150106368,263.99
5169,200,75,41,59,15879,0,6,1222187,17486,221,43752,6641483252860214554,507.41
5170,200,181,19,22,34672,0,0,2867365,244387,1,80425,3423313668476379492,247.11
5171,200,24,7,52,48584,0,13,2097337,27828,208,64314,1547873055915322908,489.35
5172,404,31,69,57,12660,0,17,6887334,22873,33,50921,1740580709609708832,828.96
5173,301,18,26,21,50761,0,24,4547596,195950,64,12831,4912738031624477814,274.28
5174,200,75,97,47,31219,0,28,4848824,115172,216,93798,8223789246300560047,199.52
5175,404,8,94,47,4380,0,24,1381123,6111,254,92685,3396831574761517338,418.27
5176,301,142,87,18,1579,0,10,135604,83307,103,92287,8545827479709557038,567.19
5177,200,8,76,22,22062,0,0,2740730,238975,62,40943,1167690593581798999,248.71
5178,404,71,70,85,21502,0,22,2282768,33162,86,52325,8040335945722850884,548.74
5179,200,60,8,53,8285,0,7,4524046,224486,239,26741,6392344637205392145,339.79
5180,404,63,86,89,63438,0,15,2962894,132021,230,51750,2370168631336065145,197.55
5181,500,51,71,60,19709,0,23,7694757,86349,57,85457,5656751516665206953,568.77
5182,200,61,72,47,13860,0,6,1433093,225969,130,1167,8696104377399845452,151.14
5183,404,131,55,86,21184,0,2,5040765,85973,255,83333,5697079659494814458,749.64
5184,500,219,26,27,3910,0,7,3839014,59083,141,44944,107716288588009784,310.47
5185,500,30,41,36,19375,0,25,3857209,106128,9,64179,6965396919129754451,562.22
5186,200,110,59,42,10517,108,7,2330565,129030,57,46599,5940102489904424969,707.81
5187,404,138,15,72,47179,0,8,3274310,166826,157,44964,988430945583867532,536.84
5188,502,22,98,72,25202,0,14,5563885,82928,134,77959,4598278189711639388,373.71
5189,404,80,51,20,51744,0,26,1536627,140636,105,31830,7231533209332001693,376.58
5190,200,151,1,54,9427,0,17,2002910,192255,229,81483,8609388523536010771,326.0
5191,404,0,62,69,13866,0,0,2834461,132068,127,13427,2942019937726045576,904.23
5192,200,63,33,37,62881,0,2,226614,216412,105,24072,4360714362418017004,752.74
5193,404,174,5,73,46520,0,14,5771492,172939,233,66016,2952586364782623660,217.3
5194,502,55,19,87,45274,0,28,7549044,41155,136,89955,8710177406402682204,939.71
5195,304,162,73,89,21104,0,20,4920794,120236,219,68128,4244181190884436578,359.6
5196,404,130,78,91,58262,0,12,5920458,132270,40,70841,1498861885954998272,475.1
5197,200,75,21,68,10992,0,18,4543212,102936,132,48387,3915227581384531813,657.77
5198,200,57,34,88,15816,0,7,7091036,167090,126,92283,2843436429182372033,480.73
5199,200,84,74,43,7854,0,19,5054622,176657,43,7851,6271127037066308135,98.61
5200,200,121,46,59,9587,0,2,6084432,70519,236,76994,541577256771566866,690.32
5201,200,102,22,52,20429,113,7,5082299,25186,194,41739,8404418226117809461,400.42
5202,200,90,39,76,59099,0,8,571927,127897,17,70442,5985139562205183609,852.15
5203,404,85,46,74,17163,0,27,2516505,5774,6,74307,5795547315024208564,21.61
5204,500,171,62,40,44431,0,21,1102984,170006,136,21833,5641385883079971687,227.41
5205,200,80,44,45,17108,62,3,4744480,158495,73,96625,3601603277699012649,703.83
5206,200,85,12,91,8752,0,12,6586995,125996,17,92552,4836290747841525048,367.86
5207,500,143,34,22,8619,0,25,2157681,183685,52,19566,5480393126751763974,528.53
5208,502,176,96,33,25608,0,8,2424970,16103,73,88760,7918821650565692232,157.84
5209,200,241,1,71,15724,50,1,7213177,69632,129,74968,6033741567166902690,933.74
5210,502,122,18,79,22099,0,17,7034132,237097,98,18696,2933821150989251675,615.87
5211,404,145,22,85,46937,0,4,7309225,132048,152,3247,8788846144039345201,135.58
5212,200,98,23,34,19590,0,4,5408718,149681,8,79130,8856685617845244891,85.93
5213,200,118,78,53,11360,0,17,7377357,240287,215,65472,1408142074865005259,161.11
5214,500,87,50,65,58830,0,26,7444682,230691,57,32745,6860982160443509733,460.6
5215,200,113,88,76,4634,0,7,355127,98197,83,48561,5681495848261610577,82.91
5216,200,87,42,35,2938,64,1,7988294,121506,247,15112,2841603884077599880,549.64
5217,200,107,53,85,42086,0,3,5234899,38328,106,27985,1985575255125317,616.14
5218,200,122,72,83,1363,0,18,6434161,240966,62,18849,8013782240736165081,333.91
5219,200,12,44,31,40498,0,21,4659319,31381,55,84591,5125547374035320589,549.74
5220,200,0,17,63,6786,58,16,1420877,192632,203,3584,5045633446460104684,481.29
5221,200,56,68,86,19483,0,19,884568,209016,228,96441,7811846916020085351,766.39
5222,301,119,96,16,46892,0,2,6517607,43497,156,26671,4335804755508019325,355.96
5223,404,94,82,86,12415,7,27,34074,128724,2,61774,6423276369485123841,644.63
5224,200,148,78,33,52380,0,6,6487636,94609,253,69313,2043812015222960458,432.28
5225,404,27,12,85,46122,0,3,2673162,79849,65,5779,6611045436465547664,907.5
5226,500,39,57,38,23689,0,0,7625334,103392,147,79595,6828371330377800952,709.04
5227,200,126,22,38,30084,0,1,726737,74747,113,45829,5690014296710636920,168.99
5228,500,46,48,54,54776,0,14,6917280,92765,6,44350,8770835672926820188,449.28
5229,304,179,89,80,26286,12,11,4980136,123862,135,44411,2386711511132341808,419.02
5230,404,113,41,47,37605,0,7,5224486,51133,121,49038,7524592996259643835,67.23
5231,200,67,99,51,20197,0,28,2101736,99990,62,99104,4167262888816224035,533.24
5232,200,66,67,37,21100,0,19,3233850,9744,61,16033,619332249970071978,461.09
5233,200,134,14,87,9082,0,26,7158750,229739,101,76323,5689453077262990920,638.12
5234,200,104,81,71,23863,0,4,1546913,233475,215,95195,3171196750581455692,76.65
5235,500,132,43,92,39411,0,25,6142564,12121,3,56953,6437883341220772890,257.66
5236,304,80,88,84,45564,82,16,6777888,43008,249,14956,6743130963332906998,444.85
5237,200,182,3,70,14092,0,8,166771,204559,233,81054,5934598250331764273,385.41
5238,304,0,36,34,34704,0,21,5262774,243987,215,6435,4765686675854246734,850.88
5239,200,34,15,34,25743,0,8,234370,171229,247,84355,8540422258787648551,905.35
5240,301,36,93,31,56135,0,17,2008071,150255,91,13837,4652374092022729983,348.33
5241,200,173,50,24,55957,0,28,1520557,161942,80,95100,4024031797688693340,743.61
5242,200,23,33,62,17005,0,15,1839805,186491,42,29052,1248457707052051035,301.56
5243,502,30,25,51,61026,0,23,3647108,214499,57,51570,2346312807446861585,764.68
5244,304,28,86,59,30130,60,15,7408624,243544,93,58557,1717885578596367320,327.05
5245,200,7,99,50,50110,0,8,6679160,180808,45,51098,6884661692692104083,122.53
5246,200,21,82,18,2588,0,13,1110969,247941,108,62165,4834550926953365421,969.02
5247,200,91,85,35,41718,0,6,7930687,115634,50,96517,4765384803581946170,132.97
5248,200,95,49,22,1574,0,24,1504376,143159,114,13931,462936478228765637,977.9
5249,200,40,35,70,54814,0,14,7959225,151532,78,64137,8417236626185496579,264.35
5250,200,143,88,80,901,0,28,2068017,239347,186,18568,5403311759524265675,321.46
5251,200,262,89,46,8669,0,19,4768040,173555,227,34351,1877604479237839007,656.61
5252,200,42,53,57,24130,0,8,1136065,120656,75,84793,3785869816950747352,618.1
5253,404,80,22,89,36772,0,27,1654424,143266,212,93756,4439004813473214277,345.6
5254,200,1,37,37,46941,0,12,1545511,151431,124,37341,101058913670848934,878.75
5255,200,129,49,75,19975,0,15,5958386,234756,219,10848,1896871557316964424,797.99
5256,200,90,76,83,47818,0,19,2244074,42238,136,86663,8897517796161123057,48.02
5257,304,155,51,33,12319,0,12,4632156,213110,45,94773,2733735099261628106,173.46
5258,200,90,37,58,37221,0,14,7468331,85517,153,82053,2896002096083878285,569.53
5259,500,2,36,88,55162,0,8,5925838,215565,131,81742,1807511232129544102,817.85
5260,200,92,31,41,38759,0,20,4920096,219847,186,67498,4776401031836049877,338.96
5261,404,197,8,37,48504,0,21,3925300,101266,41,88805,7162303359087839356,692.62
5262,304,94,82,19,29937,0,14,7665019,52545,1,98185,515504656060133622,105.76
5263,404,75,99,23,5478,0,24,1160043,95663,244,64772,3023859527166422877,539.35
5264,500,109,7,49,47233,0,18,559123,130377,84,41438,7502263022725050338,191.46
5265,200,124,13,90,57425,0,24,1824728,102757,87,28746,4158840520638469566,470.4
5266,404,19,52,67,38730,0,23,6295176,54486,93,60131,8009029420230449042,633.51
5267,200,62,72,82,36494,0,18,7856194,222229,64,82677,1245428340427746378,561.4
5268,301,82,60,58,22901,0,0,4989948,37387,29,12397,5014919499883729397,777.78
5269,500,60,5,21,33610,0,4,850439,88408,43,80007,7424581277334229142,13.72
5270,200,87,83,16,6809,0,26,3195838,69673,193,63225,7203843947701534758,310.73
5271,200,29,64,61,11821,0,0,6156620,169296,179,50531,8049704868705873143,96.21
5272,404,73,43,41,29287,0,13,2190140,27337,242,75036,4236356044026880788,983.03
5273,404,44,87,78,46564,0,17,2562130,8373,255,61686,2278956610002007330,661.89
5274,304,84,63,32,53994,0,7,7960386,152058,224,81056,8838892845596845337,830.06
5275,304,76,6,82,8648,67,13,3939373,106817,138,21062,3088258210145184544,959.51
5276,200,3,25,82,57505,0,11,1676846,86741,140,18175,4752716486052052755,173.37
5277,301,94,65,50,6483,0,26,7194910,58297,137,97682,2891787737357625880,394.24
5278,404,19,72,52,26006,0,23,172564,77847,98,60550,577616401726965882,986.37
5279,200,58,40,86,57778,0,17,1220737,191649,169,2996,7524878978618017568,742.51
5280,301,169,23,56,12352,0,17,921301,10488,50,99501,8740590208704420450,748.72
5281,404,136,77,17,63503,0,27,7892198,102920,154,63126,7144023402588355229,863.86
5282,200,108,44,21,26339,24,28,485005,20886,166,47659,4020373060914754323,599.78
5283,500,99,47,38,44592,0,21,3947756,102510,137,75765,4933065651749442826,144.97
5284,301,17,88,70,18982,0,22,937530,73519,137,61075,4788264630849090324,493.03
5285,200,36,94,32,46056,0,15,3589354,39052,173,47818,3245603638659280868,220.04
5286,304,18,54,29,11360,0,19,5541887,73979,228,9654,5794652813286349934,828.33
5287,502,19,24,76,13847,0,0,7437753,120886,246,98102,3985571743828810423,911.54
5288,200,22,57,60,10346,0,8,7192128,32953,74,88372,1415101376275302929,899.46
5289,200,139,24,44,44862,0,21,7498602,178523,205,1590,224530350478186335,634.52
5290,200,113,34,42,7473,94,4,1278047,11208,13,52982,5525958067376950295,993.22
5291,404,83,20,36,20992,0,24,7307414,165731,179,10304,4079071919181510437,865.16
5292,500,96,77,80,35722,0,0,3440904,78626,161,92635,123070348448748666,403.29
5293,301,190,92,23,58976,0,28,5278903,120401,255,69414,5207033385444702133,583.26
5294,200,158,94,68,30844,0,22,43026,150441,86,99125,6730489771922119473,553.07
5295,200,57,100,89,19378,0,26,7786422,196099,65,80632,2519706674198031041,890.88
5296,301,30,87,35,2984,0,19,680460,201465,44,58327,2745888830530438588,675.04
5297,200,125,53,79,29449,0,0,7763066,147528,70,21938,902576376267949902,199.58
5298,200,45,39,29,20559,0,7,7732482,140310,118,47412,8750511096540322197,865.79
5299,301,60,88,79,40244,0,5,7410547,127327,242,50802,7209062806714446115,894.74
5300,500,37,57,42,34876,0,14,3836439,159319,46,97376,5525162041306139186,275.38
5301,200,99,37,44,56202,0,22,7230588,9900,250,17412,1248903870045833553,714.0
5302,404,135,4,25,27498,14,28,4200921,177371,236,77820,7676803516493932712,909.92
5303,200,10,59,40,36830,0,24,1912597,46683,191,17065,1622460782557222359,34.07
5304,500,207,40,59,10023,0,13,4658322,162323,95,55435,4765044591100728872,976.79
5305,200,104,0,48,29327,0,1,1357613,11555,152,3042,4526600806527501567,33.35
5306,301,97,91,91,50375,0,2,3205459,220297,105,42693,1583103349198842122,567.09
5307,200,132,68,76,60803,61,15,7074064,246054,55,32557,2015822557870259560,207.54
5308,502,120,38,15,50614,0,20,5968841,89825,255,4042,6541108755654422700,261.38
5309,500,131,74,64,15582,0,7,3993304,215923,69,41313,6826350373225658664,320.3
5310,200,52,45,32,25572,0,20,3059038,71723,79,2587,6445811321937295017,355.13
5311,200,133,28,74,60375,0,22,4702752,36,203,12966,8082385786746812944,461.84
5312,502,11,22,58,30054,0,9,1474572,109245,23,73995,1502843777854452113,785.97
5313,404,79,39,86,55156,0,7,1889516,100940,142,83239,5244688896192205856,872.55
5314,200,11,24,82,57506,0,18,2332681,159099,122,14209,4316295024722042866,546.12
5315,304,32,1,24,57428,0,1,2923801,188646,155,98956,7834138958441390461,857.15
5316,500,41,12,18,45587,0,3,2297426,186130,164,98906,4171795916955264011,962.6
5317,404,2,65,86,6795,0,16,2424974,18478,20,93495,6130980439769688571,974.85
5318,200,107,98,72,54486,0,23,5502898,172877,117,12174,1980960236839516894,725.44
5319,200,102,34,92,60280,0,27,1320293,31273,16,85054,8952664990302765983,822.46
5320,301,100,24,87,16610,0,8,7177568,81361,61,85086,7311326826076520808,416.94
5321,304,190,13,41,62091,45,5,2693697,50356,82,6014,635335000083957874,287.69
5322,500,54,92,21,58678,0,2,5184500,70294,193,47275,7617302364281156113,299.71
5323,200,68,6,35,29492,0,1,3598949,112609,99,50914,7529027185171192812,193.95
5324,200,11,34,26,1831,0,9,5117872,80014,243,75047,6619621652552217055,137.27
5325,200,158,45,77,9712,0,16,5277813,206513,29,23402,6196030505566273124,567.09
5326,200,117,72,54,7230,0,7,3912784,134262,174,67905,691284404019827926,27.83
5327,502,8,47,74,39532,0,12,2162457,146089,7,45288,6128370114868205254,306.28
5328,404,100,90,62,23262,0,2,6546617,212648,115,21207,848612780768438168,214.08
5329,304,96,46,56,27323,0,14,797362,160768,66,22861,1670378233069819411,584.58
5330,200,7,17,15,2379,0,12,7111798,120899,214,13284,1014329504503132768,465.16
5331,502,147,59,81,54710,0,21,6003396,111867,227,20170,7263160160703851225,972.83
5332,200,36,93,16,592,0,21,3992495,105173,152,8872,8564724862754546384,419.3
5333,200,144,98,66,7375,0,20,4713417,225392,129,31190,2788930189787575526,675.35
5334,200,117,96,91,2959,0,11,3679788,82877,158,81955,2129268974568318770,755.71
5335,500,62,11,21,29133,0,10,7756992,195145,1,42325,5163002864013769468,395.01
5336,500,59,41,66,35639,0,2,2250397,215848,56,71605,2795453160366184897,525.3
5337,200,45,62,36,7339,16,23,3116871,132163,204,86831,293092428341441808,441.97
5338,200,20,38,53,55253,0,22,3064806,200200,248,76334,3756350197491671289,863.48
5339,200,157,49,66,10293,111,12,7226906,6279,206,75874,7240846722714355761,805.58
5340,200,216,56,56,32906,0,20,2184398,158170,116,26955,7796020180739790153,857.35
5341,304,56,84,42,15466,0,23,1770952,124259,107,37155,8623101438695590247,628.98
5342,502,80,42,78,57560,77,5,2559357,107417,92,53520,2568380802840121206,375.92
5343,200,173,34,30,13482,0,22,4910576,104152,97,97711,7825648840966189023,896.6
5344,200,55,26,68,43783,0,7,4020584,166018,177,34647,8204204639836942349,317.84
5345,301,73,55,26,25363,39,15,3900804,23598,230,8781,7240336544576591832,21.12
5346,502,84,84,61,38488,0,13,1564313,106562,235,79577,283084391315209622,749.7
5347,200,74,46,39,24660,52,21,1784917,204622,73,14754,2132587055489413453,315.99
5348,502,49,26,77,28432,0,0,1341310,109453,144,95327,7663455642199890567,563.6
5349,304,12,62,16,282,0,7,1666019,217454,165,28957,3642535966733392044,956.68
5350,200,194,42,83,13707,0,8,2456253,67003,139,4745,3096161665001353987,558.61
5351,200,121,2,15,47904,0,1,3613241,209359,253,78585,843751663151144714,219.02
5352,502,91,77,19,52581,0,21,1473954,47395,126,73064,4026440183637648705,648.46
5353,200,144,99,22,49260,0,6,6717903,83225,0,54193,335631439588434184,494.93
5354,200,160,86,80,10344,0,28,5182892,22520,14,77062,8400884017395995446,821.97
5355,304,180,19,67,21060,0,3,837487,232918,194,13230,7644433132523820679,871.45
5356,502,13,40,77,45699,0,10,2616279,235417,181,3449,6760988947830209952,447.6
5357,304,34,66,54,1432,0,25,5390884,121852,221,73651,7116248270133521927,520.83
5358,304,152,93,50,62760,0,24,3990048,196335,130,61965,3352147964211198551,124.06
5359,304,33,72,69,8840,0,13,5472501,187015,146,22770,1907716031541031710,625.65
5360,502,20,84,84,34127,0,23,3218994,92882,152,56782,7198891411872534751,457.06
5361,200,21,61,35,35190,0,7,1241722,47362,58,71692,1205059721196369443,707.33
5362,502,25,58,34,51215,0,6,1804257,164810,124,39822,168206303160351410,953.57
5363,200,80,63,59,7024,0,28,7027487,153701,231,86424,6675087453911477171,238.58
5364,304,63,71,54,15405,0,27,5007991,230210,30,11515,4533910085809199232,858.51
5365,304,64,39,15,18802,0,1,928563,211831,147,27153,2935471179725797673,855.72
5366,200,60,26,78,47907,0,5,7473255,35064,103,28654,6240643671127558264,207.2
5367,502,81,20,89,33864,0,10,7469225,80062,127,69865,118428022213098596,958.77
5368,301,36,21,46,58545,0,3,3205214,18196,239,29162,1319821710977600468,740.42
5369,502,195,87,52,36302,0,17,1231550,4139,10,27726,8475680752369005404,853.25
5370,200,235,86,30,5329,0,4,4005581,238599,13,42470,2582304953000676028,28.92
5371,502,204,77,30,34235,0,13,4817812,174375,154,88078,7842543713969932904,621.16
5372,502,130,24,84,63926,0,5,7884432,226637,114,77825,3022359003558723156,301.79
5373,200,37,91,56,34203,117,10,4283845,53491,194,12808,329261770094916241,212.43
5374,200,0,1,25,37497,0,23,7571566,234368,220,91827,4297426323469590405,806.41
5375,200,112,40,60,42774,0,23,3690989,45898,189,98061,8923423493881942671,878.96
5376,404,34,6,23,6446,0,17,4057230,187614,55,41665,5623265680585596640,613.35
5377,301,87,68,42,41154,0,22,6440882,204503,185,66155,1119184859889910787,49.32
5378,200,23,44,31,7650,0,20,251525,3279,144,88778,2117177498262281969,305.91
5379,200,37,97,65,33500,0,20,6930960,74353,150,5288,6858171521591233938,509.64
5380,301,70,39,51,3003,0,2,4488685,102341,56,86379,583048045532855461,867.47
5381,200,107,32,54,37954,5,27,323967,122975,41,22003,4095611074111264712,395.22
5382,200,94,20,22,23043,0,28,2498388,174576,38,22825,4884957102609340887,256.36
5383,200,75,8,16,59258,0,17,951586,115021,105,76554,7744494945430117061,487.41
5384,502,106,31,48,44375,0,10,7824331,102738,93,43386,3069909952554359242,801.67
5385,500,80,89,72,16893,0,2,5013170,97419,236,16716,1573780460196201778,444.63
5386,200,49,100,66,32952,0,4,5283251,217075,255,91123,192178811176578027,714.57
5387,404,99,89,92,24350,65,6,4373866,136731,206,91700,4591729071232689667,828.75
5388,200,87,40,74,52377,0,12,3089078,129056,175,31722,7124379188841334092,701.92
5389,200,122,51,62,25888,110,2,5213594,99813,236,68076,3871109967527314445,245.72
5390,500,66,28,87,24707,0,9,1244676,79092,76,15664,3926122018634626876,837.7
5391,200,88,0,65,38172,34,18,3205573,214781,244,11621,5633163075627191725,514.65
5392,200,87,49,75,22233,0,6,275767,117719,199,77420,6089568502002418308,683.93
5393,200,85,18,70,62244,0,28,6576167,230511,70,67182,28057234052353486,258.28
5394,200,70,71,29,1007,0,11,2780432,52301,167,83561,7979183170744292527,90.51
5395,304,94,56,32,13775,0,26,6978811,5235,130,38222,7959901920440735951,863.52
5396,200,139,94,79,32880,0,13,6679687,180484,33,91970,2676538802547227531,536.47
5397,200,89,31,90,10790,0,27,6944814,116190,111,72309,2272579948389404161,944.92
5398,502,207,96,73,14729,0,4,7595279,92475,169,11060,2928355016371523234,960.48
5399,200,104,45,48,38592,0,13,6448969,21084,92,91364,1155852016487535725,401.11
5400,502,89,73,15,12275,0,22,5943950,235791,142,88581,6383348376997667607,301.57
5401,304,103,40,61,34300,0,5,318404,100521,1,92352,5891413293091900854,402.17
5402,200,134,68,69,48008,65,1,6135294,163090,122,55893,7505338348244657728,412.25
5403,301,80,68,38,59243,0,3,4283874,214829,151,16092,7881712494370568934,542.79
5404,404,22,66,46,59392,0,26,2476703,184796,3,78079,4951647661564162989,421.42
5405,200,16,66,33,24007,0,20,1588928,228823,162,43742,1705528539312927136,592.84
5406,502,5,50,60,6190,0,9,7215191,188447,21,44415,1826934725852757814,361.26
5407,200,111,75,32,48517,0,9,4154030,66023,113,24364,985706454903917270,910.6
5408,200,55,38,25,62719,0,28,1502423,57923,2,83869,8031379885935780520,674.21
5409,200,65,74,65,7753,0,7,7350345,112638,245,77448,1518273021250166967,189.22
5410,200,52,69,34,3563,0,5,1553966,141,48,18121,4852425680375713227,976.08
5411,301,139,38,59,60771,0,9,7531650,182489,184,86239,7312641984609234601,594.51
5412,200,50,78,40,18775,0,28,2163307,235723,184,69428,6737710256905293847,760.75
5413,404,44,34,77,23203,0,22,1677914,201054,187,33430,1496609113138043560,610.97
5414,500,8,50,78,6144,0,11,5279787,57408,38,48564,4411698301045672786,749.67
5415,301,49,41,44,33254,4,16,4135411,5132,41,14057,8398668793843718399,312.22
5416,200,98,15,53,1975,0,1,4988728,196125,188,61776,3853685833273669558,53.18
5417,404,197,33,30,56512,0,15,6951396,11114,82,42435,7772073785735819709,714.12
5418,500,5,16,19,10470,0,1,1379824,232759,201,17506,2997103749460853097,869.88
5419,404,53,87,65,53635,0,27,762723,49152,187,2535,3178390413408381259,652.96
5420,404,57,73,90,877,42,25,3101098,69149,17,47080,2827824678839765101,468.41
5421,200,80,91,36,26559,0,24,1603300,172473,253,81536,3490507332701047192,941.79
5422,200,61,83,42,41010,0,13,5030588,122536,81,84258,7944814108577665512,67.46
5423,200,275,28,58,2387,0,10,2662682,60242,13,7538,365986832217819604,202.02
5424,200,27,11,73,23875,53,10,5806084,160927,88,11794,5819192838028861422,990.29
5425,500,42,0,83,26472,0,22,5584184,170895,224,79922,1084777187468904271,613.74
5426,200,126,73,26,61761,0,3,3036231,30169,203,32022,1914279165322435,683.3
5427,301,71,18,15,847,0,2,7083063,53244,176,95199,7064376187528860764,56.67
5428,301,50,85,83,49989,0,21,1727746,142961,12,7826,4991637178226984670,476.28
5429,200,131,95,60,51173,0,26,6186417,225604,94,40214,2680025554713970016,889.7
5430,200,73,42,63,17473,0,22,5019163,71830,50,65430,4343892991058930802,130.85
5431,200,170,98,58,11192,0,9,5289762,185820,117,89976,8955195672533257093,894.52
5432,200,65,41,36,15826,0,28,3803020,24158,37,18237,7011224280458509130,94.96
5433,200,75,90,65,48991,0,28,2760353,26764,189,67284,8160657817031856480,175.35
5434,200,131,42,54,23661,0,6,6210042,238781,45,38710,1987501528049926993,841.07
5435,200,21,42,42,27275,0,0,7921527,222040,220,38192,7626226629769032216,136.78
5436,404,70,35,60,53438,0,22,4585461,234374,62,94848,4484443001000234384,988.37
5437,200,124,100,51,44108,0,21,715583,117861,197,72848,6266954068624068333,795.49
5438,404,111,53,48,43699,0,15,5578340,196524,111,87768,1206394580217625415,445.12
5439,200,196,87,79,37506,0,14,3292026,231325,132,51206,873837584143022179,413.18
5440,502,4,85,78,58573,0,0,6058577,221072,228,68575,8734161443212204267,531.94
5441,304,97,100,87,43388,0,3,5008741,167143,131,64287,1435751830829388267,954.66
5442,200,4,28,18,15651,0,2,1678205,89108,102,96098,6252967200537473756,568.37
5443,200,137,78,90,36153,0,10,6986736,208206,40,15234,4769250871686858181,430.16
5444,304,112,6,79,11620,0,25,3620885,141898,92,65524,8101989765881690042,695.82
5445,200,50,33,40,25544,0,21,3278408,183255,213,98007,203925525440849062,593.08
5446,301,127,64,40,48654,0,26,2790667,32350,67,33907,5781238031581458028,150.27
5447,500,226,39,38,57547,0,21,2255223,216477,19,92662,4606614443776306959,944.76
5448,301,53,33,75,19172,0,25,7216132,15024,56,91051,391110462126770237,960.84
5449,304,50,16,44,32828,0,6,7037809,5241,216,81472,7256106823215821777,958.3
5450,404,66,92,47,2637,36,15,5139554,89166,251,7960,5130802539297956141,827.53
5451,200,75,22,38,11591,0,10,6670287,14158,90,89906,1385879903902502792,893.61
5452,301,94,19,53,34483,0,5,472598,98618,151,95119,4620323830930635472,815.31
5453,200,76,69,42,34142,29,17,2916105,155404,52,28469,2254621182549100619,676.33
5454,500,98,48,80,52642,0,9,4939162,82270,210,76416,6578195999561632659,320.54
5455,500,98,13,22,18894,0,7,3255730,114426,114,14826,7169674213573313454,268.51
5456,301,102,27,31,35556,0,21,7187568,208325,183,86490,78312137708337200,804.67
5457,500,29,8,76,9622,100,15,7673599,197027,122,48224,8037653135440422128,149.43
5458,200,4,73,48,18040,0,26,6545635,209854,58,6368,7855163035336155282,97.0
5459,502,215,15,80,12735,0,9,5821511,241645,81,31518,5181253133739938997,605.74
5460,502,25,98,49,26075,0,21,5021751,88799,212,84749,4205611937063748856,729.49
5461,502,42,19,16,44407,0,23,2808300,127615,56,87847,4235166238658868118,73.94
5462,304,152,16,60,45598,0,9,7768224,47037,242,708,4443153884976882997,834.9
5463,304,60,49,32,39151,0,23,5072619,39770,110,42781,7571339132930577100,914.65
5464,502,61,75,78,14507,0,8,4790725,79669,123,18211,250519245747751854,827.49
5465,200,103,59,91,25535,0,19,614313,78753,120,66750,4764043021137591872,447.57
5466,200,46,86,70,12617,0,0,755217,245435,26,14760,2235794960382232854,541.06
5467,200,30,47,24,9895,9,25,7137682,114885,58,17554,5082778949885152642,212.28
5468,200,90,100,58,12753,0,8,5794663,192549,162,58216,6945976596660438453,338.66
5469,502,144,42,70,3181,0,20,5819185,156981,61,76092,3060838953851255216,405.79
5470,500,89,22,87,2912,116,15,839654,153666,119,8298,6011140134246506693,41.99
5471,502,96,50,64,50030,108,17,4211930,134270,136,44078,5896255294109370737,919.61
5472,502,54,43,18,47071,36,24,720446,239475,1,84483,588067754121450706,369.6
5473,200,75,39,41,47891,0,14,3603960,4718,134,25506,7252935409083648866,4.64
5474,500,131,55,78,30932,0,0,2771565,180377,219,69098,7764902838693684038,759.75
5475,200,50,61,67,26841,0,13,4477682,4609,169,24904,2462246023819986311,3.14
5476,200,42,84,58,34284,0,3,4450442,13669,89,83768,7533976533932912696,878.2
5477,502,245,15,81,29846,0,17,1855695,186823,207,56424,8215266161481764078,412.42
5478,200,71,22,73,48286,0,10,832407,27103,238,41535,901559966869687940,39.09
5479,200,120,28,20,46568,0,3,70822,66234,18,96818,6628499553593825931,979.32
5480,200,189,4,80,10659,0,1,5802653,105983,4,88398,8040681583621099176,614.12
5481,301,39,50,44,29580,0,20,2342743,122222,17,68522,8694224527569413496,792.27
5482,500,6,52,88,34259,0,20,7705572,23117,203,27573,7191566805421335429,735.64
5483,200,120,58,70,23493,0,24,2906210,152019,57,73924,5956500104975220941,276.46
5484,200,123,66,41,28260,0,10,2505027,63951,209,35598,3882650983295977203,246.27
5485,502,63,73,51,11511,0,26,4726849,29281,193,26031,3208554177478888990,189.6
5486,502,53,30,78,54590,0,12,4478158,175751,77,34846,8555397050456413115,96.29
5487,500,12,7,32,35494,0,10,2369764,164483,81,32455,4663761774342266349,571.01
5488,304,60,72,53,32885,0,9,7384733,27529,107,60572,315878072090201692,614.3
5489,502,51,53,16,36418,0,27,3474973,223797,66,12080,1431435139382161019,793.94
5490,502,75,31,65,35099,0,0,4750044,233936,8,46547,3456723696717854224,899.62
5491,304,154,83,43,7956,0,5,2408007,215547,47,45954,6103045060376907944,432.22
5492,301,22,22,42,60894,0,13,7418729,27370,95,28313,4831023175403151082,654.53
5493,200,156,78,75,9654,0,22,3516949,242187,36,32226,6323553827560275277,45.75
5494,404,69,29,83,53767,0,11,3657483,100381,196,81471,3104394942120386745,996.36
5495,200,86,32,47,11964,0,16,5473437,249528,185,89388,6412789870868808626,474.4
5496,304,181,67,46,43877,0,7,5376029,104816,241,43224,4602989470592530658,895.67
5497,304,120,84,42,52127,0,19,1887010,183520,152,46312,7748714638569823819,44.86
5498,304,28,15,42,41121,0,7,4059615,158241,139,67517,1276775747305034044,196.62
5499,404,41,35,71,14650,0,8,441165,166339,146,60472,8983417326489549265,169.78
5500,200,138,50,28,4361,0,13,7862962,113367,88,59400,7832250180117708986,152.28
5501,500,79,65,83,7922,0,16,3350901,58724,168,36159,6459228558449190694,181.92
5502,500,7,2,32,62169,68,8,5765872,179897,153,79864,2075760750530881507,26.57
5503,200,46,27,20,59490,0,1,506438,16884,79,42178,5342128141656101856,805.78
5504,502,25,16,71,61930,0,28,1993980,248797,223,87091,1247443627734778754,579.18
5505,404,69,21,33,6360,0,18,5380413,190409,107,47026,8575086403922347378,607.47
5506,404,136,14,84,39761,0,0,7934977,187958,172,56418,8485186925732178255,837.37
5507,200,91,41,85,28587,0,10,533828,188399,221,33625,4966544714867568719,479.54
5508,200,29,84,88,32363,6,4,2746472,106228,127,81868,8635212166655584149,200.76
5509,304,61,53,70,10787,46,19,3685070,156925,178,37215,6743003901364390802,726.43
5510,200,85,21,80,45923,0,26,1167509,164483,148,63036,5041752689276185104,548.28
5511,200,121,5,75,2585,0,2,3559271,5894,164,856,8003644502659078771,285.4
5512,200,3,3,25,19562,0,22,4244799,5390,24,77532,5718021635961836712,624.29
5513,502,166,52,72,48180,0,4,2107193,65447,146,68149,4712524936368827753,720.16
5514,304,39,30,69,10201,0,18,4342712,74902,14,78543,1427859951360678412,623.67
5515,304,38,45,45,21986,0,6,3856602,23665,147,21624,6928942339161143346,387.52
5516,301,137,2,69,60286,0,4,4229833,186418,4,38995,873895454731085777,244.5
5517,200,45,82,50,18806,0,4,6828169,133437,104,12830,2612427222980682,203.86
5518,404,33,74,20,25292,0,23,3275916,147275,8,49532,1767497338024271373,690.46
5519,200,91,47,67,41143,0,26,6040781,60939,74,23461,1844335060255281337,464.47
5520,200,132,85,78,33160,22,6,4206591,160541,10,64238,471269034588630748,400.59
5521,304,9,82,44,20855,0,14,5818376,48,99,53939,3778519730465607170,829.41
5522,500,34,7,87,1674,0,11,1264288,158722,1,79227,4752470785994843956,280.81
5523,200,8,91,69,59636,0,3,7126415,195979,150,87647,5752525532115534999,563.77
5524,500,165,22,62,30553,0,0,4541282,235768,224,14625,6154954200035332856,946.97
5525,404,141,87,23,34646,60,27,3293593,227105,185,94783,4137976754293763569,358.33
5526,200,35,46,72,17379,0,22,320070,227072,176,67706,1835686095725795394,612.27
5527,200,115,41,66,52679,0,5,1774936,186506,2,27188,2128404049993821134,100.18
5528,502,53,9,25,61789,0,28,1827516,228308,241,62851,3221203628645584660,573.62
5529,200,101,49,59,7611,0,22,1097806,106973,220,31967,2713392741841784789,147.41
5530,200,48,20,19,58926,0,11,6343456,128393,176,56014,3178480221341470054,114.23
5531,304,49,57,33,37721,0,5,1388828,221888,248,76735,8887975889504437258,55.63
5532,500,107,65,25,28070,0,7,1535493,115175,96,24364,5193404067101351744,196.4
5533,502,46,62,56,26702,0,27,3995514,122797,217,5488,4310536440083738936,461.51
5534,304,114,28,42,2785,0,0,4370693,14097,119,87711,6797761633590823649,32.39
5535,200,143,33,33,19310,0,3,2321070,167135,211,90048,3590859061903433197,197.09
5536,200,48,2,72,19397,0,2,465753,117148,178,70538,4689589757712247573,440.48
5537,200,123,12,90,42445,0,17,573911,29346,108,75898,2724113584220645620,978.36
5538,200,235,4,25,40371,0,20,3973205,68862,125,46410,6694336536394756591,820.29
5539,301,12,2,21,28057,75,20,2287042,21660,156,81182,2252763219820936157,823.39
5540,200,118,19,33,33706,0,17,4348778,118976,214,12449,3455582887931762857,201.86
5541,301,142,59,68,23868,0,15,6681804,23285,82,59180,5699053153362005688,68.09
5542,200,99,62,62,35712,0,2,2773547,72628,28,65193,1306199118635983071,91.06
5543,304,138,26,21,26689,10,16,5950484,78906,156,40472,4120357247920460662,484.78
5544,502,55,42,84,17644,99,20,1455052,160929,97,39102,8309924084196934271,41.78
5545,200,96,75,44,29862,0,1,2892286,158360,157,17170,7948428874310139513,672.16
5546,200,271,27,80,57544,0,10,4605875,219458,157,14428,5222887131868958450,575.79
5547,200,89,70,62,18262,0,6,1451550,101350,142,23753,7419371779568513007,366.29
5548,304,37,21,17,24888,0,17,356743,117137,77,29421,8157212521808989462,130.34
5549,404,172,57,56,59156,0,26,5306643,59931,177,49115,5434790318161871819,545.71
5550,502,113,41,56,17209,0,13,5610185,241639,126,73808,8290283434505703478,283.56
5551,500,6,27,34,53196,0,27,207657,222389,37,26845,2885144183378201585,633.24
5552,200,6,82,47,21981,0,19,3325642,57302,108,93356,2231446478590740626,400.68
5553,200,139,31,75,4372,0,12,797690,242442,48,77888,2871559383631585410,910.76
5554,200,7,0,58,9448,0,28,6149740,40976,139,88104,3741283821003515757,887.66
5555,301,28,71,72,23440,0,15,1323922,27871,51,6090,4513192856216656750,988.77
5556,500,84,86,85,10097,0,18,7957363,4958,144,39822,2506094126107092396,327.7
5557,200,99,72,88,8094,0,14,302283,207751,138,64128,278297451087182934,463.84
5558,200,164,71,82,47324,0,9,102620,56922,79,60356,2234927863086768201,713.75
5559,200,62,2,68,22400,0,9,3128114,5383,33,84625,5876044151499157018,916.84
5560,502,29,53,60,4705,0,10,7535144,101464,23,24333,5784695009420749155,84.53
5561,304,3,0,19,15760,0,17,5092604,38487,242,6605,735283544502805131,856.48
5562,200,102,36,21,12448,0,0,1480909,133486,177,50909,8103901701651817591,665.53
5563,502,44,2,74,9571,0,12,794732,161243,239,70844,6139568707628892685,456.24
5564,200,182,99,72,39677,0,18,4835045,162869,193,20163,1843757948550651185,973.44
5565,200,100,41,84,23592,0,6,6741037,149908,209,3770,3105927030572203457,636.84
5566,304,35,85,30,18487,100,0,7160378,192069,37,14951,4835486420766884360,729.33
5567,200,131,7,79,55328,0,2,2539672,126593,243,57519,1447232317130702619,302.2
5568,404,12,99,33,23490,0,13,6735325,110848,111,24842,7069467322898519838,826.69
5569,200,104,16,46,39640,66,7,7353240,241494,21,62763,4712152736298841950,282.59
5570,200,46,56,33,4354,0,20,3021201,166806,111,73470,3703317018282002815,865.26
5571,200,167,72,41,40695,0,16,4972912,57959,252,5798,5337758744742738020,884.9
5572,200,72,13,19,58729,0,1,354088,248175,85,54971,4838079626421326076,684.31
5573,301,22,45,48,29845,0,6,564273,189303,142,38275,7086549222367434320,298.86
5574,304,168,3,85,47326,0,15,324092,167440,16,53574,183767118338271189,423.85
5575,404,92,55,66,9592,112,21,6363008,212305,68,94758,5507743817838345837,613.66
5576,301,4,72,80,19504,0,0,6651979,245723,115,24975,3886114083081463018,122.16
5577,200,21,58,79,63199,0,17,4592544,214973,14,47611,1351375062759106764,400.57
5578,200,138,0,46,42640,0,15,2415432,155509,21,3452,4914589757888840854,534.68
5579,200,60,84,47,20062,0,8,3404160,135901,59,21021,8726218923832759391,275.15
5580,200,57,87,60,26902,0,28,4770558,229197,69,70892,3031468679645872207,766.42
5581,304,70,42,71,44906,60,15,7390197,145581,173,83408,5096964005745466423,608.33
5582,500,116,49,48,30943,0,16,3753836,194117,92,56905,1577968178723506840,639.42
5583,200,65,9,33,55643,0,1,7271056,219629,57,68042,3170274622554022168,965.38
5584,502,55,91,41,52885,0,25,5933349,159312,80,91515,4683254571563056439,806.2
5585,304,187,19,22,17885,0,27,4863822,152386,209,29452,3128830349451211381,950.07
5586,200,86,83,21,47588,0,9,6392435,25670,43,61446,3394426087212155707,203.68
5587,502,56,61,52,27561,0,10,471034,84947,104,66370,7007647062478950143,219.02
5588,500,92,34,52,7975,0,12,6633909,111678,226,17289,220534714896664392,610.75
5589,200,61,44,17,46268,0,8,7934077,118737,79,70276,6465182625428051175,74.01
5590,200,116,80,30,17061,0,4,5730451,1692,103,99682,7572057344950791404,257.35
5591,502,131,11,49,23108,77,11,2578307,85113,149,36330,1761650490758479921,881.3
5592,500,141,89,61,51611,56,18,5315287,72878,142,23694,5256697607589668891,763.8
5593,200,47,36,26,41122,0,27,7714868,127260,128,43174,6525170059926165078,612.1
5594,200,146,40,67,63919,0,11,7180978,130219,31,23138,1594140035424004343,738.68
5595,301,18,10,37,22806,0,7,420484,204180,240,9265,6468254120238375518,74.74
5596,200,17,95,85,56353,0,9,2674157,133862,214,94883,4012329117798368651,216.35
5597,200,113,95,74,29059,0,20,869681,169017,95,27438,6048186002438797513,533.72
5598,404,92,71,40,54784,0,0,5403077,64865,35,45642,2396644306113425617,622.68
5599,301,129,87,17,58797,0,28,215946,241489,25,56736,7965263560587890081,254.63
5600,500,36,22,18,41136,36,2,1402502,114913,19,71134,2744302933212717580,753.54
5601,500,95,33,64,24500,0,6,7494721,111360,190,71860,6994904909894692481,493.47
5602,500,3,56,74,12094,0,7,2308,60637,95,7270,6489206818100266904,730.49
5603,200,92,85,36,3986,0,23,1720639,190968,214,68031,852475617964118596,915.88
5604,404,37,31,59,1695,0,25,6210268,100838,75,13065,6397031893607950910,660.62
5605,200,48,6,91,12932,67,27,4559358,11278,84,37905,6493352318891408647,33.84
5606,200,122,45,77,57307,0,26,1702947,27153,11,16167,6159756133435723861,731.62
5607,502,30,26,55,38786,76,24,2171068,89623,62,56804,3539374135537115172,795.1
5608,304,23,94,31,33174,0,20,3772043,95445,94,74130,2726699644991552240,893.5
5609,200,33,11,27,44632,0,3,6181570,210201,139,97306,5078425666687236213,422.96
5610,301,28,68,72,4346,0,1,1658917,70028,225,95990,711909074695703831,485.51
5611,301,134,0,87,25275,0,6,2898413,178459,193,85737,8031414857785521513,997.18
5612,200,10,71,26,22712,0,21,4094639,85689,47,98661,4193573605694648412,403.98
5613,301,48,87,42,51311,0,1,2735395,69022,64,33877,6410936067030516600,808.36
5614,200,70,72,38,44082,0,1,5163827,235268,53,26438,7345538053102634451,913.77
5615,301,5,43,80,17339,0,18,558891,125304,3,9896,7354959762352091094,947.5
5616,200,57,90,63,59039,120,23,3685880,54377,131,85425,1774114735969803995,778.93
5617,304,68,71,38,46203,0,1,1283550,130413,183,32494,1399933349275930687,226.59
5618,200,140,63,77,33112,0,27,3647805,137629,233,38017,3757982540697065199,725.27
5619,200,184,1,46,36847,16,2,2778771,249374,102,19708,575305032838289497,596.66
5620,200,19,88,85,32755,75,4,3338771,198103,9,43547,6139352685847650970,709.89
5621,200,50,91,59,30087,0,24,2084631,126475,98,62643,4419041854400137681,187.08
5622,200,67,7,15,9167,0,4,1050651,75334,86,5797,425560664424215594,499.35
5623,200,52,7,25,6524,0,17,7109931,186224,58,3498,2329866952080819130,361.6
5624,502,0,19,89,26606,66,10,1496157,205963,115,37744,4661805203252052622,360.65
5625,200,32,86,64,1485,0,12,6079362,85432,210,75494,2219353374773178794,73.09
5626,502,158,9,92,41249,33,19,2966483,19493,108,22635,8906818561952846211,465.79
5627,301,96,85,77,17254,0,7,1021959,240799,33,48854,2442411848237783224,185.03
5628,200,91,74,35,3797,96,6,674180,214980,13,73309,5611226574512669502,230.24
5629,200,140,83,92,47569,0,2,1216920,146538,203,50752,8695662432272647025,376.13
5630,301,122,89,25,12961,0,4,6845432,148780,235,56482,4208961162133332686,780.43
5631,200,39,1,67,32046,42,18,2587110,88638,89,75130,2598959711927088696,922.64
5632,301,115,87,51,24817,0,27,5487566,83760,193,75078,3101578057803063135,575.9
5633,502,60,40,19,25147,0,16,1695937,137973,172,84414,6275991281644009006,511.7
5634,200,102,57,84,17346,0,12,6999042,47932,65,13423,830907753568625641,289.33
5635,200,127,4,65,10594,0,12,3672863,131908,204,49115,1777155186183539528,49.66
5636,502,38,31,29,59426,0,15,2148796,213623,185,97775,8304896698602165435,672.59
5637,200,192,46,55,39246,0,21,7772718,222857,212,31044,8752817768793159147,71.12
5638,301,71,44,54,10108,0,14,5058389,240058,68,27514,1750596602270919781,206.22
5639,404,38,79,18,45495,45,24,1472262,125632,60,1265,5969538389536669485,722.19
5640,200,104,27,39,38448,0,11,4289887,178443,117,97969,8277797727355154864,43.19
5641,502,61,15,33,43411,0,0,622956,152965,41,21683,6633379948693991870,422.36
5642,404,89,57,31,741,0,22,4371461,168732,171,45670,4649765665917125392,818.04
5643,200,28,57,20,59936,0,26,6395848,169634,57,33713,5562806804310873198,122.7
5644,200,28,81,65,37154,0,14,2526076,48325,31,91172,5554327957254511129,777.53
5645,304,100,38,46,57820,0,4,4079995,61011,14,56573,1968358181169838153,396.12
5646,200,152,45,53,47410,0,12,2469247,72371,89,84821,804000529396010032,648.3
5647,200,74,51,56,52719,89,11,1578610,180429,67,95225,8371160695145837894,138.82
5648,200,34,5,83,53241,0,12,3214866,190115,155,72902,6470551134318756090,154.56
5649,200,21,81,70,57654,0,14,5952594,129800,24,44493,6829656403953195851,144.41
5650,304,23,37,27,41338,0,25,4971489,206014,255,70967,1549961182244847099,222.05
5651,301,121,88,79,44056,71,1,7428352,74936,250,95364,910731876228251152,596.47
5652,200,51,76,64,51578,0,23,65860,119878,169,78542,2334152735455428347,493.97
5653,200,119,91,39,41494,71,5,3087921,201215,63,29109,4630842789873644807,63.28
5654,500,105,76,42,17086,0,19,6110238,126769,89,11990,4237286237079059799,569.2
5655,200,176,13,38,43673,0,1,4549944,89147,148,13106,973161284429885931,591.37
5656,200,65,48,81,53881,0,24,7542155,7558,36,15904,4900231150195637639,772.24
5657,304,164,79,48,53804,64,24,2138317,112855,161,91937,2752296574538463672,797.56
5658,500,115,67,52,15341,0,26,3616716,19763,8,52548,6501182574006133186,76.51
5659,301,122,67,37,52039,0,25,6248672,177663,168,60407,618920163748684238,907.78
5660,500,104,10,84,37442,0,24,6169941,98286,190,25971,3539219333700458530,550.42
5661,301,146,41,52,28311,0,20,750042,193743,189,74093,571020256601723048,739.13
5662,200,205,80,62,9439,0,7,4799533,151411,52,92240,2802341726179727399,50.22
5663,502,75,86,83,6831,0,22,1795593,123555,225,54159,5972820017691724389,401.59
5664,200,157,19,82,2067,18,17,1604204,149509,73,73258,954206023961921555,383.05
5665,200,36,7,50,11163,0,14,6520151,15624,32,16114,3458161514992330398,953.94
5666,200,94,69,67,37523,0,20,1252221,32219,10,48331,7885347809277069502,258.04
5667,200,192,53,63,16786,0,27,515326,120755,16,5400,4354214921161270016,982.77
5668,200,169,37,47,18874,0,5,397039,175368,171,99048,2280549676649116480,35.8
5669,200,115,55,57,43887,0,28,3861360,58677,61,23143,8066798608350045904,5.03
5670,200,4,2,24,309,0,13,2308428,187952,206,12147,3786570718161108700,709.15
5671,200,191,37,35,44610,0,10,3976909,217953,160,70161,5911250107864261892,946.68
5672,502,76,91,73,4144,45,27,6860592,91529,159,74158,8238304037975183136,62.82
5673,502,161,50,59,29947,0,16,191120,106625,211,29886,6856731129472666230,8.85
5674,200,174,73,66,6345,0,20,5359636,98102,189,7494,4797051121679190661,79.79
5675,200,65,85,23,47466,0,7,7426909,232638,125,60441,8371697258645945270,336.46
5676,200,15,50,36,53203,0,23,7713926,58206,199,10781,6464631120014278557,124.31
5677,502,44,88,46,38096,0,17,543299,231089,131,99750,2236260975625948507,791.24
5678,200,97,7,39,35103,0,1,4830366,78589,195,66985,148542893510342674,686.9
5679,200,107,16,82,63484,0,12,4543435,109478,24,31133,8215232612023941613,898.35
5680,200,143,23,71,63151,0,6,34581,76589,103,89974,49664895588725901,958.23
5681,404,77,90,76,40113,0,22,6826250,180391,251,5622,172392278854672208,124.82
5682,200,111,43,54,7443,0,5,7405757,140440,39,33673,998534449295231654,211.42
5683,200,61,3,42,59963,0,4,30991,1683,7,44809,978493837411263909,116.27
5684,404,49,47,50,45747,108,10,650962,186856,207,94905,8430639159011951932,681.61
5685,502,32,69,65,6411,0,19,450332,245670,159,80564,2265314535240684211,917.98
5686,404,63,29,47,52588,0,25,5689540,190889,247,56416,4850048027393302898,209.57
5687,200,130,31,67,12352,0,3,7176995,184783,91,7276,982531330055308976,640.29
5688,200,94,96,21,35531,0,5,7625861,110002,209,9240,806503612299540015,203.44
5689,502,129,90,40,13749,10,17,7570550,166609,56,77740,3675321600200751356,486.77
5690,404,121,76,67,50958,0,8,2609937,146922,91,56770,5880607013442251935,522.15
5691,404,56,0,76,38279,0,4,3636407,199746,189,3434,4310626915432480579,142.72
5692,200,65,23,15,30046,0,25,1960659,184361,173,12291,2652683540375666168,65.36
5693,200,102,38,70,47270,0,8,2814999,116351,149,25163,7137751682800331902,460.26
5694,200,63,70,90,4232,0,21,4733359,230985,168,5798,8254993294068886727,871.95
5695,200,39,77,72,42165,0,7,7034341,73838,223,51275,7525672427287306468,697.65
5696,200,107,76,83,19978,0,2,3491003,71729,59,76083,3445790373100181889,957.19
5697,200,13,60,33,43484,0,17,7158941,142240,127,25717,7078831345944643556,270.71
5698,304,158,45,50,58251,0,10,460971,145488,60,586,5566531975586134325,986.99
5699,200,4,1,38,50433,36,20,3243677,97909,213,68928,5378928105046032803,23.99
5700,301,17,37,49,42444,0,25,1664259,172006,74,43192,6144920896302141836,960.47
5701,500,114,73,92,21565,0,24,4919915,245054,197,3913,3128792170505368545,417.83
5702,304,79,36,24,49749,0,5,2823847,104980,195,97975,8874952039832937246,163.85
5703,500,70,46,85,31326,0,23,5424325,1050,55,1180,5057855763942483006,823.06
5704,404,50,51,84,439,0,10,5023381,134767,253,95705,8954973102163661746,335.62
5705,304,220,53,70,45840,0,17,7309940,160642,250,15097,2649587868556795776,90.09
5706,500,101,28,33,58545,0,5,3032604,186746,106,13580,2562228477119775685,114.64
5707,200,93,44,38,21072,0,4,7960414,120380,225,7942,2091315475956838839,330.29
5708,200,59,0,60,47886,0,15,1155724,131056,242,30328,5500951261995556092,320.0
5709,200,75,57,25,4273,0,17,1132641,237180,147,19561,1253902100760565984,722.98
5710,301,54,78,81,15404,0,14,6006290,179709,7,80476,1029485785764172982,810.09
5711,200,13,73,34,10485,0,24,6526375,152366,187,16077,3380703775351237072,466.5
5712,301,74,34,75,45162,0,24,2352293,23370,56,14114,7471651483537054712,211.33
5713,301,173,7,41,18599,0,8,3367826,244790,88,56454,1919121773877348156,780.71
5714,502,75,67,41,50592,0,0,883572,181180,6,88430,646181430440857763,825.62
5715,200,79,92,18,4548,0,5,7082295,152394,8,52671,5966646236329007393,426.24
5716,200,15,51,47,37203,0,23,6616455,214677,161,59452,5885319854240693588,409.92
5717,404,78,24,38,46313,0,12,2006915,179244,230,91745,7964969182959106664,930.32
5718,500,175,96,78,50354,0,10,3887453,194082,120,85687,2110752511439165957,286.19
5719,502,89,59,57,2276,0,19,6490388,220445,100,83954,1446312114247535152,572.24
5720,200,22,69,40,63337,0,15,4393424,216898,230,38038,2567268482737744806,340.4
5721,200,66,27,89,12882,0,3,3850125,140671,216,48060,8856239674766064326,130.98
5722,502,99,95,18,10561,0,16,2186166,184624,196,72949,2378262667304067556,49.43
5723,200,74,54,51,61901,24,27,7091139,130455,19,68695,1785377011031666749,707.68
5724,502,19,0,69,47194,113,13,1512313,66176,130,69280,3036827637409310457,721.99
5725,304,63,24,58,53359,0,2,6731008,95057,242,53691,6609232188342510465,425.22
5726,200,61,92,92,54440,0,5,345313,157444,220,85201,1143658981332382518,295.46
5727,200,90,83,80,50649,0,9,5904564,101506,12,84690,5268485507629925769,129.55
5728,502,1,39,16,57427,0,5,6438277,119311,175,6998,406662422181004185,218.12
5729,200,113,48,51,4463,0,13,6586233,228237,244,71339,1160084291622672248,441.69
5730,404,75,95,50,61443,0,27,1855142,25768,41,38023,4660475114442770615,258.1
5731,200,72,100,92,61604,88,23,4737685,146197,42,11643,2017470342385970476,110.25
5732,200,61,13,49,34615,0,13,1109442,19614,183,90050,8028260956085944,139.43
5733,500,80,90,47,36001,0,17,7350185,151386,38,31510,5372868131485969233,24.75
5734,500,128,91,72,61964,0,7,5709187,54850,192,65012,8857712315760439768,165.86
5735,404,48,91,50,63760,0,4,6329689,84507,76,97972,8703015205779668866,550.94
5736,304,93,85,66,52074,0,28,6968994,205664,254,12380,5314263054521235417,425.84
5737,500,60,90,55,57174,0,4,465288,160309,77,13630,4279846152215291867,4.88
5738,200,89,64,70,21034,31,23,6418818,43414,237,30502,2554568302883935617,427.33
5739,301,212,98,38,39551,27,11,2686571,101855,112,41325,6424716686158237839,998.39
5740,200,133,19,40,50529,0,17,3900281,182202,5,32749,8612754273782306928,69.91
5741,500,48,28,81,55721,0,5,7285960,11071,49,71760,7605313633988540591,760.29
5742,200,69,37,17,9623,0,15,7983344,114702,79,32699,3517223836480421467,449.82
5743,200,116,78,83,6525,0,0,7436813,100158,33,60418,6051171306490590118,234.38
5744,500,99,10,58,7741,0,5,279279,181803,134,80908,3942135641494741243,750.08
5745,200,50,8,65,12202,0,21,5223905,132260,197,21840,4380614057512365888,830.39
5746,200,162,84,57,13779,0,11,5545575,146854,105,33334,5228457601727003323,163.05
5747,200,51,58,52,8415,0,4,4963081,4586,150,49205,8868298594912612967,290.4
5748,200,55,88,85,9141,0,9,2638380,32534,162,45379,472343043439219620,672.88
5749,502,161,84,81,25504,0,13,4901512,71919,240,19113,3707592265070801131,498.82
5750,500,130,86,45,58141,0,20,4218349,209609,39,91609,1655021525042080335,594.26
5751,304,59,33,78,8105,0,23,1883216,85246,69,77660,4189355912038464364,841.15
5752,200,9,71,41,21115,0,6,1586169,177247,212,95008,5478989386579763578,564.58
5753,500,158,93,41,17895,0,14,6814214,137884,141,9073,2101343601284586093,293.1
5754,304,31,52,57,33980,0,10,4501324,167359,198,92031,61868220675624756,95.8
5755,304,45,84,52,60791,0,24,3257743,24305,96,10912,5751978492617936189,137.27
5756,200,70,60,43,49517,24,4,5159259,242801,239,29729,4084881834707238256,316.4
5757,304,1,24,34,38621,0,11,7378705,154173,212,38416,126888292726735600,162.7
5758,502,25,26,77,9767,24,20,256547,157663,227,43197,2545589259739467843,195.19
5759,200,168,28,67,27764,38,22,890257,79246,21,23806,6024721114682620594,772.43
5760,200,18,95,84,13507,0,16,2771290,233849,68,84584,2242832128604297075,472.76
5761,200,149,52,57,31230,0,3,6143576,237106,223,76878,6725506190444152031,821.26
5762,502,7,13,51,61742,0,4,3902585,241552,181,25496,5453191204227160913,273.11
5763,200,88,86,81,53493,47,13,312009,15869,86,50507,2945843910088033901,654.59
5764,404,154,56,36,22607,0,2,6312019,183395,105,97146,5423616582780612643,179.75
5765,200,65,60,22,58882,0,23,6704021,212280,99,14614,8197090829572053431,241.78
5766,200,102,23,42,57349,0,9,1367666,89099,195,97773,3937009822918860032,804.76
5767,200,183,2,85,5361,108,18,2775112,155246,5,72776,4338493293002046714,339.24
5768,200,174,50,56,61794,0,22,5150376,156567,213,67257,4122936282061658956,135.76
5769,200,200,76,47,21597,0,16,4122519,25409,9,29979,7732628903398056555,227.17
5770,404,51,78,56,4949,0,14,1934891,52958,158,62804,1647942021084963707,496.62
5771,200,35,60,88,11722,102,9,7462935,105878,8,99316,7119290597979931675,202.51
5772,500,107,26,65,26894,0,14,2299225,79710,52,58801,6172913952257375079,851.26
5773,301,21,25,41,13072,62,7,5689237,100000,161,59096,7682546962020421657,301.13
5774,200,54,19,90,36900,0,24,3738572,231030,42,15963,4706706617919794798,395.88
5775,200,84,31,80,2891,115,26,6571136,85772,60,98978,6455865388534773431,340.57
5776,200,80,2,41,29295,0,3,7346181,39093,155,66340,3999257779701575608,217.95
5777,500,119,20,90,10505,0,10,258102,106056,249,21187,4477499976513418965,295.61
5778,304,4,55,70,22633,0,7,5758044,44322,235,45196,97112711532519767,778.32
5779,502,87,29,70,31614,0,11,7568142,136282,205,8296,3205879672215807876,155.46
5780,200,95,2,68,2151,0,7,3183553,225962,138,79267,2332730900707061295,360.18
5781,304,45,15,60,10585,0,22,6142098,162158,169,16835,1945601381072284184,977.68
5782,304,70,46,20,50406,0,15,2000200,217351,7,44971,3480669734102427545,418.59
5783,404,85,49,49,8277,0,2,124244,236592,153,42470,2327531202741367907,611.8
5784,500,29,77,89,16288,0,14,3736153,13834,15,11010,6120563624534986861,511.99
5785,304,38,15,22,60591,0,6,1804670,33251,156,28492,1628765453771227620,91.45
5786,502,181,30,17,14859,0,16,6157934,128073,193,83334,89609939502121346,981.02
5787,304,105,76,37,6392,0,1,1286088,158331,140,84754,1267624086141886958,712.01
5788,200,110,83,64,43038,0,8,6922559,89324,136,77817,7058939801421464262,796.54
5789,200,162,23,36,56030,89,6,683551,21679,96,93330,288767995727019748,338.2
5790,301,36,25,16,55941,0,2,5565884,81071,215,90639,4032675361592263213,937.25
5791,200,156,69,56,32977,0,3,4817432,223452,96,61347,4194478676227426556,761.21
5792,502,84,1,43,11302,0,0,7587971,70250,165,52288,6618996566977385733,236.12
5793,301,1,27,34,30384,0,28,1747864,179849,168,61424,4593378042416913398,874.97
5794,301,31,32,68,17369,111,23,4151535,36363,35,46411,2637283303765088051,608.51
5795,301,31,18,57,49557,0,7,5558496,155282,186,1937,809937332504267761,281.4
5796,200,122,20,48,52622,0,28,1268748,223915,161,21346,1248480600058648365,927.01
5797,502,89,41,25,8869,0,27,866037,95570,32,1286,1044819873716750257,711.69
5798,301,110,85,16,56085,0,23,7616098,121233,40,90604,8488575069267672314,553.39
5799,301,146,4,33,17423,0,26,7288722,1454,117,54993,4425196619638352077,347.76
5800,301,102,100,65,54253,0,16,4518217,187826,205,44841,2581958260451963647,981.66
5801,404,111,26,44,13945,0,9,4573877,178161,15,10724,8599470260831122606,239.71
5802,200,70,100,53,32018,0,10,6669648,42269,99,33206,4679398412779529569,292.48
5803,502,111,92,74,55612,0,20,4321513,203215,96,29401,721186849273193409,856.8
5804,304,71,31,80,16873,0,20,864664,79532,211,99421,1493656535374727525,872.55
5805,200,13,48,46,40017,0,25,5846862,87503,101,72956,2725709574955033811,171.47
5806,200,83,78,53,50887,0,13,5655963,79912,23,90453,5212727471499489768,880.29
5807,500,110,20,84,2340,0,18,4420698,8304,179,67830,6893962004112086856,307.34
5808,304,51,71,51,62726,0,13,2731093,41691,188,81130,8957118244778263482,35.54
5809,200,57,53,75,56408,0,11,7054385,131331,55,20015,5640724298476165525,661.9
5810,200,131,95,44,56579,0,22,3233584,6464,206,62616,2545436588349368605,664.7
5811,404,149,92,57,47474,0,1,2593525,185639,211,46803,7780183324929941775,762.44
5812,200,108,31,54,43687,0,13,7197133,132680,136,8835,2762753682208642910,271.58
5813,502,153,98,70,35567,0,8,1518302,201306,188,88654,472777167803419867,869.4
5814,502,37,98,72,4531,0,15,4406263,198318,221,16516,469093920435237924,31.71
5815,404,62,6,28,43424,0,8,3181225,120436,250,81025,2220518364392259248,148.55
5816,200,70,60,81,28305,0,28,958367,138427,66,18009,2654074063585586746,907.89
5817,200,122,7,76,518,0,16,4988900,7499,99,29976,6536435528141982960,743.87
5818,200,50,94,87,37575,0,25,826292,69553,224,97685,7975811864590603560,860.28
5819,200,110,16,57,27350,0,20,407610,55414,142,36179,4042728541902087078,475.71
5820,304,2,87,48,27554,0,15,981487,201618,103,56024,3342706419392975220,313.53
5821,301,125,92,36,18255,0,4,7229897,86125,88,67569,8590664197264514952,776.5
5822,200,113,59,15,58123,0,16,1729015,92535,42,30150,2895667707607154332,32.21
5823,200,17,58,56,14271,0,21,3230473,61311,201,93048,64898518455346485,901.92
5824,502,42,77,87,23186,0,4,1680675,194136,33,32564,8571045379684608881,860.13
5825,502,64,45,50,20742,0,3,5372748,30122,141,16702,424599273694861527,781.19
5826,200,73,73,15,58508,0,20,7268276,146631,189,18140,2177384443552525670,340.83
5827,200,49,95,55,52997,0,14,3767675,185076,191,70771,5547046807112441516,288.93
5828,200,123,100,25,44791,36,0,2486766,83544,56,32214,7257463998508213676,627.04
5829,301,45,40,71,62377,107,26,4774737,214201,180,75145,4605285306898550895,523.48
5830,200,61,13,60,36656,95,3,7451835,229121,163,61537,6172576727259016514,54.24
5831,200,65,28,73,14454,0,4,3654138,118732,72,92758,1316974277937597277,302.51
5832,200,1,0,45,56416,29,1,4089615,62469,203,65798,2952517070929037413,682.51
5833,200,167,55,16,35452,0,24,1669790,134749,146,15499,4015647822683355324,152.29
5834,200,131,81,50,2715,0,19,3096572,160468,191,62089,8428908150209554431,5.13
5835,200,135,93,75,38416,0,11,3232257,240642,149,12845,3828563397534736178,151.18
5836,502,51,14,32,8171,0,20,4967468,165860,3,51726,7819833930330468481,429.02
5837,200,15,19,76,36029,0,23,1666531,46266,197,94281,1054524093471045929,596.27
5838,500,49,78,56,10304,6,13,6103106,220401,20,92028,319286911425174026,4.5
5839,200,106,21,57,61000,0,19,1081435,85349,38,60759,5344502450623840405,616.28
5840,200,64,74,92,30129,0,11,1929465,7650,137,50315,4191486692172854668,287.19
5841,301,59,23,33,31406,0,7,3507117,65018,2,38684,7470771882338114008,225.07
5842,301,117,7,73,46352,0,7,6106449,172569,52,98646,8001067504818228791,734.68
5843,301,29,96,70,19444,0,3,2482971,113384,81,43501,6452676385575368760,968.72
5844,502,34,99,35,34007,106,5,494942,46680,36,3477,5099132755428481559,345.85
5845,301,84,73,51,60875,0,16,2089568,199889,226,68135,2344828362265478992,970.32
5846,200,103,22,77,24184,0,10,7112169,105961,200,66519,1809719958458394732,521.36
5847,404,7,11,64,21982,0,10,7407686,222378,13,67062,8739250147591860954,445.1
5848,404,130,15,52,7581,102,12,2934571,136283,155,90723,4075045597583662161,948.81
5849,200,128,56,27,50647,23,18,3408861,188149,253,59509,8940140061375005371,95.51
5850,502,131,49,65,7685,0,3,7054725,141560,124,24494,2405586212805478439,112.48
5851,200,89,52,36,40978,0,0,2001450,145924,79,41348,3002563616968900566,177.3
5852,502,119,69,41,20717,0,18,5654492,164004,54,9146,245534910285355928,882.34
5853,200,78,22,64,55073,1,10,6173895,210783,30,78336,8774527469673357566,325.84
5854,502,133,53,21,5800,0,17,3368824,165060,68,46862,3824842737662979128,25.6
5855,200,18,57,50,46485,0,19,989376,242298,58,93969,4324001768523078574,110.49
5856,200,16,9,57,38710,0,10,4324696,172653,137,6873,5500684181966118145,792.26
5857,502,155,41,86,16383,0,7,7785723,65008,16,57373,840859349960033757,218.79
5858,200,85,82,17,17068,0,22,6483997,249986,157,29999,4425928839420172547,750.19
5859,200,78,40,21,58478,26,27,6559184,125472,220,57070,3029942687343348467,218.25
5860,200,123,63,16,59519,0,1,5746622,55373,97,65504,1062978781203193201,707.58
5861,500,134,81,30,24096,0,2,2825396,236787,35,78146,7389539068910783830,902.17
5862,304,108,0,66,445,0,28,343473,22055,225,75444,7452567184692051710,270.03
5863,301,12,10,31,2953,0,28,6744822,59253,216,33324,7350551017760308628,753.68
5864,200,64,9,91,5673,0,0,4447859,154671,139,49399,7280383526007611734,175.31
5865,301,78,68,65,56981,0,18,1158672,75510,38,46733,3131869488383933373,685.77
5866,502,94,48,68,41601,0,27,3562594,237193,117,44845,1535751647583637686,284.25
5867,200,73,2,28,17935,0,17,5600163,58991,35,48631,5719673922322265911,261.38
5868,304,82,25,40,56240,0,20,7467625,148364,159,17057,2547188303733253657,342.22
5869,502,88,70,46,54467,0,4,4499292,120778,100,2757,5458326925110282307,724.41
5870,502,129,35,72,24797,0,28,6942544,60642,121,29320,1961344431787105340,4.36
5871,200,102,83,51,57682,0,16,6001103,38873,17,80759,8406601091596448169,681.53
5872,500,54,87,60,34987,0,7,5983025,197977,138,87734,3718217579315155139,279.14
5873,500,157,18,66,2583,0,6,5193306,32103,188,42921,2164206880336937722,542.4
5874,304,9,26,67,5578,0,4,5229910,87772,127,35219,8267479142484765124,147.76
5875,200,116,38,51,55693,0,20,3944012,181981,20,38348,6208763525672608682,883.4
5876,500,99,89,32,35727,0,19,1597687,76791,248,96714,339317402814406685,498.33
5877,301,17,12,21,29263,0,12,1506524,228738,127,92650,2472133036256579361,990.44
5878,200,19,27,74,34398,0,23,3189384,108332,31,78958,3627492906109102150,888.75
5879,200,125,62,87,17533,0,21,1964745,49268,157,59203,7700584715038242520,529.52
5880,200,80,29,75,5226,0,8,6781841,93344,111,21469,1611405989548625202,140.17
5881,404,32,9,23,54099,0,13,6554745,210688,5,98322,8055405182478307995,519.44
5882,304,29,54,56,44863,0,9,242316,51698,37,41805,5863641601986886266,777.79
5883,200,141,99,67,43867,0,5,7839589,6699,152,24336,3384090691672416885,500.75
5884,502,208,28,31,22871,0,18,1427626,63613,92,34576,2661827741951128818,699.48
5885,301,29,67,85,46513,17,27,7468346,220125,29,69794,5177767443879744359,251.3
5886,304,24,71,77,48790,0,23,3116389,62329,203,71838,3761688394824580969,897.77
5887,502,10,37,69,33134,0,14,6086128,143024,250,6438,1699450566046811388,40.79
5888,404,161,62,27,12228,0,16,1039825,106447,87,21160,3758042253998168519,306.19
5889,502,169,95,85,3786,0,11,5874141,91789,181,18013,4929457184505951472,989.98
5890,301,81,39,16,55390,0,3,7566475,191312,230,28699,2453139738384131697,936.16
5891,304,62,72,89,37231,0,16,2020560,10440,143,43408,1868424191530352375,835.94
5892,500,3,59,60,13087,0,27,455947,198613,193,76184,2298155643309905836,779.45
5893,502,21,71,44,10415,0,8,457598,232266,188,18266,7303683488183127266,771.74
5894,200,61,57,87,25462,0,19,4407302,134815,102,70250,6676554358882518551,178.84
5895,200,63,13,85,3767,0,7,2324057,192757,159,59969,5113643322484100021,858.51
5896,200,100,33,32,57988,0,21,3298323,124615,51,19673,4511991953594478529,602.15
5897,500,154,17,71,36109,0,14,1509145,84043,130,82437,6492666706286617179,726.65
5898,404,89,94,24,32269,0,9,6880497,156300,132,93708,7359969619330596913,875.09
5899,200,148,77,37,18211,0,10,3893580,82488,63,2137,3190990335448132919,948.8
5900,500,156,6,65,21626,0,19,554979,164319,50,86623,5543399011675957762,933.91
5901,502,121,31,18,2077,0,14,688891,162818,129,22652,6542529467904408119,152.93
5902,200,52,17,42,20399,0,21,1453917,176055,144,21458,7958495756000400700,557.02
5903,304,52,18,45,42692,0,12,4554284,18015,86,37506,6773707303535777795,663.81
5904,502,8,62,63,28126,0,12,2975290,67452,4,10776,2388026309948517935,590.66
5905,200,125,43,61,39680,0,2,6448299,235315,60,7894,6783150231037891599,256.96
5906,304,30,78,87,49810,0,12,6918313,186956,252,23799,8347029137816135181,301.67
5907,200,178,26,77,52107,0,1,4918970,80214,159,84099,4629633893201955022,829.54
5908,200,72,91,88,48022,0,6,776295,179706,55,53014,1279590888152500059,161.09
5909,200,22,14,35,6948,73,17,3162390,13948,178,10363,1502992388491838888,986.79
5910,200,98,78,33,50915,58,1,7389512,161354,184,92434,2575976998934485890,998.41
5911,200,86,100,54,3699,42,10,1353096,244113,56,76346,1623304653536435028,953.09
5912,200,56,0,35,51416,0,1,579241,161793,240,49510,51588764443544655,479.15
5913,200,138,35,36,361,0,26,6639640,59600,68,21697,2295697024638294411,37.72
5914,301,54,45,92,17576,0,0,7316614,4410,156,78492,1971043085981512956,659.07
5915,301,38,75,87,48542,0,24,2484198,248573,227,80882,4275516350073782341,859.72
5916,502,115,77,59,19118,0,12,6304190,15015,140,36619,7273933452895881522,453.53
5917,500,30,4,72,25160,0,14,2369076,187568,104,21428,424735304574678547,468.5
5918,200,9,64,35,56730,47,6,915254,171957,127,19604,3322700752057483724,385.26
5919,200,9,95,45,56461,0,17,5525341,227290,198,64270,1490983413661346655,642.21
5920,200,101,33,19,7701,66,20,6183908,24574,11,64106,906149805490794406,640.07
5921,200,78,11,72,39380,0,11,6007904,238078,47,56175,7311580566798984227,736.21
5922,200,16,52,42,32482,0,5,283209,138371,30,14146,5884945418869957966,655.21
5923,200,91,37,32,8263,0,10,6089216,168698,209,79968,1856402597855578100,772.56
5924,301,17,13,43,41316,0,23,7534173,16447,102,43780,5140736837637991401,587.84
5925,304,20,41,92,18203,52,28,5165147,44575,142,23514,5554496213149783805,746.52
5926,502,59,1,46,49152,0,15,3617138,28879,14,69674,4977669068979386563,792.06
5927,200,13,99,81,46015,0,12,4998185,173629,146,84905,1535321143151493143,717.3
5928,404,139,41,51,46278,0,4,6189362,29494,22,55316,7216562951425857760,894.72
5929,200,36,22,54,49661,0,0,5890381,4361,1,53209,151978701711975148,730.27
5930,404,85,39,49,27611,0,23,3016976,153382,250,27251,6074857823657087889,921.97
5931,404,71,45,68,43685,0,10,7444447,227762,129,87229,4202239387849956941,924.87
5932,304,68,62,90,39803,0,24,4950089,191845,199,51218,5066338760263192023,490.59
5933,404,176,55,72,886,0,19,7898007,67982,138,98483,4081232792417053072,566.71
5934,200,32,68,34,24220,0,17,4115837,8009,225,53839,2296020892167790770,354.35
5935,200,52,20,33,47394,0,7,1930500,295,91,37550,1168105838334211867,207.19
5936,502,115,47,49,14526,0,24,6232815,71516,209,88166,5689890094094250582,834.75
5937,200,148,100,66,56518,0,9,3284304,117827,169,61503,5657062720431945991,535.17
5938,500,153,50,19,28176,16,6,7543093,140481,228,9058,3880862786251556758,983.01
5939,200,5,53,30,38895,0,23,2952250,15063,9,27022,5449554362417158778,284.82
5940,301,113,8,34,30143,0,17,142601,57106,165,14050,4899438211055729243,616.09
5941,200,139,87,43,50912,0,17,3035961,83379,25,581,2408546904293601121,696.16
5942,200,36,18,26,23790,0,22,2488249,179352,21,16918,1686231497836704862,162.42
5943,200,116,62,61,23259,0,6,7202956,185316,23,85919,7728135515425066957,515.24
5944,404,35,76,77,46205,0,12,5912932,192463,219,37964,4372280119288034437,435.49
5945,304,9,10,90,40901,0,28,6840810,32657,108,55307,5266912687780575885,589.28
5946,200,25,78,56,4613,0,27,5161784,145629,40,89456,526558938970349536,882.15
5947,500,54,44,49,38908,0,19,5805989,95843,91,97433,6025981260060354547,508.32
5948,500,55,38,84,49986,0,3,2672928,9454,30,81041,1691592647839968350,869.23
5949,200,102,2,52,58823,96,8,2990765,108448,185,99087,4259061913732535155,703.55
5950,200,136,46,85,21264,0,13,7273736,171135,208,8070,8476231501249390611,40.86
5951,200,74,95,87,30651,0,28,6858809,30890,26,77756,7338119688952452466,853.3
5952,502,134,93,67,29092,0,21,6021914,108973,150,85832,4167754018793058326,64.02
5953,200,147,16,86,8776,17,27,4942452,234623,238,15350,1035405375501641505,229.03
5954,304,33,64,22,45547,0,23,7441219,1103,153,51640,2308181663835310515,408.24
5955,404,120,14,83,51601,0,14,4334217,14391,204,26441,6975341609568165326,751.78
5956,301,42,87,32,31667,0,12,7813860,135552,229,42715,4127632793675534504,217.75
5957,301,146,51,59,34295,0,2,1552603,67285,7,60968,6127440377047803668,829.27
5958,404,92,13,57,3544,85,3,4605238,204159,187,76914,6490015705828258944,882.21
5959,502,67,53,57,54846,0,26,3041128,155367,221,69481,244208886987118014,367.95
5960,200,2,28,23,17583,0,7,5309447,11408,93,19568,5290563676229878356,755.87
5961,301,59,46,79,15981,0,0,1298892,154740,223,97818,7212317177456328013,915.51
5962,500,51,69,31,33494,0,12,1810908,23204,24,18876,1524112827563631430,271.03
5963,200,56,28,47,27914,76,1,1612729,98408,109,66658,5000843050942685438,105.11
5964,304,9,1,22,57127,68,18,1196483,173602,62,67736,2530976555503238477,223.31
5965,200,23,2,42,7359,46,8,5981711,206630,197,37672,7520442734907509127,198.65
5966,500,55,56,28,16923,0,26,3376766,99942,224,42499,8902266533800229568,791.86
5967,200,41,15,16,50203,0,25,7555030,112569,191,15005,5272616400899122533,501.12
5968,200,131,35,49,27604,0,20,858291,25347,43,87399,5175554566977080988,922.65
5969,200,30,60,59,37760,0,24,2816640,25590,85,21920,5508597926286772524,164.04
5970,200,147,31,91,4087,0,18,7000656,220947,52,74175,2536024262735620015,260.6
5971,502,189,90,65,63111,0,13,5944359,70447,126,69635,7921524026741598617,52.73
5972,200,36,67,87,42057,0,5,7419086,184438,75,32339,4068741582744336803,847.46
5973,301,38,57,80,42695,0,8,254328,111862,233,20850,3013890631161680424,200.77
5974,502,71,0,86,47367,0,17,2660099,221286,104,10484,5114029872143214842,527.28
5975,304,11,92,49,20956,0,2,7119501,29888,38,40791,6089901268518410607,939.45
5976,404,4,39,50,6590,0,20,6518036,224608,198,36888,3218654881675860204,177.22
5977,301,135,59,42,50312,0,7,7639027,34502,215,22682,2456878434130651744,244.92
5978,200,87,68,40,17445,0,8,494013,130598,228,29850,5047244407049777215,16.62
5979,200,78,77,22,49574,0,8,3794423,45059,72,11859,4198008297146538530,607.23
5980,404,199,83,85,38859,0,1,4775376,21053,162,82577,3699739250121191512,333.42
5981,502,109,45,43,17927,0,18,2304938,209687,218,57078,4515362413326465312,118.39
5982,200,42,69,31,13544,17,4,5563128,209496,24,80514,7987123307309869355,379.51
5983,301,49,12,49,20667,15,11,4946523,66228,4,24571,2774399030561877907,836.52
5984,304,64,91,30,27795,0,13,4056445,158622,211,44903,2948899180154877685,71.31
5985,304,25,84,47,31695,42,1,3901983,231012,37,1492,5492610941884780117,445.02
5986,200,47,4,72,1950,0,24,641887,208588,173,42386,4067201520405134073,604.41
5987,500,58,21,41,36229,0,3,1013376,33523,87,95308,181599294861042663,885.64
5988,502,65,74,44,3978,0,3,4797639,75626,173,60047,258066312613345159,976.26
5989,404,85,89,91,4446,0,10,3663113,70678,79,48112,4970317819751547483,345.45
5990,200,32,51,33,56979,0,21,3568093,57372,225,13793,8655491372773567965,886.87
5991,200,94,13,49,51911,0,25,1280981,157236,8,29888,3169771751272754650,809.87
5992,200,118,30,54,21997,48,9,4608247,64354,58,99904,1612274735960018247,111.17
5993,200,167,11,51,15530,0,1,6205719,52885,8,59835,7081729352026802783,856.79
5994,304,8,69,73,48929,0,6,345552,127513,135,69682,5342972942952870420,732.26
5995,200,8,93,63,32122,7,18,3257146,178740,211,26651,8415406270894359821,942.1
5996,502,24,61,77,58775,0,22,2785159,37063,90,36557,3867689495214038224,516.72
5997,301,73,26,56,60016,0,0,7646241,54481,44,79939,4866883933414576214,501.33
5998,200,156,9,92,46207,0,13,7071268,2321,192,6491,8120887369432246916,330.54
5999,200,228,7,89,44447,1,11,739524,52540,75,52379,1753937099378288439,899.94
6000,200,66,47,25,17147,0,13,5842500,131841,86,54931,5558564447485740948,483.77
6001,404,36,26,61,61673,0,24,780068,176075,151,67516,5241253058607128649,659.87
6002,200,94,27,70,56587,109,7,5483241,93978,163,93488,918862592153813477,443.35
6003,502,63,49,25,6901,0,14,7869767,36584,66,9840,1586209649621151864,386.33
6004,200,79,35,23,13401,0,17,187323,140426,181,51493,4431316604308256050,233.31
6005,200,133,8,37,1316,0,20,1953805,33305,252,36080,1851147476799049457,18.91
6006,500,204,3,41,31648,0,2,3077450,54316,98,27411,1915155464382593866,286.18
6007,200,165,25,47,34851,89,25,7369853,205965,37,28598,8442416331760006666,423.42
6008,200,48,16,71,34145,0,0,6640672,32993,25,72291,2555130413304889131,113.83
6009,502,157,18,20,10646,0,14,3254447,59248,89,10596,5543473493761396623,576.54
6010,200,63,46,82,7503,0,27,406260,231564,196,59037,5032957555983474389,606.0
6011,304,89,43,82,37656,0,21,823096,205019,24,29025,8518345295080538767,68.45
6012,301,104,56,49,26330,0,16,109126,212162,236,19958,2379931167201036358,779.85
6013,200,33,16,49,28636,2,27,67522,51328,24,34043,3550572871151389287,666.09
6014,304,8,70,52,2189,67,14,6268441,65216,27,96318,4373184643309405487,978.49
6015,200,73,50,80,24942,0,8,3308741,59997,161,51180,6039267321618890662,267.46
6016,500,78,52,25,54166,0,26,6866767,154956,242,18081,1148824665168701242,892.5
6017,500,1,29,54,57192,0,24,3508242,218804,242,97614,227915445790902793,435.89
6018,502,105,19,58,8058,0,22,2560271,244826,56,44673,680676515357278261,818.29
6019,200,118,83,70,18801,0,24,3202209,174216,251,85287,3355022321752124290,765.74
6020,200,76,12,52,42950,0,15,6232575,234785,75,73866,2084417675770029037,675.04
6021,404,223,46,34,9692,0,12,3284519,30785,245,49056,6105680336741005116,933.42
6022,200,23,73,45,25758,0,17,1618706,70171,151,85770,2731270461211360737,243.08
6023,200,56,75,17,21826,62,9,3821558,101233,156,62645,600692313849813232,829.0
6024,200,68,46,43,2241,0,7,1836337,29410,26,33909,2142407481898844664,164.44
6025,502,7,26,90,4394,0,2,5539920,244160,41,79922,5043307018551279492,449.23
6026,304,70,85,71,29061,58,14,662728,244998,255,18950,8146531588875318103,925.79
6027,500,114,66,32,53844,0,10,5094561,173663,46,33810,8408279045214927914,697.13
6028,301,167,73,40,60959,0,22,3955493,203988,205,38452,2190056266196709770,400.98
6029,500,112,2,53,25530,0,9,6793606,94604,134,6866,1858619680907832995,903.6
6030,301,136,84,88,25476,0,24,1036610,130233,56,33200,89336671056290667,965.87
6031,502,55,10,31,849,0,20,6752615,16071,221,20397,5766235624471681186,136.34
6032,200,22,25,91,58796,0,3,382421,118096,195,57964,8373331146650934835,632.73
6033,502,216,13,69,52032,0,27,1349908,219200,81,7995,1830977744987031112,157.21
6034,404,117,83,21,2288,0,22,4595110,205007,223,13232,789773569123365728,708.04
6035,200,57,98,69,49038,0,26,367102,130709,19,17541,4443993886781010458,221.26
6036,500,116,7,53,9926,0,2,318197,98729,8,61631,5748121841324654838,372.57
6037,404,108,95,61,30086,0,9,2446043,210203,91,7236,680929965056477413,933.58
6038,200,87,55,39,11042,0,20,5271567,240907,227,56933,3781916142820709093,500.79
6039,502,83,49,66,16464,0,13,4623003,64506,108,13285,2868569092697764115,338.99
6040,500,15,20,71,59627,0,15,7567923,186775,35,40949,6656041307294691187,286.81
6041,200,92,6,33,7471,0,20,3099571,138888,209,52519,2311042230895562275,624.34
6042,304,66,80,70,33841,0,0,5172099,197693,170,99718,8168193760479514626,367.42
6043,200,53,60,85,37745,0,4,989758,97634,64,95128,2878500746792518633,200.99
6044,200,116,90,46,33905,0,14,7386218,218998,45,86817,4962698772908146487,880.96
6045,304,102,34,54,9208,0,19,7771618,777,162,44299,5294422254608703735,619.2
6046,200,76,24,55,28174,0,0,5912698,110323,123,55371,335935945243937477,995.5
6047,200,50,24,73,17893,55,10,3918453,9779,79,3096,3202965249449161064,588.86
6048,200,88,96,20,29538,0,22,1148770,11861,137,58410,807081085502966426,329.1
6049,304,102,87,36,22151,0,16,7543498,146316,41,23040,6410737318237339943,157.73
6050,200,147,4,25,37346,0,5,1788372,116941,155,32487,7067413490257814941,418.99
6051,404,43,20,51,49479,0,24,1630726,222434,160,15203,2813376602910415322,922.07
6052,200,34,9,70,28965,111,22,1769889,24964,166,67608,1381166746478734651,588.0
6053,200,13,17,22,54614,0,9,3375143,216475,203,85493,8176522597984008161,877.5
6054,200,55,24,63,39047,111,27,2554287,116140,75,68054,8929831208410513175,670.8
6055,502,96,34,70,33934,0,2,6768180,20997,20,98260,6265788314125249486,749.09
6056,200,65,65,80,45235,0,10,3479377,2963,82,36685,611547483987087688,539.55
6057,502,46,28,69,27870,0,13,6801025,105335,174,21010,8079418870303907433,51.74
6058,301,110,64,32,47253,0,24,4122873,93802,136,95998,2276001368327089661,186.34
6059,200,19,69,77,10389,0,23,6324014,8929,204,24983,8905942072180819882,249.93
6060,200,78,87,35,10680,0,26,7526309,28411,30,32109,4794204763265374645,900.33
6061,200,248,91,81,46779,0,2,3402170,230871,217,9230,3073521047766149191,772.14
6062,301,56,6,48,4384,0,24,4290917,165021,131,93688,3502582165709503817,631.21
6063,502,1,36,87,32855,105,11,7857348,220321,117,81422,4244628595370536165,191.87
6064,200,43,4,17,34962,0,24,5921287,23885,6,27290,6912036176181041278,68.55
6065,200,85,54,40,56048,0,7,3871433,23565,65,26892,8301509766831617703,789.54
6066,304,144,85,25,13433,0,7,7293038,52560,207,80332,256143605164650297,284.37
6067,200,244,37,61,55602,0,13,833333,187492,79,50413,6307978332834358110,512.9
6068,404,94,62,70,54490,0,28,4349048,230885,2,96845,7816458267373273710,687.25
6069,200,194,96,25,4764,0,9,7343920,127296,64,9096,2534034266900390256,651.84
6070,200,129,45,68,39039,0,5,2871648,136119,57,63605,8721713794724556337,847.86
6071,200,68,7,88,36320,0,3,5636180,178348,164,44297,2791646387183084620,631.66
6072,502,1,52,54,54085,0,26,6089043,93177,101,30885,5171446589408865502,880.07
6073,200,29,71,76,31611,0,19,4567158,203420,232,32145,8352138255432450205,79.95
6074,200,1,30,43,63481,0,7,2625136,98103,20,19122,6647462748939319719,658.16
6075,200,3,29,20,14023,0,20,6856449,41414,183,31578,294260693692844186,233.1
6076,404,205,90,65,54649,0,2,7459424,210017,90,88791,377756985067349419,270.25
6077,301,31,99,55,14859,0,17,789163,248265,206,12357,3138903053239142638,105.23
6078,304,14,51,71,16197,0,19,761300,52967,199,99335,2519966792032571296,38.82
6079,404,172,40,80,27232,0,15,2418212,46400,211,85873,5576133188117682736,890.73
6080,502,54,39,68,52761,0,6,4663987,191131,23,62315,4080588692092792746,483.83
6081,200,26,49,29,24527,0,6,2418966,175604,72,10702,6606157864107186953,11.19
6082,200,7,22,61,56404,0,23,640580,187119,244,85039,2666030709338077653,146.81
6083,500,107,64,73,7583,0,6,5226833,242341,78,16590,1655565314593032866,895.98
6084,301,125,47,89,35540,0,7,6172840,58789,135,74798,6415089728419622749,56.27
6085,304,74,26,33,46566,0,2,6812698,212563,12,5508,2723036522567788839,621.45
6086,500,127,92,74,5036,0,24,1532878,70043,11,16857,8390839355834175944,678.74
6087,200,25,54,64,56896,96,13,7797540,124325,190,64973,2051352954949351819,151.45
6088,200,123,77,20,38084,93,2,7811599,196197,132,16839,7658236349137496622,730.97
6089,200,97,32,41,7242,0,19,5101852,13615,114,72746,8218806642084977363,263.75
6090,304,163,87,38,7762,0,11,336376,83977,61,38487,4775920136265884213,720.08
6091,200,89,51,47,14307,0,17,7829416,203292,71,90610,6611595122065944970,690.4
6092,200,27,98,47,51229,0,16,7879455,102631,181,52238,7702135120882052107,333.46
6093,200,102,33,65,38373,0,14,3381044,246376,247,86967,189756217549322629,360.56
6094,200,101,28,42,60612,75,18,7141812,74360,232,26934,7899104757584318083,532.62
6095,404,33,19,28,61891,0,3,7680290,84912,24,8966,8221192190850098723,257.99
6096,404,103,5,79,43824,0,9,803873,218041,83,44252,3130556448719092980,909.12
6097,200,62,7,32,16765,0,8,5844974,28040,236,7184,2083273501273624025,324.21
6098,200,78,71,49,47460,0,2,964535,52556,18,27335,3072595373129726578,455.09
6099,502,34,75,34,46246,0,0,4298032,185899,111,85723,3350048986473411049,193.16
6100,200,71,45,65,18386,0,14,6989208,138580,13,59398,7498607692459194838,871.84
6101,404,160,34,59,14882,0,5,3015572,86233,111,36242,6964360168731502928,893.75
6102,200,108,63,88,48184,54,14,3667905,231897,114,33319,3807918109544942377,901.45
6103,404,85,74,72,20701,0,18,6108049,40039,238,19283,4662043893709102678,427.0
6104,200,10,90,34,56159,41,2,6772146,66745,64,18229,2472178733667476106,333.19
6105,404,178,90,19,55454,0,7,253727,10360,246,9312,3223088316327914487,549.68
6106,500,18,61,57,36706,35,5,2588896,227989,200,34094,1652392664331229191,877.34
6107,200,43,49,43,57014,0,14,7348480,131388,198,9529,6783702021797545347,605.89
6108,200,104,44,61,62334,0,15,6397321,80358,208,36077,1440786829264429333,320.7
6109,304,80,10,84,58440,0,10,6375895,160882,202,13729,3879275678063527991,939.2
6110,200,46,78,30,15016,0,3,5674964,200322,8,50473,4907483188128084015,170.6
6111,502,65,63,23,62725,0,0,5617479,249827,243,34901,8554199819617931633,837.57
6112,200,68,51,39,28226,56,7,5238302,128163,97,82261,6636286028515996525,908.73
6113,502,81,52,73,22118,0,24,5284080,125669,182,41718,7721804045918116140,222.24
6114,502,11,98,81,52154,0,12,7357932,52421,157,25098,7285901839339275060,684.38
6115,502,95,54,18,52411,0,4,3983530,247182,156,95550,3094246157466867351,239.59
6116,200,151,15,83,23711,0,4,986453,220300,121,56441,6819473709417060563,583.44
6117,200,65,1,89,34889,0,8,4452231,119836,109,2286,4122331172758053822,336.97
6118,200,86,79,70,26779,0,26,6674671,186317,186,97800,1348295791119136573,861.29
6119,200,118,34,82,60163,0,23,560528,203665,231,58161,3456585529206308457,564.7
6120,404,79,2,60,36031,0,6,3869756,180166,13,73594,223075776019661627,283.27
6121,304,32,99,69,33167,0,18,1548332,58994,246,4348,4406787356706056738,842.96
6122,304,112,8,92,19600,0,18,2692692,226776,104,18086,3299328146985700836,485.59
6123,200,140,50,85,6042,0,11,81572,207713,244,19185,2817369256927155329,642.75
6124,404,1,19,40,32592,0,24,7085251,215429,221,50235,8253434959186239400,859.75
6125,200,62,62,21,15323,0,2,424816,5998,18,14728,4687055840756228623,15.08
6126,200,43,92,30,7949,0,6,2767667,126014,180,30354,6814168792776089152,703.92
6127,301,188,77,49,7416,0,25,3571047,53885,97,35945,2219916832851276000,876.15
6128,200,91,95,29,39206,0,16,4569929,235342,26,71619,4084333546186010598,550.52
6129,200,79,67,83,36206,0,23,3027124,158251,194,98498,4028998623047518681,426.86
6130,500,124,5,31,62744,0,7,7120135,63182,22,41601,1155146732894953850,451.33
6131,200,115,81,30,20484,0,16,3508041,71443,100,25992,1504080308297113880,244.6
6132,200,91,67,70,3836,0,17,2795896,190076,180,92497,8373137536854069725,958.64
6133,502,59,27,47,1886,0,22,7658443,108171,62,28675,8088675862332949731,628.26
6134,200,100,35,44,50680,0,5,1081895,189003,142,56445,790259248516458005,524.63
6135,200,92,36,81,38787,0,8,627066,213169,160,3845,8447176726952312180,515.73
6136,301,53,95,59,9280,0,3,5381862,129662,112,7750,7391656206172922151,447.49
6137,301,111,86,21,35581,0,26,2187707,74037,37,57955,2939778217482345069,894.63
6138,200,136,98,50,32698,0,19,6139858,27957,233,97074,2710141019831610443,510.95
6139,404,116,24,37,38930,0,0,3803229,35329,161,51007,7622868557443500917,16.99
6140,200,110,71,55,37383,0,22,3939864,19189,101,35832,5628477600184578743,698.57
6141,301,69,16,87,36108,0,28,4051102,179221,131,79059,4307548888147648763,413.88
6142,200,45,65,27,17255,0,10,877039,29929,229,84964,5507539480287194416,259.5
6143,200,82,44,37,42051,0,18,4330990,96684,212,31411,7370348231855153870,330.42
6144,200,11,64,62,59995,51,4,3965489,37344,170,57682,5787560340164657427,598.09
6145,502,146,23,53,50900,0,26,5578973,219898,80,44318,8324880056501594860,134.83
6146,200,43,65,15,57932,0,26,5612771,77016,199,61901,7115616826309540331,605.4
6147,200,88,79,84,27814,0,1,362846,190071,178,52066,2136851883336556662,190.95
6148,200,95,0,15,31982,61,7,5317388,157663,94,15488,578958889776776060,878.17
6149,500,68,96,42,6085,0,12,1169762,17944,188,89143,2854233871539315288,48.48
6150,404,99,57,50,18183,35,18,3076030,41536,203,77764,6416784129565669335,660.16
6151,301,151,84,70,34561,0,1,7999827,29828,129,85962,4261634314749778046,369.03
6152,404,115,29,17,25216,0,25,5602225,69623,127,25450,4185912171449751632,749.3
6153,500,16,10,29,4652,0,15,3451604,221005,218,31947,6981146209164478262,803.87
6154,200,129,68,36,10894,0,25,3652933,201521,86,38429,824913676296932023,910.01
6155,200,42,85,68,41968,0,28,2984164,222870,104,52591,4039626694551183434,526.88
6156,301,38,68,18,40547,0,10,5216700,141687,211,10424,7946687501544756486,203.59
6157,500,33,12,68,3896,0,27,3727164,114305,230,59026,2461541206742969966,355.35
6158,200,198,86,25,56152,0,2,1846903,159452,63,79932,2618464542993693038,805.8
6159,404,3,19,86,30746,0,12,1575978,94319,120,65832,3335510592497352015,238.64
6160,200,140,65,31,35623,0,28,1074701,236306,199,45399,183929233867415849,293.73
6161,500,58,29,20,7930,0,11,1582890,68244,10,46138,4025622157980453522,302.03
6162,301,121,0,25,21613,0,5,3778503,183584,205,49990,2705477867428372934,269.67
6163,304,49,46,57,11087,0,16,2812041,179591,177,42167,5321506063717067001,889.28
6164,200,29,73,22,36283,0,22,2370181,87442,185,92853,2957307022596681331,271.67
6165,200,77,98,51,60682,0,6,3551209,58557,179,13505,2241908088640258227,991.84
6166,200,23,74,43,2336,0,23,6029819,199893,39,10509,6965636020902562826,465.34
6167,200,127,1,68,50284,16,18,122040,225790,136,3783,6534102672714594946,212.11
6168,404,85,71,25,32183,101,23,5806166,164009,117,74286,938509776769432058,30.07
6169,502,76,77,37,33429,0,7,5500688,249290,4,23236,3783647363395295982,436.84
6170,200,65,35,26,25710,0,0,1222157,128463,7,91905,3084716318874507784,434.11
6171,200,14,64,19,2905,72,13,5959141,47489,207,81074,2506487442328979758,805.99
6172,502,2,56,59,1722,0,5,3845740,50832,217,6211,4164910431560756491,987.14
6173,200,82,5,76,11393,0,21,1328366,57097,62,23034,3287459328201400832,600.01
6174,200,25,24,63,27504,0,23,3006522,153869,187,36440,3596511958689696979,330.88
6175,200,99,94,29,43547,0,14,1090796,103190,201,75581,4142227337968203509,895.17
6176,301,65,35,44,47165,0,19,1894582,111178,74,30604,3323707616589010564,374.61
6177,404,131,87,83,26935,23,0,2195953,96290,107,38841,3450841424743756628,137.87
6178,304,96,30,39,6308,0,14,1070340,154235,83,36210,3476937410241642413,140.54
6179,200,101,82,58,11267,0,22,643158,58584,51,25242,7764024258260272895,987.83
6180,200,118,82,76,50214,10,2,1050396,36956,167,17611,6432079995577417881,62.03
6181,200,121,19,21,7810,0,27,7092416,168883,180,83494,5799648447462597653,959.99
6182,200,149,47,34,45772,0,7,2343993,205006,63,99223,5435902559753559768,702.51
6183,200,90,7,62,57967,31,28,6867630,196569,118,60845,7835870039358789569,989.5
6184,200,98,27,33,5288,0,5,4443132,92889,94,4760,6730224381200547606,64.89
6185,500,29,4,55,16082,0,6,7999706,42618,107,1716,7704216304710106603,46.63
6186,301,174,16,66,23200,60,5,2822201,126143,195,33853,8977239257094213376,578.34
6187,304,119,57,62,53262,0,10,5619911,245187,179,10963,8499270164334479141,155.56
6188,404,96,1,35,47909,0,4,2265153,209792,139,31536,5367668741975878755,349.83
6189,404,56,43,65,27183,0,28,5266442,28492,231,88154,4066944432731737136,47.23
6190,200,8,76,52,57643,0,5,7418383,177415,183,16771,2496579985953324423,828.18
6191,200,28,36,56,56274,0,1,3691999,35201,184,73918,2799958834469725370,470.95
6192,200,160,36,64,31856,0,15,6160683,161584,209,42764,8827962134291521788,371.83
6193,502,54,79,84,2823,0,10,3740171,130763,133,43742,5087098975780839123,937.63
6194,200,5,19,18,47413,0,26,7023190,168795,172,96441,1154390631056540262,990.53
6195,500,119,92,61,44425,0,20,5758662,146464,202,120,2356240351882534249,371.72
6196,304,37,3,69,47537,0,27,6122815,54068,21,59021,7867963371372101963,624.82
6197,200,64,28,25,20743,11,18,7759432,204020,68,86956,3146341586139253413,222.6
6198,200,135,14,79,9696,0,21,7549700,103314,60,44824,2234216947864397138,462.88
6199,500,87,55,16,56906,0,21,6166574,192154,29,4331,8460498820879318868,984.01
6200,200,78,48,18,38728,0,15,6235880,66455,192,14762,6465280877609899038,385.01
6201,502,168,31,56,49564,0,28,1037763,70060,4,55692,4674290717389413017,524.63
6202,404,24,50,65,55281,73,14,569792,11107,17,30366,7943221620494746247,220.29
6203,200,41,51,43,32054,5,8,2675955,184844,26,78095,765616334199546287,962.86
6204,200,0,76,20,39711,0,6,7625203,143801,232,18740,8759834259895627611,84.25
6205,200,90,57,38,29439,4,27,3296089,34901,147,80658,2440895361009544327,207.6
6206,500,14,21,19,63092,0,11,3190126,39647,60,35987,669717731522814787,438.97
6207,200,56,33,70,2098,0,9,6381655,226879,104,11823,3156967430525452424,105.47
6208,502,142,1,55,12288,0,7,7281962,220001,242,90666,4115733341100332781,940.63
6209,200,174,19,56,31691,0,21,1603541,99207,193,63479,457084868479058809,136.69
6210,200,112,11,30,17425,0,7,866761,61367,142,45376,5013916931456021921,958.66
6211,404,122,39,61,2905,0,0,6263256,42081,37,35527,3020618937024536113,317.92
6212,404,154,32,70,31386,0,11,803065,213951,20,7868,1831284525953636616,228.42
6213,500,44,21,39,40971,0,2,6722058,245390,65,52394,3738170850572528863,643.61
6214,304,109,14,39,53360,0,11,4506944,123950,21,54559,7076060050054176822,572.54
6215,301,25,86,32,57846,109,22,1293221,189436,69,12574,2610092311971182040,27.59
6216,502,34,49,50,28472,0,14,2478652,107452,188,72819,1014852872584059913,878.16
6217,304,102,63,59,4119,0,14,4063679,42760,67,85211,2877806475550207911,727.94
6218,200,126,1,78,41642,107,16,7052114,247209,110,37160,5668754848514375213,102.76
6219,200,128,36,73,11979,0,25,6451633,183877,205,36655,98964819010439278,751.59
6220,304,76,73,33,42691,0,1,6794802,63362,1,4331,4643361885529518776,639.48
6221,301,54,49,67,62825,0,10,1249026,91429,175,63880,2358956538188085645,930.85
6222,304,59,3,73,8402,0,3,1467169,95709,25,8247,3190753563169178576,749.32
6223,200,112,56,91,28350,0,25,7555526,1720,141,14706,1615513346390558357,891.15
6224,200,59,85,24,680,0,9,4399002,94510,179,13119,4737764944978928290,717.06
6225,200,6,85,26,15608,0,10,909318,228473,221,5979,5963411322476330100,929.01
6226,500,66,90,75,59845,0,18,2271691,165729,28,20983,8647643157701281707,910.8
6227,200,159,97,82,42218,120,17,7866946,194732,179,46186,8673772578009927596,224.89
6228,200,13,14,56,55581,0,20,3588626,86227,204,32174,8839042081413270648,355.78
6229,502,54,86,46,55606,0,18,5742819,240900,109,3570,3823954334603639926,175.19
6230,200,87,94,68,46167,0,13,5804647,247642,104,66111,2260448988005848910,889.98
6231,200,94,9,57,17329,0,10,3761402,147945,232,46881,3896864119926082763,378.45
6232,502,150,13,52,8928,0,10,7568005,177878,159,53053,4541543648399380535,169.82
6233,200,120,14,26,37779,0,15,7310123,102163,29,99169,6793175202019896866,174.36
6234,200,71,39,72,31518,30,12,3722624,169209,144,21543,5436515038071459146,751.42
6235,301,103,77,92,6822,0,20,2083970,134150,133,7514,6138508386115270660,201.04
6236,404,42,7,67,2518,0,9,7648037,113708,136,58075,8818881013816994370,460.47
6237,301,102,36,86,13497,0,10,5275932,82718,210,95093,1742264267773243378,185.78
6238,502,85,88,67,6075,0,5,4057270,210719,117,48859,3366143224104595341,814.9
6239,200,63,13,59,27788,0,17,5431111,206435,170,90208,1992104102295780126,678.88
6240,200,89,88,51,29785,0,0,6049977,158774,248,26876,4530819993467940873,159.9
6241,500,107,62,46,28951,0,15,6277203,76099,53,12433,8923137023721595869,659.57
6242,502,109,53,52,54176,0,22,2346325,1456,68,44370,5579933533511690317,574.18
6243,200,19,28,61,58112,0,26,2878084,152025,246,24395,6800381492751455165,340.39
6244,200,89,98,44,2863,0,22,1482743,72433,50,12292,1803749719436521385,816.59
6245,200,31,43,48,30128,0,15,4307685,211499,109,39893,6297061037806479063,843.1
6246,500,84,45,77,29549,54,12,1199895,14270,115,72640,8634071135134005923,62.58
6247,200,121,62,39,44020,0,26,7090519,234886,20,74116,76772991259085743,615.26
6248,200,20,83,78,9038,0,7,6364565,186995,58,9607,4680973541426018674,164.36
6249,200,62,16,54,35432,113,4,6077187,64911,128,69271,1438028376598404489,34.01
6250,200,77,9,24,45673,0,14,2400498,212814,39,62872,6125617222990504913,413.24
6251,502,105,53,63,12717,44,26,5659499,164211,80,22316,681918117059648232,372.99
6252,404,58,94,62,51926,0,24,2955130,116379,26,52341,8008175473125172379,656.71
6253,301,102,6,40,46409,0,10,7010718,192726,135,2337,51608946027471684,734.75
6254,200,47,72,18,22839,0,15,1781660,135577,100,29607,6305496177193076755,282.49
6255,404,76,53,15,34120,0,7,309684,81902,77,43368,7307552215066318289,417.2
6256,200,40,66,27,63163,0,1,2063810,65686,114,53210,1488303015400036192,302.98
6257,200,55,19,57,23368,0,0,6257053,106386,154,73175,4242346007791288814,650.13
6258,200,99,95,86,34435,0,12,6164311,180266,201,20003,8702855188407282205,117.9
6259,404,171,70,53,29099,0,9,5727400,141571,172,96222,5077043592725308836,358.37
6260,404,100,12,87,32221,0,9,3880464,148676,135,41542,5170385379397502892,482.64
6261,502,113,8,47,50516,0,9,1653573,101716,221,9570,2335966721185238494,153.59
6262,200,31,37,76,39141,0,13,1880563,137133,101,98796,5789468590007677444,336.56
6263,500,178,90,78,30127,0,28,3869610,219165,213,49161,2279977024511499955,429.85
6264,404,131,42,72,43900,0,0,3618101,152734,105,82321,25833128272965927,825.63
6265,404,49,48,71,28387,73,17,3806763,194469,59,21431,3692588466107238126,151.98
6266,200,119,12,77,39427,0,13,2699373,232653,121,49678,7495344291298852062,106.26
6267,200,92,57,61,63762,0,18,2246095,93522,131,65919,3161872865652999209,249.19
6268,200,146,42,77,43861,0,1,5966899,97798,198,55390,1808322599441640332,706.94
6269,200,57,65,35,3429,0,9,477119,36858,59,81024,2156595005186428509,957.15
6270,200,12,68,88,59785,0,4,3164232,46085,12,17612,6340540685468520067,719.19
6271,301,155,3,82,59840,0,5,3634042,31738,170,3036,3615228840702430726,682.97
6272,404,130,54,58,54643,0,13,4151682,191451,207,26535,7740232137316501460,929.36
6273,304,200,6,54,6080,0,20,3030296,115381,50,30851,6520481318825488540,35.92
6274,304,65,42,22,60683,0,1,6541333,41502,213,24781,8334664367482797296,682.52
6275,200,137,90,79,30225,0,12,4563782,10278,0,88157,6037213503983395339,742.44
6276,304,105,53,76,54325,0,28,256648,30179,190,83080,474986440545858778,5.74
6277,502,60,86,55,53854,0,25,6840633,198416,46,12705,4157067366718927284,664.06
6278,301,113,65,25,13664,0,3,6589310,244601,124,31563,1549189591706483908,254.86
6279,301,10,21,80,3767,0,11,2406382,13924,39,44352,8539525555159964276,102.99
6280,200,133,46,68,51727,0,7,4625060,149201,16,28206,7485795364989484986,961.95
6281,200,94,79,44,920,0,26,1423242,239901,154,2806,3320698221944251462,756.15
6282,304,131,3,88,48155,0,1,2737922,49968,37,22376,2374350475402384364,651.93
6283,200,43,3,55,39942,65,26,2591064,122717,81,45461,1467844607035718135,450.7
6284,200,31,59,34,16129,0,5,3501235,187944,162,66519,539459153981070127,570.95
6285,200,165,28,30,38588,0,16,5836755,99922,97,65306,710645292427374136,974.05
6286,200,197,84,88,48469,0,1,7144467,56537,146,65878,1701434512320389395,918.21
6287,304,44,18,33,36940,115,18,186230,247051,236,78582,2319222631751209330,90.22
6288,200,0,38,30,26613,0,15,1790503,101915,65,78678,4627439625126380284,122.57
6289,200,101,18,36,54372,0,1,5258289,94854,28,2479,670601440087011684,394.96
6290,500,150,13,77,29196,0,28,6469042,8363,79,66362,3321370717474808868,63.24
6291,200,163,92,80,60993,0,11,4499784,52305,112,63659,8232108523001946115,333.43
6292,404,16,2,42,28539,51,21,7410074,29063,216,73440,7310337837239234194,209.43
6293,502,117,27,29,6825,0,25,2938780,114900,52,43392,1258475693711543368,285.21
6294,200,48,9,72,8978,0,15,7402534,157024,50,4228,1087739623667497293,683.05
6295,200,30,46,25,40933,0,4,7134394,193378,15,76626,5055068553317468955,890.82
6296,200,143,85,40,16578,0,15,3681587,63437,7,94804,5504700632272597291,923.32
6297,502,82,79,42,23410,0,9,3530483,28179,102,33513,1294852856292040712,812.15
6298,502,47,23,16,38332,0,16,7672461,242985,100,28194,6403495793507527782,781.82
6299,304,21,34,15,45188,100,16,4342829,80744,254,64619,3344027756874844422,525.85
6300,200,113,29,25,22386,0,16,1166708,45972,252,64380,4233985130277058130,471.38
6301,301,58,68,25,53064,0,20,899895,96191,174,14964,4446535906200690829,82.27
6302,500,114,90,18,62630,0,28,7527998,171574,92,90896,2699224764453038364,974.19
6303,200,18,75,76,60499,0,9,1623836,127787,42,56133,5864261437639662288,80.98
6304,301,53,18,53,21380,0,16,1703412,147080,110,9736,4775785666905085829,261.53
6305,200,53,40,25,28807,117,5,5234626,181096,42,55739,1914282011151066369,377.84
6306,200,4,30,27,5719,0,13,7420694,23271,47,37192,8109687479801724339,807.99
6307,200,95,44,57,51685,0,7,5865455,185439,176,54364,3163541264422160861,937.94
6308,301,18,0,26,51025,0,13,353024,248492,70,84081,8142033682814984363,684.15
6309,502,74,46,46,2096,0,28,4015353,127196,1,70965,7532793825839163200,615.67
6310,304,46,35,50,5958,0,23,3247061,140404,162,19405,8496642232408962645,534.28
6311,502,88,37,32,10521,0,17,1033650,151857,165,26027,3785504182670284041,919.65
6312,404,211,22,46,1830,0,0,7150472,92992,139,53020,7007587816750563743,118.84
6313,502,51,70,40,12610,0,1,7689403,173948,236,71441,5138698014090865992,593.76
6314,200,168,56,70,19940,92,16,4641953,110726,157,86191,3146571453071338532,71.82
6315,304,19,83,44,51515,0,10,717567,147804,17,18552,678686974601603617,168.22
6316,502,65,68,25,4218,0,8,5129126,143935,155,28991,6057789196317638039,149.02
6317,200,126,62,91,15257,0,26,2894624,157859,41,28269,145423134041765211,407.49
6318,304,77,23,82,53154,0,25,1424798,6056,31,81502,7793794157372029272,794.1
6319,200,104,66,61,14130,0,24,4386742,215117,32,79419,2622783287264699589,779.09
6320,200,53,63,49,17906,0,4,6703976,55073,225,18490,4792741742110722963,366.03
6321,200,113,49,55,60620,0,7,3363480,191120,72,11684,262783530658129289,339.47
6322,404,1,69,27,44934,0,4,7976707,88177,0,14418,463486638353005536,482.95
6323,500,10,54,92,24088,0,9,6320920,36212,59,55207,4101249490923848170,265.56
6324,404,80,58,15,39391,0,28,5620199,142151,61,22674,7345771667183590920,209.9
6325,200,186,96,35,31668,16,24,2935104,166625,231,64742,7943296401893111628,807.74
6326,304,92,7,43,23457,0,25,3569375,53538,100,92998,20542737929528253,218.84
6327,200,145,39,69,20062,0,20,4121818,134489,233,39800,4353342314741081228,908.03
6328,200,74,33,18,58375,0,0,4193074,63573,153,51420,8112992808557458853,165.1
6329,502,95,37,90,21219,0,21,6907272,50210,12,49966,1709642031166185881,518.56
6330,502,137,2,87,6933,0,24,47804,213273,122,30624,5239460688945364495,11.63
6331,304,66,28,79,11786,0,19,2106969,137094,163,23882,6081626092586297017,991.47
6332,301,63,1,24,36818,0,5,7419848,163902,139,18050,5456478041383265600,528.43
6333,200,73,75,16,37892,0,28,5119703,10401,19,34464,3317017135415898175,549.11
6334,200,17,22,34,502,0,12,2344898,215432,177,72991,5051023109838358436,786.66
6335,200,66,26,39,34522,89,20,2991189,191839,149,19283,2271499140781165468,369.15
6336,200,176,54,41,3423,0,17,3532813,75741,77,15841,8632902520238073497,324.14
6337,200,101,80,79,13631,0,0,3685484,86226,106,91020,3508592008321790200,405.17
6338,301,113,4,32,40474,0,14,7085232,26352,115,9265,3367587829398077823,705.86
6339,502,71,72,34,52764,0,1,6627201,46355,51,48999,4218846055963974637,558.22
6340,304,40,39,72,27115,0,17,3068112,218298,126,15148,385468031754517520,935.04
6341,304,110,25,29,19091,0,8,3005936,36579,92,87928,6239315328216473091,860.44
6342,200,98,54,48,15023,109,14,4520023,29332,79,78319,5286479981002076955,469.56
6343,404,101,41,50,33400,0,11,1864809,174536,172,85568,1903067328463815671,707.62
6344,200,89,79,70,25147,0,7,697504,108707,176,28018,8551966043298850187,790.62
6345,404,192,61,90,46318,0,14,4670255,219777,96,5506,2482933243609115846,836.3
6346,200,68,86,41,26953,0,12,7510744,120602,85,81958,2438131021222455121,556.8
6347,200,85,99,87,21284,0,3,6123170,65542,87,77970,2872336845786864881,161.31
6348,200,95,40,33,47605,80,17,5564540,234789,104,91441,6475605211069152200,563.69
6349,200,34,4,48,8830,24,19,354246,158689,152,42727,2511891457013370741,399.66
6350,200,54,53,62,43115,0,18,2433889,112000,153,25518,3975858089727289298,858.72
6351,200,64,97,78,24714,0,1,7526252,179259,16,2571,4907965936172458898,268.13
6352,301,30,42,82,42855,0,18,4797530,2110,211,9135,8756421559953000059,305.6
6353,500,29,10,66,3878,0,25,50400,236726,218,48389,7054764323312097867,408.37
6354,304,13,21,53,60953,0,15,4423835,112168,86,21117,3104402116565182977,369.35
6355,200,57,90,88,43015,0,16,5578423,155765,120,42939,5049784153958186846,39.43
6356,200,56,5,41,47873,0,20,2869420,184386,86,44779,7060826819458846503,458.65
6357,200,130,90,79,36134,0,23,2213122,221714,65,16343,6323108953774987834,836.73
6358,200,119,35,34,37058,0,4,4351706,230237,16,23939,3800575298587708235,718.69
6359,500,27,14,61,13492,0,10,6248679,228255,177,83463,2413876631825132103,436.18
6360,200,40,25,75,14697,0,21,7788255,59617,194,73478,387813720884282680,208.12
6361,200,91,21,48,56483,0,20,4218416,48637,58,51720,2806583383874387678,925.23
6362,200,38,70,27,6841,0,22,2877556,176831,230,84427,8341467184247856269,364.69
6363,304,26,22,87,55627,0,1,2947001,74363,13,11352,7533260359607909649,928.12
6364,404,25,71,80,18832,0,3,6653467,194892,135,22653,2480055368936771461,855.33
6365,200,50,50,47,49478,0,16,7513752,83525,180,59597,689192316104135311,225.04
6366,404,39,57,38,32247,0,20,1377450,174858,216,9795,4040433654909828886,365.97
6367,304,55,61,48,24514,0,16,6487447,7119,4,56388,4886479008189734529,835.24
6368,200,89,11,56,19306,0,15,7581003,21586,89,47845,8289778129076019440,478.53
6369,200,89,52,52,6725,0,23,4230707,162607,192,92855,4480531168534505839,501.95
6370,200,100,54,26,12909,0,0,6013488,186041,238,71730,3911517491315288559,253.54
6371,200,152,83,88,19410,0,15,293416,78638,229,19210,3192574909384199762,453.66
6372,200,42,12,44,56853,0,27,7688458,158646,119,93323,1344619633832405294,979.1
6373,200,115,31,53,27213,0,26,5523679,178980,81,78221,6216259084674523232,33.13
6374,200,13,35,32,13296,0,19,7520,12022,10,44126,1916129690128259061,715.06
6375,502,54,30,17,14356,97,15,5441300,21229,92,70949,4602983862196657114,906.54
6376,301,2,91,90,40306,0,7,451161,176523,160,61231,8924427822517610294,460.85
6377,200,87,22,22,879,0,11,4811393,246430,6,14886,8950363955050301383,119.21
6378,502,49,39,83,61413,0,4,7226065,165690,152,70493,6067839227351151736,186.56
6379,304,69,73,52,33216,0,25,3215309,21577,151,3150,7573619998957422579,453.02
6380,200,108,33,39,47605,8,17,2782413,66223,41,31317,4089365156151256161,212.03
6381,502,152,75,29,3216,0,19,742958,150510,157,47038,2316195988157958351,525.98
6382,200,61,14,60,40678,0,28,6085982,56948,240,62488,63460637830367554,551.25
6383,304,34,97,75,17029,0,22,4966743,43470,83,97023,8072312912699137323,520.57
6384,200,62,64,78,24077,0,2,5351853,105107,38,68300,2530789319734864250,332.37
6385,404,64,56,30,51765,0,13,2082205,122099,72,58092,7694497637236366485,812.59
6386,200,65,49,32,52040,0,18,3735158,81838,118,85397,2648498104100597251,110.49
6387,500,101,52,16,14188,78,2,1661709,4548,55,80089,1658166179432160250,313.95
6388,404,34,33,79,44328,0,8,2383688,155221,140,40784,1966097639892555168,940.28
6389,304,73,82,34,44412,66,4,2746406,77890,203,21294,1797613278627363659,286.71
6390,200,12,62,29,54335,0,1,2770133,221183,170,94520,7305937002894400600,725.65
6391,500,130,40,52,61100,0,2,3826961,200935,191,16809,5495993937254386479,849.11
6392,200,122,41,64,17830,0,25,6180953,163642,215,8372,6740632095265507313,222.99
6393,200,52,11,66,231,0,14,3163380,115579,228,85732,2050450941254262237,330.84
6394,500,54,83,65,3718,0,15,566117,26538,43,37464,153750853286117495,417.25
6395,200,35,57,84,39789,81,19,403484,205325,35,14233,1446538994116801603,585.21
6396,301,119,13,87,15263,0,28,7562024,188952,79,33704,951098922912687979,24.52
6397,500,44,22,35,16257,76,5,1813034,214466,85,37404,5899558678209479255,733.43
6398,500,63,95,69,34394,0,28,1854447,249712,68,20546,3986471159164795508,16.1
6399,200,18,55,20,35912,20,17,396279,186072,73,39345,5109036653765645363,754.36
6400,200,0,81,29,46426,0,20,1017354,198946,166,90164,5077721169610998761,825.34
6401,200,49,29,16,30366,74,15,3784095,31285,109,21233,2842697048581345939,80.33
6402,200,42,83,33,57352,0,0,153434,184208,248,74846,269208928938733855,51.93
6403,502,95,9,82,54946,0,12,5215798,205384,176,21680,2430410886079844104,395.39
6404,200,0,76,50,20925,0,19,7516490,41907,155,2875,2174863721571938411,579.97
6405,200,73,12,37,41942,0,23,1714947,56810,120,9227,587275004459989758,866.02
6406,200,146,76,34,57293,0,19,323143,173471,188,8428,6595724717773561137,639.83
6407,200,179,48,83,47485,0,28,5921591,164481,136,91387,3167283691654093947,793.24
6408,301,79,6,79,26719,0,10,4097194,72565,38,16001,7140266661009555824,963.43
6409,200,135,67,88,8858,0,23,4909760,181399,223,31110,1665270481121362098,832.33
6410,200,53,40,83,53977,0,8,2318389,192002,60,72127,611989787234289849,686.29
6411,200,110,14,88,60173,0,21,2649424,158806,115,59947,1873092208481627587,406.14
6412,200,210,64,40,664,0,0,6547249,196467,16,14436,1260518492023407928,174.54
6413,304,81,69,46,1327,0,16,720797,115098,81,23833,8985950804136531496,707.8
6414,200,57,11,67,59055,105,18,6541951,141981,85,13392,180013245622280008,775.74
6415,200,107,73,53,20459,0,12,3577837,129951,107,52613,747625184924356133,697.2
6416,404,11,81,71,51862,0,18,7197849,220967,173,74736,6569196685159109063,892.63
6417,500,74,96,86,45611,0,8,7903745,98887,225,4452,4476764777550404834,313.11
6418,404,48,17,52,5434,0,7,3962281,111049,253,50819,5491219916963574094,690.61
6419,200,11,34,81,49865,119,25,4940835,168545,208,52841,2099383306861526813,219.87
6420,200,8,34,50,23660,0,8,6233714,178920,84,3897,4958609856985285580,877.69
6421,404,56,73,35,9584,0,7,7632712,214895,6,36433,6926099385397935423,816.4
6422,200,82,60,16,58839,0,19,2126801,247569,123,99123,6654680829155552470,496.79
6423,200,170,9,43,46667,0,15,7582275,159054,163,84026,7168382482199851861,993.81
6424,200,78,73,31,7060,0,0,7933900,22719,49,50621,4518923434643594779,832.25
6425,200,5,43,51,25411,1,28,3160190,197758,244,96713,6077621625670604582,943.29
6426,304,64,53,55,61416,0,23,421422,225770,237,35011,4834421763155273270,150.08
6427,500,42,8,70,50876,0,13,7182475,156056,215,86718,8859427452303410470,26.99
6428,200,29,73,32,44692,0,4,3806890,172628,17,18062,5660077781484644727,819.23
6429,200,35,24,29,13278,0,24,3754979,63253,116,22144,4258055710471992846,258.51
6430,301,10,19,80,38302,3,13,4268967,94031,245,74715,1336803404965836696,537.51
6431,200,69,64,71,45493,0,11,2212734,152650,145,24834,6447403729527261485,687.0
6432,500,9,80,21,53787,82,19,146440,83915,84,11087,4451565114255617003,210.37
6433,200,82,11,30,14351,0,27,3879080,202413,141,15043,8238594825917365856,372.97
6434,304,22,93,66,14697,0,6,7083654,15849,22,56503,4296554319159557392,442.92
6435,200,101,33,88,17776,0,9,7612704,189327,121,83865,501734570253803243,975.85
6436,301,52,77,49,60852,0,21,3063121,52477,152,56072,8689550792271616661,433.09
6437,200,85,100,84,39933,0,14,137010,124201,148,9409,3764932099226212891,291.86
6438,200,117,98,30,15836,0,4,7893181,59630,129,96539,8504272309691871240,144.42
6439,200,45,2,58,51474,0,3,5155806,60868,21,29249,8806198194428016864,595.13
6440,200,11,28,54,22909,0,13,1769269,246269,65,71098,5248700125742670193,746.85
6441,301,88,25,43,63733,0,9,4339638,228772,222,56887,5133580952356581675,485.87
6442,200,147,8,40,11201,0,7,7707660,26358,119,75355,1624620814828753042,579.53
6443,304,102,99,82,9744,0,6,5371156,217623,182,95991,4009893580426853761,914.62
6444,304,50,97,51,8642,76,8,6077021,163496,96,44690,7483834200790778628,146.38
6445,200,100,37,78,22121,28,24,268802,139957,89,96816,257265625571367732,14.3
6446,404,41,45,35,47545,0,28,1348041,223453,217,66171,5714311071501872434,672.71
6447,200,83,37,35,63309,0,17,1170135,12115,13,80385,5903241676481942507,884.09
6448,301,151,92,22,63909,0,21,7566120,180749,153,24690,1501635751648781791,710.38
6449,200,104,37,71,39282,0,26,1094920,171138,134,60359,1871424335354965002,489.64
6450,301,70,1,17,29650,31,14,5960600,65350,142,56982,1820280642489304435,258.92
6451,301,53,68,77,28433,0,4,5739947,150829,67,46483,7124580667454524015,512.11
6452,200,111,31,51,16803,0,23,4732970,236999,187,17244,760665226904790647,874.04
6453,304,148,20,46,51851,0,1,863031,46172,23,17431,1104252080937556754,700.3
6454,502,152,93,16,62645,17,0,2049588,136785,25,22197,7578628918330154716,715.89
6455,200,47,77,92,37096,0,20,1202305,118673,175,57795,8358890233482228483,70.18
6456,200,42,91,15,48370,0,4,4497031,75932,191,42746,8313556875925091361,875.73
6457,500,175,55,28,39856,0,9,1829144,169365,159,2999,4002449193247641337,789.88
6458,200,11,100,28,49383,104,11,3166003,38854,52,38372,1642928790026747025,132.6
6459,500,159,27,70,19942,0,24,4859867,188729,90,11528,3892457372973790063,719.7
6460,304,136,91,75,40459,0,16,4343212,200883,148,99079,2828833326681240267,816.48
6461,304,12,40,49,6559,0,6,935692,121689,60,72110,889424288808498133,950.73
6462,502,68,49,75,40599,0,16,406298,113273,154,27425,6032110555747700827,638.37
6463,200,80,66,91,26505,0,0,6695910,143154,218,58143,998957789289887045,530.78
6464,200,11,47,70,10183,0,14,3863519,161507,72,27648,4595241965894257693,715.32
6465,304,46,57,36,43143,0,20,375666,166199,53,27099,7288949458036707756,880.0
6466,200,94,23,37,49288,0,24,4606723,86936,21,59721,2028589092204734803,708.45
6467,301,91,45,63,9351,0,12,547937,244262,70,47639,169137889245251506,55.75
6468,301,142,2,33,51285,0,2,6411740,42565,92,32319,7331967117661123789,491.33
6469,500,53,91,48,45851,0,2,6235522,7049,131,70459,6910617917581874642,533.6
6470,301,22,12,27,45973,0,19,5334884,202040,55,82071,3553573623167899487,531.5
6471,301,158,78,64,42775,0,14,3323005,147927,171,4855,6841068813777781670,905.74
6472,200,41,93,27,16943,0,25,7430786,44106,85,30691,3547067842706895123,460.69
6473,500,198,5,16,30560,0,28,2986022,5140,174,39084,4146094849950633333,636.11
6474,200,103,36,56,8744,92,28,3393734,52206,55,7661,2183755576397790761,633.7
6475,200,27,68,52,3903,66,21,3820084,190093,252,64772,8301212606900489611,716.24
6476,200,148,29,91,32183,0,28,5678372,95880,251,91528,544299695243647024,501.39
6477,502,237,6,89,27928,0,16,4410164,111193,231,87088,8851730426765848019,385.89
6478,404,169,88,17,25847,0,17,7565866,223005,37,412,7591928205310757020,366.42
6479,500,106,64,90,15491,0,23,5703677,61879,14,9901,5923471108198574364,207.93
6480,500,43,35,80,2879,0,8,3853346,63735,161,36580,4551334977000851421,776.1
6481,502,85,31,66,16921,0,11,3998327,141661,247,89170,3603831542734080625,966.84
6482,301,107,15,60,14460,0,26,1257697,164730,171,30987,3315439691199506726,686.66
6483,304,20,46,25,6331,0,11,4914657,183361,66,24896,794400831048078735,572.34
6484,301,44,82,40,36903,0,21,2189762,66479,14,26200,205985593039666695,898.73
6485,301,81,91,89,17756,0,20,5599087,138752,50,77130,2215869749144565704,433.8
6486,404,23,89,17,15975,0,18,3522940,240291,178,51628,313109791110146006,970.02
6487,502,84,41,34,5865,0,21,4063449,194378,220,23251,6834987808406280503,368.23
6488,200,91,24,71,54144,0,19,2542302,156087,72,99997,306675815639205976,153.68
6489,200,51,49,69,6480,0,5,5101869,15106,28,79036,2211102999664567703,69.71
6490,500,17,74,66,60949,0,26,3996207,52287,211,62942,7937529953656783526,946.89
6491,404,106,31,90,53850,0,2,1192564,168756,36,99891,5124756701788707508,263.89
6492,200,180,83,73,38829,0,26,4988658,38150,54,24346,912295121444309137,357.49
6493,200,29,100,32,11270,0,4,1906449,244706,185,43410,6210580315882097268,982.32
6494,200,31,29,80,5652,67,5,3577840,10559,99,7205,2610634561079745336,305.44
6495,304,32,26,90,58205,0,22,573881,161688,201,45104,4899131141074163539,939.88
6496,301,56,92,75,55810,37,12,3163840,40353,239,56501,5661560428166415957,11.3
6497,301,109,48,63,46744,0,26,3352344,105742,165,36864,4006588813517526733,759.86
6498,502,12,87,87,21814,0,12,5690660,240526,40,78878,1482422779238310875,799.39
6499,500,4,12,66,54707,0,26,868761,11934,23,39765,7172617167481218719,620.39
6500,200,65,29,89,568,0,2,4751590,239377,70,43072,1935629272150802,225.92
6501,500,173,33,65,22787,0,3,4693752,246932,32,58895,6226115934958894161,95.03
6502,200,63,100,42,10776,0,25,2018215,103324,162,21156,6586967719701213698,757.87
6503,200,67,95,19,23186,0,24,5380820,167372,65,31352,3424029237691319059,777.85
6504,404,2,50,61,28112,0,13,2653159,170430,179,1894,264153399964599590,839.92
6505,404,17,81,58,45207,0,6,7171174,100374,56,21565,7475810279191107148,385.05
6506,200,152,31,53,37083,0,19,7128863,41756,64,12820,1823828875792960735,885.19
6507,200,55,23,51,12941,0,13,171761,165675,25,46597,8187889662087684332,400.82
6508,404,70,91,77,56662,0,25,5856228,57524,243,3521,592959586154622234,918.8
6509,304,127,55,49,59224,0,13,5471712,171588,178,64324,7622809658636513968,590.99
6510,304,38,37,27,5677,0,15,6034616,167995,102,18429,8746785659221292929,65.13
6511,200,130,16,73,63237,0,9,584016,188677,201,71158,703210691358909510,312.42
6512,200,74,11,40,17817,0,8,6211971,211519,105,85843,8572307729666603925,364.65
6513,404,102,54,71,55427,0,22,3404117,185904,104,30375,7546212060557339770,504.0
6514,502,56,61,86,38082,70,6,136729,91507,68,12038,5010804271368246906,216.8
6515,200,56,64,86,41076,0,17,6445798,78569,8,59432,7607899700157065965,122.54
6516,301,40,42,49,24240,0,0,3587196,198755,98,50482,10961922360957478,681.76
6517,301,49,29,55,51116,0,19,1827844,111557,177,26792,2284804032420270935,481.67
6518,200,136,26,68,36873,0,0,5458440,151514,73,52472,8416227876369866469,413.49
6519,200,99,85,31,44794,19,18,3305013,28053,123,89828,4762092034533672257,245.37
6520,200,130,25,35,6753,0,2,3555848,127882,190,13469,8305225391759585224,133.44
6521,200,35,9,25,56510,0,0,7999183,248781,110,42668,2924876681504008033,260.68
6522,502,150,63,50,23896,0,28,6651519,134865,61,11560,8570175842391789544,426.42
6523,200,65,54,48,61210,0,19,7290521,230511,210,25868,15753754217935163,187.29
6524,200,11,14,73,17509,0,10,6370394,113415,239,34890,1471022441799738433,34.48
6525,200,51,69,64,22199,89,10,3615483,199165,133,22039,6955590327119312887,65.69
6526,200,91,34,57,29523,0,18,5225947,199060,68,2818,3058575584892059290,792.74
6527,200,68,76,15,27538,65,0,2306378,197634,202,54430,7800182630422981905,855.45
6528,200,129,31,84,36305,0,16,6437091,38124,34,89564,6923607296214135367,475.65
6529,200,128,74,64,11723,0,19,2072581,70060,230,21169,4076834187993119382,984.54
6530,200,27,0,86,8987,0,26,7746554,29495,193,53215,4006603117271066863,328.39
6531,301,69,25,86,63746,117,10,6238579,232658,145,59115,883186575104356323,147.83
6532,502,39,47,59,9022,2,24,4632222,231286,217,38677,5059368840307635956,239.23
6533,404,111,100,89,34841,0,24,4466113,121094,75,37018,4696381799533825520,863.29
6534,301,16,97,84,29561,0,0,3292292,68867,191,35075,651523038159336555,627.47
6535,502,92,32,49,37480,0,12,2801633,133764,244,4686,6844260741769048197,68.09
6536,502,148,30,40,51661,0,18,5016092,109716,169,56419,2037444213411138159,295.52
6537,404,1,73,37,28054,97,25,1963720,206034,254,26402,1614970681541407947,916.55
6538,200,24,3,81,7257,0,21,5166551,20066,182,47010,4466314868384436881,430.37
6539,500,35,26,53,14488,0,25,164697,183910,149,77182,6247988126622936789,266.92
6540,200,58,32,45,51003,0,20,4941656,23350,183,60376,8236060429670039284,671.72
6541,304,138,0,77,52325,0,6,5045680,112940,54,1599,7414671995063091848,781.14
6542,500,17,65,39,25052,0,28,1481775,173499,135,75467,1724544947102517186,236.69
6543,200,16,65,36,16099,0,4,4994187,209577,219,57992,6933800142092921630,749.85
6544,404,36,96,27,29878,0,11,4809119,7089,188,23991,5254487948052242891,319.18
6545,200,84,28,60,216,0,12,3288707,129372,189,48260,4950001842736559640,339.86
6546,200,73,65,75,36912,0,23,5707333,86011,89,65330,8691751598782261145,259.53
6547,304,22,88,75,60838,0,17,2136109,140443,91,50807,2927251864911620749,259.59
6548,200,91,96,91,5541,0,7,7850180,64267,122,48455,6722247911255736938,45.51
6549,304,3,89,87,10590,0,22,4887855,157938,197,65467,3612474354422114343,547.1
6550,404,25,25,45,61968,0,28,6603178,223708,189,47951,1446460539217893542,552.25
6551,502,85,90,39,9402,0,15,5527213,12805,226,54964,4288773447263049788,462.54
6552,200,29,43,49,34696,0,16,4765453,84700,26,25983,7492026552904463943,216.01
6553,200,128,34,69,40971,0,8,1504714,237499,251,99217,4897763267354031432,955.61
6554,502,144,89,84,16709,0,17,2170395,206445,181,39138,259704164160224487,918.39
6555,200,137,29,58,24801,0,0,195911,139706,218,41810,8049052614619829271,700.69
6556,200,99,82,86,60566,0,18,5918548,232670,107,45712,114424193736806435,39.06
6557,200,41,39,74,26131,0,10,1507405,158663,174,92119,5290705687514036971,848.28
6558,301,118,13,66,59795,0,22,1872965,244853,107,63467,3219734631545657590,707.78
6559,200,104,90,22,52452,43,21,151052,23834,79,33641,4316578685129599794,917.26
6560,200,43,97,73,7969,0,13,5096359,152206,144,18915,6925666132322852843,575.56
6561,200,34,44,55,62435,0,24,2396101,63385,228,19421,7743312311754300047,364.52
6562,304,122,70,47,36059,0,9,4351019,128309,109,42461,1626579639437619253,142.13
6563,200,43,77,30,63141,0,6,6934399,182719,207,14922,3740727764737686871,115.3
6564,200,53,68,86,32756,73,1,3233329,152059,125,24077,5446323012165178185,958.79
6565,304,65,47,31,27967,67,12,1034300,120593,64,47052,6920699094894424837,29.81
6566,200,37,10,20,16465,0,4,1828093,40719,233,36491,8392964461502898486,961.48
6567,200,28,87,57,35385,0,22,5139698,184588,240,14233,1381103314913613722,787.55
6568,304,42,19,68,3846,0,19,7546573,169270,237,32605,7158453118967577546,435.29
6569,500,108,42,50,22911,0,7,4162300,213853,169,17499,2863383556675577764,934.59
6570,304,156,45,39,39966,0,4,7204735,215346,9,90593,8601022431109443069,954.1
6571,304,57,85,18,42975,0,11,919582,113031,70,76934,6369600292127928287,456.35
6572,200,86,99,62,61244,0,8,5497613,96118,106,98700,662637857773511306,783.6
6573,200,117,18,51,52582,0,18,6332912,36317,249,42167,2370432224246198858,442.22
6574,404,34,5,86,22206,0,11,893448,89113,89,53201,3661763521081871990,869.82
6575,200,56,63,21,62108,0,8,6292195,138994,106,93484,3549226172100846749,148.5
6576,404,41,48,22,22103,0,13,1438552,182717,210,29697,8797773641927358275,164.54
6577,200,139,5,36,17073,0,12,6583275,153062,138,21833,6948340584431996719,978.1
6578,301,108,28,19,4426,0,1,3487652,213038,124,2002,1756647837558767894,896.77
6579,200,2,25,18,49100,0,17,2235911,196539,202,59679,140339814421261739,521.32
6580,301,107,29,79,20390,75,20,2314010,67745,35,50161,2750507469095484027,248.64
6581,500,50,36,62,34725,0,25,1585890,229929,184,70796,8814448276026716390,45.25
6582,404,89,2,38,5202,0,27,4860915,220092,4,98387,2089595717122655860,985.04
6583,200,55,0,84,53354,0,15,385643,154089,184,34583,3662944774498111021,478.4
6584,200,45,42,15,10521,0,26,3115063,110777,252,75746,5031027767288995529,524.3
6585,500,95,73,74,51799,0,11,6490690,142539,221,21749,6337681295676867249,348.5
6586,502,175,84,71,2724,0,9,1265684,4797,50,63018,6258641549427840043,139.64
6587,301,86,85,27,62212,0,7,2801963,236699,86,76326,8129348168543257906,691.78
6588,200,160,29,19,34805,0,4,7689577,15070,161,91849,2963245997599420211,485.49
6589,404,78,20,34,9800,0,4,4203347,144349,120,91478,4142989295078164846,444.97
6590,301,8,22,67,55434,0,22,6974720,37965,199,98540,4673506949610846598,673.22
6591,200,0,33,75,48992,0,18,4627062,192341,205,49168,5811555652699525032,724.5
6592,304,82,64,75,13070,0,2,2753292,19808,202,62716,2252606960589531589,732.82
6593,502,155,60,68,43971,0,3,3083145,40443,99,69451,8166044764230801700,271.15
6594,200,89,34,59,11032,0,15,3376305,216244,207,98791,7339423601457022976,68.53
6595,500,45,79,48,56059,0,21,6594424,8021,118,52027,982083866578917781,846.87
6596,200,57,62,60,48681,0,22,2688810,59520,59,71723,3609450571972067249,707.22
6597,404,208,78,67,55182,0,17,6553599,19547,150,79252,8251177144646857675,517.35
6598,200,0,84,87,21952,0,26,4894888,133544,198,66165,6817103452692277935,654.88
6599,200,148,69,55,35300,0,18,3377422,197624,2,21331,1642438911606061314,292.39
6600,200,100,92,29,61538,0,11,4802751,67180,106,44898,2438858553357253074,961.76
6601,200,60,19,89,4224,0,9,177759,229079,47,57310,5594033042889880712,765.45
6602,404,20,88,18,58750,0,9,3066949,35089,205,73347,3708910402763155387,941.21
6603,200,9,88,50,45733,67,21,4164814,147598,218,77142,4260713023304720337,716.23
6604,500,1,86,37,51676,18,8,7481438,115619,253,16600,8572457288551383068,290.37
6605,500,74,68,20,51737,0,17,2589330,44825,12,73247,4170910046419042252,506.29
6606,502,123,21,74,28048,0,27,6597361,209929,39,35740,2782770539056461366,875.76
6607,304,150,11,68,53114,0,18,2064948,118684,216,19882,7663494842788447621,15.99
6608,500,153,14,22,48445,0,7,6998121,1078,57,7558,2691069184321095076,509.21
6609,404,102,90,72,63094,0,15,6038252,45606,94,87105,5339090851076664482,556.68
6610,200,188,47,37,33107,52,5,4927445,1676,71,12145,2516069499059799411,676.03
6611,200,153,11,61,63250,0,7,3556554,143583,22,79268,8211431113315875191,501.85
6612,200,64,15,64,8727,0,20,7537817,31913,210,30323,3238822684124747886,36.25
6613,200,156,100,21,41249,85,26,5331324,14341,12,65558,357897892189703539,382.35
6614,200,5,37,61,56302,0,19,5496516,157323,7,11929,4806237873304105993,814.26
6615,500,92,99,16,44183,0,10,4331745,88263,102,86926,5242948785303137032,144.84
6616,301,105,72,72,39535,0,18,2396563,21178,168,18870,8892493360884119158,418.74
6617,301,97,1,16,31529,0,15,2172106,201163,232,59522,6277840288238986513,992.86
6618,502,32,52,26,43533,0,16,841555,13905,32,85369,6332011524919534866,111.21
6619,200,112,22,73,56834,0,25,2410674,220095,94,85896,6998270136939228718,275.1
6620,200,182,65,82,29995,0,26,1323485,7465,92,76263,4163575657555810887,847.69
6621,500,54,25,26,36264,109,23,6717135,22254,237,49944,3959386734481314309,764.78
6622,404,31,90,32,32304,71,9,2232879,111484,169,83231,2085646658189002770,630.32
6623,500,68,35,74,43533,0,24,3231615,219865,181,52609,7976391613964847153,164.93
6624,200,43,78,20,32909,0,18,1335783,211823,24,46713,4392841977650195530,633.02
6625,500,202,40,35,22970,0,18,5104813,224525,98,41317,2608226990521392250,760.77
6626,304,131,68,71,49117,0,20,3899646,129594,223,92427,8082861541402145978,54.22
6627,301,135,100,34,21502,0,22,4762767,11895,218,10764,7044037648065984509,79.87
6628,301,71,33,49,31892,0,6,7240444,217073,19,53737,6731226638677905060,537.43
6629,200,20,89,21,4144,0,4,7376656,174715,71,96303,7198518267268226849,813.18
6630,200,64,17,15,29042,0,9,6088191,27648,93,17067,2568125221769499272,137.66
6631,404,18,52,42,10565,0,15,281676,84496,211,59385,2084124537368852245,534.22
6632,200,76,6,90,5275,0,20,3306625,203713,192,23033,4011004841112823154,999.21
6633,404,117,14,25,6994,94,13,918154,243801,229,36314,5205392082786051242,984.12
6634,200,117,57,88,28468,0,19,6159010,154096,179,44299,744881187879654301,838.74
6635,200,32,26,71,13210,0,19,3346681,37405,67,67883,1469655652249646413,510.71
6636,502,33,91,35,2844,0,28,1304894,216474,230,6951,4052118307324647891,718.34
6637,200,36,35,62,21254,0,19,2376057,140777,187,76271,3606036470750702305,387.49
6638,301,96,60,29,22636,0,0,1167303,238170,116,15653,3506310578802668972,597.48
6639,200,67,36,46,22347,0,8,6894384,238449,207,5962,4645222126386311440,493.77
6640,200,87,14,38,49045,0,24,6692820,49104,241,3926,7196211146303316950,666.57
6641,404,17,88,50,5134,44,14,2651138,79861,239,68352,8570899929288821633,664.79
6642,200,100,76,78,14909,0,11,6320527,246464,39,47225,4170135511488995504,905.89
6643,500,51,15,59,31662,0,16,6727204,14246,82,58450,2976428873592676215,762.25
6644,200,61,98,92,19193,0,9,6400272,133136,83,62414,2832741516678575054,202.81
6645,200,32,99,88,59314,82,7,4688466,103794,250,75400,3387111618019978000,93.95
6646,404,143,44,41,31383,0,22,1374981,184350,117,98062,1364509472490683246,201.78
6647,304,113,62,25,13331,18,18,5839637,69028,168,83806,5739359435133039586,627.59
6648,304,49,56,70,40801,0,5,2015332,65387,70,76615,7934429520167465241,254.35
6649,200,47,10,23,10561,0,4,455710,232221,192,61970,355892503132450004,762.53
6650,301,50,47,60,20268,0,19,5381748,47014,241,56940,2090790620657234016,644.42
6651,404,104,81,78,56705,0,19,7125902,148028,176,70621,3842398605728708575,563.99
6652,200,79,62,52,54529,0,4,3447658,173479,39,51176,679997090229719746,842.66
6653,200,102,53,78,40315,0,6,1433620,127711,206,32629,636797488286389877,512.45
6654,200,79,68,21,32663,0,16,5082302,29909,9,44313,5951000914422122887,769.52
6655,200,175,64,47,4720,0,14,1768227,55538,101,83305,6969802568432616805,607.06
6656,200,147,16,47,53363,0,3,1075528,50470,61,69830,4511167436460546879,998.53
6657,301,131,73,81,37604,0,15,2471541,166646,221,89249,3092654737428562629,561.54
6658,200,97,80,59,23455,0,11,3505958,174656,37,40763,7119569277832834950,413.46
6659,200,219,26,48,20264,0,1,4514452,145949,101,28160,3165344474355611089,427.38
6660,301,86,17,57,56895,0,17,918972,203059,165,55458,8286458944656698668,729.3
6661,301,50,45,65,31295,25,20,6041775,188188,9,90908,7712341275813891221,337.08
6662,502,86,17,89,37436,53,1,2152920,121820,1,1206,2914297254732080550,689.35
6663,200,183,75,72,38542,29,26,2137685,124301,129,56052,4487828168601534780,559.23
6664,301,21,38,25,9163,28,6,1484188,91017,59,38735,6451730983601961311,466.37
6665,200,132,36,32,53485,0,7,6193960,186113,179,80356,3417844207621253479,272.77
6666,404,114,61,23,12815,0,17,3309884,59401,62,67367,5402228077981106565,488.97
6667,200,123,93,77,55408,0,11,4791812,49436,199,22148,7683413420079261503,487.39
6668,200,129,84,59,62185,0,6,15799,64951,142,36776,8072562914711482014,151.05
6669,304,101,52,64,13735,60,28,2184457,97638,107,15153,2680930250397424048,640.84
6670,200,176,77,60,59673,0,3,6963510,33558,151,64402,5436976477821202745,4.45
6671,200,122,14,26,48664,49,17,3804475,190958,37,54955,5797362694316082533,768.28
6672,200,60,37,30,11421,95,3,417099,136057,15,82930,3545996166273949423,792.76
6673,200,116,34,51,25545,0,1,6624029,88614,168,43493,7167293378905456200,2.9
6674,301,112,73,82,40848,0,10,859657,153910,78,25579,4176021245286110567,141.35
6675,200,178,14,77,4676,0,8,120322,139492,251,68256,4169814530646760371,977.46
6676,200,145,27,46,5505,0,9,445335,67697,36,3951,7747488283906703544,223.66
6677,502,70,69,47,27201,0,25,2372206,202354,93,29396,4389111729167831391,409.66
6678,304,66,61,38,1024,56,13,3313758,201416,177,83275,7457638494664594484,985.21
6679,304,107,10,62,20718,0,28,1666428,8704,186,78239,2707833566387148929,183.38
6680,200,41,78,35,879,0,19,2800435,229997,26,34907,3145196315521612784,112.18
6681,200,245,71,77,44728,0,10,5840544,21364,217,61436,6812037849362927468,153.91
6682,404,79,48,80,46831,0,4,3513305,84750,184,91982,6215551714692251415,513.16
6683,200,12,1,71,19163,0,11,5334759,102073,95,19822,5170533400278248412,767.03
6684,304,76,60,48,46275,0,2,2379060,95919,4,42978,1360101510348274995,92.64
6685,200,0,37,58,19183,0,6,5899485,12461,194,86174,8084607282181005615,240.16
6686,301,168,47,74,3910,0,27,5416630,35321,111,4517,408614771642552469,349.06
6687,200,67,28,50,53621,0,27,5967219,141608,146,53397,335614580529702588,832.84
6688,200,50,50,33,12942,0,20,5780599,11504,225,89705,6851653948249640347,418.59
6689,304,15,16,37,4979,11,9,3768211,53371,138,81856,8808634875969387047,313.54
6690,404,101,16,55,5044,0,10,7850073,27241,54,37325,320986398914893439,797.26
6691,502,96,43,73,16066,110,7,4721432,66639,82,45425,6498943668513912625,721.1
6692,500,117,93,46,29912,0,11,5759820,161368,26,12804,5373480164304385121,895.19
6693,200,118,72,48,23544,8,16,6119158,161442,180,93096,8803265088979236998,858.23
6694,404,55,90,38,63689,0,9,1305626,211904,31,32954,4510028408157337372,704.26
6695,500,54,24,37,30086,0,17,4202611,240140,61,54881,3704958704979919044,368.6
6696,404,12,60,28,8076,0,13,4559772,45832,240,90989,1822371940946038114,847.9
6697,404,140,45,34,53351,0,11,6344267,34598,234,64290,1118364207919695944,145.9
6698,200,36,20,50,19428,0,22,2056983,26235,13,45416,453122587789465936,769.66
6699,200,69,57,30,61048,0,23,5963182,141642,73,19071,646295323370466736,949.0
6700,404,67,88,76,23113,0,24,7256232,48550,152,86522,7321293281020277067,321.44
6701,502,101,23,74,8343,0,14,2311143,225274,143,28611,898539244997377050,196.53
6702,304,16,31,74,37839,0,11,4340095,1263,101,35169,2355196415355299002,422.96
6703,301,76,82,65,32138,0,27,2438154,177435,162,97240,3309217259469849506,798.57
6704,200,56,78,66,2022,0,22,2292851,218872,18,96149,152599922564536855,746.06
6705,200,123,9,28,44082,0,17,7470045,67142,181,80121,2909683636793764856,196.51
6706,200,165,72,48,19050,0,25,7495329,93842,74,69309,2226739177875219278,455.47
6707,404,77,65,53,21589,0,15,7079654,237381,18,65733,313129909699330543,102.81
6708,502,114,81,32,43569,0,25,5777392,155146,212,85314,7541510509653661247,726.32
6709,500,88,50,35,24018,0,2,450615,241863,178,86116,6470126053719714507,515.77
6710,200,174,7,74,35290,0,18,2846812,50076,163,83993,5123920857388173868,921.23
6711,500,97,50,32,52310,0,0,5144515,79497,218,46068,5352175719203539363,564.08
6712,200,83,12,18,25601,0,25,7637731,128882,181,35128,8427194172637312000,608.19
6713,200,22,100,27,29277,0,7,5420239,167817,123,23932,4588121595376028652,76.55
6714,200,69,95,83,1242,0,6,2706058,29042,156,8294,1209617526942388165,674.31
6715,200,117,38,70,30507,0,23,6603862,19492,190,41060,561513967704900390,27.01
6716,200,141,96,79,353,0,17,3878422,198905,23,27068,6031654558759998087,171.28
6717,502,60,75,57,17334,0,8,3154907,175334,156,98127,4892448147158952159,885.79
6718,200,65,12,73,58673,0,24,4091447,192690,136,89282,7344165213708148241,900.71
6719,200,157,12,87,17864,0,26,1454641,152901,56,64644,7836410069450033803,331.95
6720,200,19,90,57,18008,0,6,1321855,2705,30,15136,6770293815337176057,581.55
6721,200,153,71,56,55924,0,21,4309024,209264,215,39275,5511809780266784248,867.78
6722,404,94,99,32,22268,45,24,7078834,246212,65,31836,7308754152447163729,381.52
6723,304,32,35,90,39334,0,22,7683770,14395,74,2785,3262725541962154056,295.31
6724,200,94,32,74,38970,0,1,2079822,76158,235,25704,566710430651677274,875.18
6725,200,61,62,89,367,0,26,3635519,147750,131,40162,6512021138337539977,834.9
6726,200,60,89,60,1536,0,21,5757946,68535,233,55500,2386974059333099714,617.43
6727,304,58,28,70,22409,0,5,2130847,154047,228,11405,1257909689250526632,960.99
6728,200,70,2,50,35433,0,28,5659782,14327,6,64091,3408523972969179696,900.19
6729,502,190,4,83,25795,0,20,5031139,183223,89,97275,7750526387524254599,221.39
6730,301,32,23,34,16843,0,18,1450069,65730,150,27713,3221362722430797481,998.11
6731,502,2,75,67,4345,0,24,5669203,47355,121,46135,4042690108007800223,950.8
6732,200,138,70,77,20748,0,19,1955201,136026,186,27686,3420974996216537469,152.6
6733,304,114,97,31,62738,0,13,5222642,82952,132,93420,7171654264282445397,539.13
6734,500,190,82,24,15078,0,17,6901032,1695,149,26614,6523962061516188531,72.36
6735,200,88,34,90,22946,88,22,4133675,53296,127,95313,8795395169479039969,550.92
6736,502,67,89,76,36218,0,15,6801706,67855,161,35058,1978986393178353726,951.32
6737,502,97,77,53,53132,0,21,4011199,117399,248,1199,5116403768118286362,348.55
6738,200,119,56,56,45716,0,3,2467236,239099,226,64860,6862652458599831808,60.05
6739,200,95,62,63,63887,31,1,7241340,71580,185,95094,7253469063235033953,452.25
6740,304,80,38,19,36191,0,0,4792432,61937,213,63416,832019587059236711,361.26
6741,404,117,23,16,36306,0,21,2945368,122420,178,46296,2932833842430048868,660.3
6742,301,110,53,47,51908,0,18,6303674,96694,222,51052,432106651182312914,869.3
6743,301,222,22,65,46564,0,16,74165,219326,234,25844,1760812167490971739,924.33
6744,200,5,37,23,45952,0,18,2536564,212229,178,45935,2430014615211815308,548.73
6745,404,98,64,66,55198,0,13,7446429,101744,180,75946,3967738640443005973,537.49
6746,200,12,12,57,40916,0,0,1040917,106042,208,50673,1561034955499352049,105.47
6747,200,99,0,78,47778,0,0,2557543,47410,39,41788,663896875011138295,603.66
6748,304,131,96,18,10234,0,25,5137889,134057,106,4807,1172333685414744632,172.96
6749,404,127,43,49,57473,0,5,648677,124207,5,61616,635236783080451186,943.71
6750,200,6,23,30,5930,0,9,6552669,145285,30,86464,4513588820179023214,6.72
6751,200,133,39,44,49117,0,11,6915655,231397,42,50552,7341867758052655691,2.75
6752,304,54,46,48,61872,0,24,4620008,196218,61,27564,7461845708976582455,466.44
6753,301,115,10,51,55355,0,21,2316958,211382,246,61151,8550403399222935335,466.63
6754,200,126,14,31,46340,90,11,7795352,80993,160,79657,3126058565760004813,818.49
6755,304,118,75,89,18215,0,18,6388193,87278,183,23184,1304790124599413016,6.98
6756,200,230,13,22,18501,0,15,4275041,74783,160,81342,5525553340517473260,4.04
6757,200,81,94,40,44369,0,19,3483239,164856,72,42099,4990834244084235425,452.01
6758,200,74,16,92,57424,0,5,7909520,36497,13,87764,7931719356896921741,714.75
6759,200,112,12,30,50171,60,1,4009477,1693,221,46854,4454741040071172107,401.75
6760,200,60,60,41,28895,0,5,6302666,242071,109,81579,4416232850974743110,558.08
6761,200,191,58,81,15462,0,18,3985560,189751,170,31220,1334757020835792782,5.57
6762,304,58,51,38,20431,0,8,4479461,198513,190,20257,7952281569598963100,190.59
6763,200,73,93,20,2611,0,18,5827046,173350,227,16111,7185863470834550074,667.48
6764,404,50,54,83,28439,0,4,5855836,44165,9,41843,5558778549222163642,977.9
6765,200,82,44,92,33417,0,17,6023762,53565,186,54113,5020579240233433249,620.48
6766,200,165,90,58,22372,0,28,4144915,43899,137,59373,8943520015629376187,947.51
6767,200,115,29,52,49625,0,8,2502132,90498,116,40477,5867506090998939563,363.89
6768,404,83,97,26,11586,0,5,6966222,216182,20,58810,8479648701314162699,388.22
6769,404,81,12,45,52302,0,4,2448646,173809,1,28639,7636337273986662416,161.44
6770,200,96,17,35,36328,0,7,5279894,75137,220,86580,2653197245167213961,643.76
6771,502,61,66,36,50729,0,6,7150386,201191,86,95895,1550621008424612868,189.97
6772,200,45,62,46,20581,45,3,6822972,190673,40,62431,7859736979383311102,325.95
6773,301,31,29,86,38985,55,27,398360,39741,5,64791,2220910312232015444,965.15
6774,200,101,57,56,36351,0,25,6955152,212250,193,3454,2478295097709375083,636.18
6775,304,44,42,48,46746,33,15,4984011,16644,20,57149,5137793666995019112,17.39
6776,200,28,97,63,52309,0,5,6005752,233834,6,25601,8814825401386667572,25.66
6777,502,91,49,78,34496,0,9,483312,157324,2,78683,3196923100925729255,685.26
6778,304,104,86,40,21738,0,27,4414331,168298,221,14320,2307941752201905793,192.74
6779,502,122,58,68,62384,0,14,1058051,77404,50,18082,7301681860299809713,69.29
6780,500,122,52,90,6543,0,12,4079264,68666,108,18044,3736867053021864463,331.88
6781,502,77,67,80,6421,0,7,5584289,245725,208,48119,6334006535265225722,321.52
6782,200,96,24,18,10361,0,1,3109720,225464,75,3474,2618739672895729414,733.79
6783,200,155,38,78,932,0,7,3298133,234741,185,37882,6692623365211026796,36.91
6784,200,82,54,27,31046,0,10,1744277,137483,154,60690,5399716507214517544,536.89
6785,304,113,92,71,48663,0,13,5783790,242372,165,49123,8848741663292525805,68.79
6786,502,158,6,62,44580,0,12,1868028,163471,145,98862,4999044880121454945,262.19
6787,502,117,0,19,46905,0,24,5511506,216091,227,39335,5225652809262939580,374.78
6788,500,19,54,82,58746,0,19,7627529,45744,73,50638,1503189747694764735,464.13
6789,200,6,27,48,61333,0,20,2533280,221397,248,28632,4710914904961497259,112.97
6790,200,141,29,91,59904,29,2,3370261,243839,65,13163,6190761554430619767,707.58
6791,200,132,100,89,56404,0,24,5687375,170591,191,91521,5198755459157483535,297.53
6792,404,31,0,87,16410,24,19,1902796,50734,240,97897,6890734602380320457,418.65
6793,404,47,21,43,4595,0,12,4231937,182870,109,88716,2135770221606584485,537.92
6794,304,142,40,20,49301,0,24,5997589,48726,149,34754,427030195208745226,449.48
6795,200,3,69,32,50000,0,20,6535419,226353,196,16180,6352523436449643200,478.12
6796,502,94,14,45,60503,112,24,6133255,87154,243,30430,8991640890069440065,93.03
6797,200,76,14,32,990,0,23,2894613,177754,115,88058,7435971445549606048,588.19
6798,200,158,61,48,33411,0,24,466000,114798,110,27485,159361106780058513,310.27
6799,200,12,97,23,59042,13,5,6227738,199046,5,92872,3352846852948925392,91.94
6800,304,75,47,50,44175,0,3,1038674,3728,56,20328,8037665299924803819,370.69
6801,200,200,55,65,2839,0,25,4218962,249878,105,71547,6255797925342444141,678.89
6802,304,69,36,62,46146,0,18,6847471,213419,213,33376,7070615093819118786,576.51
6803,404,60,99,63,37192,0,0,646399,119451,231,55358,7065333370699226482,4.93
6804,200,41,49,56,9909,0,4,6762611,67053,110,67757,2208778119217991257,26.95
6805,304,84,12,15,38103,24,4,6374573,226907,99,56101,6618979470175147219,371.93
6806,500,76,33,42,10160,0,6,6916404,33184,8,14136,5438788452590386128,380.79
6807,200,176,87,60,7273,0,24,4633492,194029,196,60275,3056336166303307432,807.27
6808,200,22,41,37,46578,47,21,1808672,40605,158,6112,4765195633531925987,986.97
6809,304,181,97,86,8996,0,2,1288113,235620,241,80111,5294239554288690314,947.35
6810,404,153,60,42,25409,16,11,2108746,131389,4,12410,7304235683435782428,436.75
6811,502,151,94,56,57688,0,9,4282791,172799,128,29751,1566600862820042591,619.26
6812,404,119,93,21,49906,0,22,7896248,96590,177,50132,1031795924564482427,188.12
6813,304,98,97,67,31729,0,26,244064,146009,163,49382,3637255860659944466,100.96
6814,304,87,53,17,52419,0,4,305533,196783,159,73597,1016476933048903514,208.43
6815,200,113,25,86,61925,0,22,1867167,140651,93,34273,6629329722909151925,576.51
6816,200,87,77,31,40795,0,16,4039222,46696,188,8288,6664123907628111355,222.27
6817,301,100,88,83,6720,0,8,450880,42598,201,81450,5534399987483232379,6.87
6818,502,76,74,80,14763,0,12,5541649,221753,1,21463,8554804281180605195,472.36
6819,502,32,23,69,42106,0,18,6712700,243743,110,7646,4526327338980434395,255.23
6820,200,106,4,37,12340,0,13,1371226,67463,138,2633,6602651967085506743,937.15
6821,200,81,13,67,3758,0,1,7068067,40631,133,57409,1893229467275396718,374.66
6822,200,19,5,84,46530,0,0,629162,193898,106,35911,5688347011701398045,264.92
6823,200,137,22,76,26325,57,22,7572336,81759,89,42720,1867407010021441128,702.47
6824,200,89,95,58,31749,0,3,3747346,166341,150,2417,965789114900097711,758.04
6825,502,136,21,59,48832,0,23,3463733,74795,175,39888,8052044043101000464,605.29
6826,500,71,2,61,25931,0,1,2332198,56422,151,39173,2465049692418473603,317.87
6827,301,168,40,54,55007,59,0,858984,84262,32,34587,3903430513222650311,322.78
6828,200,61,54,80,4550,0,6,4284341,181894,10,79354,4823954930202294931,429.81
6829,304,29,35,56,63266,16,17,5909114,99228,9,18444,7707808936908001048,809.12
6830,200,3,3,52,7308,0,27,5434812,117826,197,7620,8455932340268004009,1.31
6831,200,53,39,87,23064,0,28,7800200,111124,158,43374,6149257267001059893,333.95
6832,502,110,14,84,47273,0,9,1642269,190022,243,50487,8807609139907950128,582.92
6833,200,37,9,81,4298,105,0,3367768,134840,137,51794,3736177575125676642,285.52
6834,200,134,2,72,3464,23,10,5391927,156057,240,83521,6546432848743512000,939.81
6835,200,50,14,25,15141,0,10,641493,140488,31,67435,5512069409528468461,648.74
6836,301,150,58,35,27006,0,2,7562771,90315,166,63225,361966885280703531,784.69
6837,200,86,73,65,16577,0,19,6575454,118879,46,70614,448365853637137679,533.98
6838,301,189,44,53,13955,0,12,5789910,67365,42,67374,2963026288767590062,528.07
6839,304,118,49,19,57718,0,17,2037716,177003,98,5189,236874562778887030,108.3
6840,200,27,93,33,8524,0,2,2427506,21184,195,80395,3770039698278189168,608.76
6841,304,10,77,34,24299,0,5,5691979,199467,111,71891,137056121870706083,130.94
6842,502,25,45,49,6125,0,24,3623285,241629,249,10183,3706894724625972958,332.35
6843,200,104,61,30,48813,116,21,3555288,174178,178,16439,4463481260393536260,302.21
6844,404,41,21,21,44711,0,7,2914164,41231,134,11238,5947051245832085694,644.88
6845,200,182,81,35,49576,79,18,119736,172844,217,67182,6931757053691717094,266.81
6846,200,163,74,63,17373,0,23,7032682,115780,17,43952,1573567024744621772,316.38
6847,200,16,50,36,22096,0,15,5072717,102090,214,96179,7800435174053000874,225.96
6848,200,168,51,71,34481,0,20,7655555,94532,168,98955,5388706908310387495,151.8
6849,200,63,100,76,7049,0,3,6035741,108635,202,49964,8630198894682180164,278.92
6850,301,173,97,33,2077,0,16,2009922,87784,182,89418,2129480251048852586,308.34
6851,200,85,96,31,34686,0,21,4024957,142777,202,77686,6679002688804266788,499.19
6852,200,46,6,62,21484,0,20,3187108,202526,128,10803,8291910424190980720,389.68
6853,200,78,78,15,31905,0,25,7242696,171140,75,22454,2559239519387796069,849.58
6854,500,103,72,85,1300,0,7,2331161,167787,235,81982,137708372252555924,416.96
6855,200,27,74,82,16952,0,4,6429449,190151,221,82425,3342534151814138263,579.74
6856,200,38,99,42,52777,0,22,7029436,172828,236,59115,1531223453882273120,766.47
6857,200,22,37,39,15555,0,23,1094570,103539,242,34956,1309363406345117373,962.36
6858,200,103,6,60,24460,0,9,6787237,45228,188,35382,3953766668346443185,104.22
6859,500,99,95,28,35158,0,12,3686495,246610,30,74090,8890952835275032776,671.12
6860,301,38,71,89,32082,44,19,5578901,82482,3,79638,1930989640218066582,801.92
6861,304,7,48,20,55855,0,11,1259967,44100,19,66127,6573288382483833376,353.18
6862,200,114,84,56,20586,0,20,2573370,92672,222,30551,6372316413854085852,579.97
6863,404,85,33,91,47507,0,15,4591240,1480,159,64887,3629689254030483272,424.8
6864,200,69,41,59,8111,0,11,7421731,227243,53,93162,8479585735340565488,678.86
6865,200,43,24,37,58284,30,2,503065,162523,238,87094,6087736053108869695,772.66
6866,304,11,44,78,52323,0,27,7725255,71000,156,21608,8294446570153288132,892.18
6867,304,125,82,35,11326,0,13,7227219,61823,56,1447,3470747064906443110,977.31
6868,304,5,100,32,41830,0,21,3751792,196659,232,31619,1992683110068459539,167.48
6869,200,76,2,92,52522,114,7,3532526,23228,12,42937,2986752439439245631,309.77
6870,200,151,15,25,42918,0,18,1150748,175333,21,93104,7726131950260162983,428.05
6871,200,92,58,20,8992,0,23,5030468,116037,225,679,6614787531752437868,116.48
6872,502,21,31,79,56671,0,1,3770340,77029,3,49092,2113733177851693684,511.18
6873,301,2,58,89,29129,0,5,4063665,36321,69,91638,6232802712007725824,23.21
6874,200,134,95,51,13355,0,22,6427260,34686,34,93840,5669622119144181516,585.65
6875,301,167,84,88,11425,0,26,527854,121402,93,45313,1808396081957565181,811.45
6876,502,13,58,56,33496,0,17,7457479,46625,246,81573,8959890622996382033,574.09
6877,200,133,99,37,18965,0,5,7203812,137829,209,83837,1144729952233517928,746.86
6878,404,162,51,75,32122,0,28,1573823,74776,194,13845,602275635250883214,390.75
6879,404,34,25,84,36923,0,5,1888821,94614,172,83495,1358547453503922683,19.04
6880,200,124,41,33,1226,0,27,1631069,238619,62,97733,5282118574579302629,773.28
6881,200,119,18,75,57847,0,0,957010,234508,71,89050,4614114337053063633,458.41
6882,301,77,98,81,34668,0,28,6992796,57889,153,67909,8040568646765243112,310.88
6883,404,71,15,77,62364,0,22,5992213,161844,213,23807,8718909735862023086,431.83
6884,200,135,66,62,26302,0,5,6967313,152323,90,65632,8460271310873294443,863.86
6885,200,92,50,25,970,0,4,2781130,246393,144,75046,917231945434730976,641.31
6886,200,33,27,51,31789,0,14,4414181,62813,113,19586,7382327469730438662,990.54
6887,200,28,49,86,59588,0,24,4035205,60391,160,80176,8409841418429666410,521.87
6888,301,174,99,32,33861,0,5,3751447,64650,62,18963,1217848616715745324,414.34
6889,404,114,11,34,61707,0,7,1921985,44832,173,73794,7582908467668603201,155.34
6890,502,38,9,83,57201,60,28,6215102,17715,103,49308,1046069523729054619,667.19
6891,200,6,27,62,25305,0,3,462622,2107,132,30508,616149093703212717,719.12
6892,500,63,59,89,7775,0,19,4111048,156340,93,60121,5731878425986565554,956.24
6893,200,10,35,74,31535,13,10,3826135,56951,207,83835,3582803375894443131,484.57
6894,200,78,5,66,22383,103,6,5684591,168298,252,93707,4894166585876236972,134.79
6895,502,161,73,38,32542,67,21,4528573,243413,222,56578,3703340224908189683,756.45
6896,200,175,96,77,4672,0,12,2437148,85285,225,84914,6686683668461780619,548.36
6897,200,93,72,16,45143,0,26,2700277,98473,88,23408,1152498200491124377,485.76
6898,301,143,68,34,41480,0,2,602384,145778,144,45163,5337406311119071240,738.32
6899,502,102,55,49,15656,0,8,7173912,30929,5,18317,3127937799887110669,748.38
6900,200,48,67,28,6815,0,0,3079454,80702,186,41325,3853444568540669240,291.19
6901,301,104,12,46,12691,0,3,149692,121990,69,73392,2127831475200466756,749.5
6902,304,72,17,89,49980,0,2,3575503,199873,223,38610,1830153302523207715,151.36
6903,502,50,42,61,35240,0,7,1329447,7142,156,19447,5866858599772765100,372.44
6904,404,70,2,55,17585,0,14,1710920,60966,42,67858,7298492985780371444,377.14
6905,404,25,75,63,43380,0,7,4518728,15633,189,274,4632836520574619627,53.06
6906,200,17,12,47,1339,70,28,4016280,161722,37,66699,50977657735879906,401.35
6907,200,41,89,78,21594,0,28,414426,75735,9,87950,1671346758937208026,790.6
6908,200,86,8,91,45710,0,21,6375849,43791,184,65046,1090277919303145492,43.74
6909,200,102,80,83,12963,0,2,1879203,39891,160,56792,2477886150020741272,507.29
6910,200,131,72,22,63558,0,21,1463936,44245,35,88345,1287001219881435619,247.23
6911,200,126,91,20,14425,0,27,7963886,44740,39,63050,5118779832601603706,432.57
6912,200,78,16,32,50902,29,28,1017833,186540,115,46488,2812698338824401871,659.13
6913,200,51,57,53,58078,0,17,1754597,233493,13,55798,3686190771872929277,723.83
6914,301,105,38,92,9549,0,21,6833361,103906,156,80263,5579225906095321203,870.02
6915,304,127,48,21,21883,0,16,4034093,184403,29,59953,6703500349329457715,300.19
6916,404,55,36,42,60733,0,10,6774051,42154,163,14177,3756799410185952830,612.38
6917,200,100,63,51,62349,0,22,2565908,108528,116,5166,7050657105726121478,737.93
6918,304,86,17,40,36809,0,0,7006657,61338,167,38461,6396869282497973456,884.37
6919,200,136,80,70,5227,0,3,7215917,195642,12,18291,709064100986750487,191.15
6920,200,14,16,56,46678,0,15,3634671,86502,50,75960,1523614283120801293,642.78
6921,304,135,28,58,9298,0,11,18686,170394,150,3468,7882586521907479272,461.28
6922,200,149,90,53,48613,0,0,219995,181272,18,39270,2786338012530771442,520.47
6923,200,71,4,81,30047,0,10,7219536,142992,111,4615,5775155834234582022,768.53
6924,404,112,90,55,551,0,27,3364538,208809,65,55536,5595471783096827710,713.65
6925,200,16,16,37,49012,68,2,2267041,246767,102,89524,2154297346365442176,977.98
6926,200,47,9,36,39961,0,1,6809575,40452,173,213,6640896817201235457,30.5
6927,304,97,21,86,63222,0,12,3194865,139943,222,48646,4155560770269803103,386.33
6928,200,102,11,76,27571,0,24,5173825,165287,9,62743,1038287823383493637,485.51
6929,500,116,33,90,7739,32,14,2954115,201585,139,80058,4198094791189411644,329.52
6930,304,103,95,47,42811,0,14,7157127,63441,40,31792,1687351219606630039,659.63
6931,500,119,32,88,48776,0,6,2527106,80418,29,81582,1613908845152705083,963.08
6932,502,126,85,52,26226,0,1,6621333,235496,121,2580,7448850080669458574,883.49
6933,301,36,45,18,35768,0,7,4542593,98540,173,50186,6448645332477940490,986.66
6934,200,45,4,37,2299,102,10,5369901,187702,180,92938,3302914107289706233,759.51
6935,502,82,64,86,55828,0,14,7492974,21076,82,84632,1912429433379450578,29.31
6936,304,86,72,20,27681,97,9,2524606,123267,45,63026,3602927731041618239,653.89
6937,502,101,56,17,20009,0,13,7043615,54940,211,98907,5611736242682046282,369.58
6938,200,13,7,62,55446,95,1,6220146,25510,17,47230,1289079942818210648,357.48
6939,200,33,7,22,27688,116,25,2437233,196204,12,21795,6730815609222200323,445.22
6940,200,148,86,73,15197,0,27,2064490,32069,87,7808,6603627248073835602,427.66
6941,200,51,38,84,26118,0,13,960750,30555,46,17620,4762113565276970548,467.12
6942,200,67,22,63,27556,0,14,3863546,162305,252,33765,295618556072049845,6.85
6943,200,136,85,89,43122,0,1,3816232,121805,223,68658,706825910488203370,351.0
6944,200,112,35,56,54679,64,23,2583981,208670,156,97001,4476387251219795313,601.67
6945,200,4,98,90,28085,0,12,12914,38190,232,73252,3144854234814809701,197.1
6946,200,79,20,60,41898,0,11,5870148,238123,24,15070,477401884685798593,452.29
6947,404,83,89,84,29624,0,8,2777563,167454,153,52443,5561930979826162324,533.69
6948,502,19,19,35,44400,0,26,4894759,147504,91,73953,586066695297302302,164.84
6949,200,197,4,60,12718,0,19,3147906,196825,73,76938,714417052374759837,389.86
6950,200,89,52,43,45506,0,22,751695,207526,169,51260,6254706227398751623,590.81
6951,500,80,56,80,31309,0,11,3222929,162655,39,86015,1508290435806691433,188.87
6952,200,65,59,16,14958,0,13,1086232,173751,73,69662,5509084084424758725,121.99
6953,200,66,79,58,27072,0,8,4360604,225644,139,54483,7690687910944124087,188.62
6954,200,33,71,65,58810,0,21,577567,213769,156,49331,4000796579277300921,487.9
6955,200,22,44,86,30940,0,19,4464130,153751,223,8762,6656874716290119896,200.04
6956,200,238,59,36,249,0,23,5059355,8096,169,76530,8716255130031719850,225.18
6957,200,177,95,89,27978,87,22,787538,140395,36,77207,8950295252028902556,400.5
6958,200,218,23,66,31532,0,22,7614781,149057,208,91297,770295049466707721,510.07
6959,200,175,18,68,4680,0,26,5148907,177207,204,61561,1629672612988365256,848.86
6960,200,99,6,90,5120,33,18,7165429,54862,69,32585,2264707123524864608,894.9
6961,200,83,31,64,15577,0,6,1669088,214402,22,58659,5829946733607059268,544.16
6962,500,68,61,23,27219,0,14,1309802,136460,60,26879,4879063981746848657,606.37
6963,500,93,3,91,46022,0,14,3851517,169834,69,28454,4392866883292372042,115.14
6964,404,31,10,41,20723,0,12,853402,23262,232,72208,3588491321823936294,191.82
6965,500,55,69,48,14495,0,0,6322726,59178,163,80344,1640077589529193536,554.26
6966,500,43,63,89,32551,0,11,4167116,1064,190,90760,7836180698716663372,196.95
6967,200,192,78,75,58416,0,11,4678175,231942,243,50414,7571713576896775175,729.5
6968,200,67,95,42,44456,0,20,1443824,170055,19,62302,2220578925417144165,433.65
6969,502,54,76,27,61934,0,1,3464889,11748,248,87163,7996626089420562884,960.4
6970,404,192,16,24,19720,0,23,962506,184677,106,67490,8254532399305455557,325.27
6971,200,136,45,71,60631,0,5,2775260,221592,47,13275,7830955358090876322,383.59
6972,200,38,24,92,42422,0,12,6860995,244114,152,23452,7334608284946349193,874.44
6973,500,94,83,76,47795,0,4,4947922,226897,156,75629,4618822219978061598,73.13
6974,200,38,71,56,27965,0,20,1967131,21497,103,23111,6206518400228439017,500.06
6975,502,69,36,85,3353,0,10,5250961,48204,174,19950,4544988402259009518,204.28
6976,200,5,27,34,57290,0,10,5846048,192059,226,89984,5639622340914103446,956.52
6977,200,29,87,64,29976,5,1,2304942,138885,245,85404,2492547307771463795,551.69
6978,404,24,73,17,18668,17,24,6221546,99512,219,74265,5728938489802755272,620.2
6979,200,40,72,34,30922,0,17,4763245,199201,56,48619,4087925412129919987,823.62
6980,200,34,35,70,26024,0,22,7924577,215863,222,96595,7233510561686853250,457.99
6981,200,33,33,19,39663,0,25,531407,221620,109,73738,1347647035044565429,645.35
6982,502,113,45,37,32439,0,4,3106980,85468,174,45497,403174284666034798,651.67
6983,500,56,26,55,13295,0,20,5970454,41606,74,35746,5867551483820767295,580.25
6984,301,170,99,63,60828,78,9,6177844,89854,142,97807,3592790295637166996,176.74
6985,304,118,74,86,35790,0,16,5694546,213561,227,9259,8795789373765078405,41.35
6986,502,114,24,32,25617,0,0,1566933,246879,34,24331,956731707671164999,350.45
6987,404,29,53,85,3872,0,6,4195316,204317,36,76302,2013384650922712341,798.26
6988,404,158,44,88,35564,71,28,6138288,216307,24,68428,1665328080046973027,40.79
6989,200,7,26,42,33229,0,6,338247,187666,49,43826,1650138117223993054,794.91
6990,200,68,18,50,58048,0,27,6750357,246670,0,756,1989031997246805810,918.64
6991,200,62,25,84,53895,0,15,6584585,225839,155,27143,3691481193838131890,596.59
6992,200,91,53,63,4574,0,0,1424000,177789,23,3749,1530473135346926321,533.24
6993,200,97,100,73,2828,0,23,643232,245993,135,53286,6561780615436737750,270.9
6994,304,115,54,38,3232,0,5,6303112,69237,70,65269,2772194048062555095,869.23
6995,502,38,74,35,33810,0,10,5998,237056,173,64371,585693280708843923,665.9
6996,404,87,65,70,22283,76,22,2983898,171811,61,5149,5738005469674194103,155.35
6997,500,41,39,15,49937,0,28,3994579,157766,227,89126,4453503046185835733,256.26
6998,200,40,14,52,13803,0,3,3657562,24757,98,59296,4696576861497054440,258.33
6999,200,31,10,30,48769,0,26,5307758,76952,67,5239,6900928200076563973,296.25
7000,200,34,92,48,56756,56,1,2745082,99354,151,94003,3487029780428634179,822.0
7001,301,53,20,28,23401,0,22,6012110,127438,114,56314,7443685084931044135,869.24
7002,200,98,22,23,25001,0,14,2027721,113127,105,55988,4444660850859967380,955.7
7003,200,65,21,41,23664,0,3,2575976,110805,198,76311,8363350237662575921,69.63
7004,200,19,41,81,31987,0,0,5702363,185575,224,91869,5707256461842431296,955.54
7005,301,50,71,56,16045,106,23,6022818,59928,177,95888,8553441965247437161,909.31
7006,200,211,60,92,56266,0,26,2653229,92288,198,31571,8693770829883332427,313.72
7007,404,140,88,82,37947,0,24,693666,16263,81,61219,7680819417363843107,276.95
7008,502,143,41,88,28803,0,17,4803132,242744,210,11608,6660420602034287277,812.87
7009,500,78,83,31,21100,0,7,472493,131991,95,54664,4892219699250834224,651.62
7010,500,6,5,64,44287,0,20,3551913,166908,229,79510,6629194484251641595,25.36
7011,502,29,26,35,28809,0,3,4640445,98615,91,72196,3616538073587310630,436.95
7012,500,22,3,92,6531,0,13,5758672,147647,100,70035,2795434650077170316,431.85
7013,404,0,13,84,34135,0,27,6775970,168143,52,82550,7927455793064589173,290.14
7014,200,0,20,46,35330,0,27,3275093,8381,178,40884,3002496946235611156,421.19
7015,500,103,82,82,29326,67,17,4454989,25778,233,28404,484991377926205270,118.07
7016,200,69,23,52,12588,12,13,4340571,235687,222,14304,1853374975901613896,167.67
7017,200,99,25,58,9422,0,0,5763307,149346,52,55659,5543968324670312230,701.33
7018,200,148,74,37,58360,0,7,1721179,205995,140,69777,8509206717073552754,681.48
7019,301,120,82,17,41558,5,16,3867267,101417,206,36479,2026858186112742054,450.16
7020,304,176,51,84,63366,0,23,2527502,173358,210,6668,5714094271537089478,907.66
7021,200,42,2,28,10316,0,1,1863727,35835,195,8017,7189653099676792099,875.34
7022,304,1,60,67,1552,0,19,7028412,204894,30,4816,8234752469676644561,953.06
7023,304,57,98,83,40548,0,17,1550807,139324,224,37404,6216978693937831022,148.44
7024,502,62,74,54,38238,0,25,3880239,73023,126,43367,6392750882722715859,582.82
7025,304,168,53,84,61818,50,23,1909874,148799,141,60314,1084145138501221019,688.81
7026,200,34,29,68,51141,76,23,2668744,36372,99,79555,4793467654192415100,621.67
7027,404,109,4,60,45060,0,10,532470,209457,11,82528,1346383530453358410,942.99
7028,500,114,53,76,18015,0,6,5316138,231912,82,37695,2452354871441095118,279.33
7029,200,144,31,69,22277,68,5,6727483,15344,166,91465,7085603764226637910,351.34
7030,200,190,33,79,47677,0,23,6055714,49478,240,7224,7722003318439182825,216.85
7031,404,110,89,58,53184,86,23,7220970,53255,67,30987,2633149895811506088,859.9
7032,200,99,6,78,9028,41,11,4726119,84274,88,51746,1321614430798594340,42.32
7033,200,133,19,85,34706,0,23,2600165,29847,87,92530,1966618193481908164,865.97
7034,200,145,8,71,41088,0,10,445712,17856,134,69339,8471290316924185107,283.0
7035,200,238,82,33,41987,0,14,6799232,53705,21,44005,8283358019880935148,177.44
7036,200,249,39,57,13061,0,28,6560307,82540,173,73061,6977937760404188258,479.17
7037,200,47,2,45,14728,50,10,2335526,242796,148,97198,74565559905501684,204.71
7038,200,121,97,55,58882,0,2,6545866,174654,179,64402,2871236586883111001,628.9
7039,200,131,24,33,34799,25,16,4773394,9267,198,83889,6527183101663843836,409.3
7040,200,44,23,67,39198,0,14,748444,107735,126,98872,1868895924463059045,337.81
7041,200,55,89,16,24313,0,0,6968168,23699,174,51569,516849353054539018,546.19
7042,200,99,66,35,6382,3,8,2230330,226823,36,49759,17502278598444074,10.42
7043,301,100,51,62,8271,0,9,6215940,47750,68,49537,2179660513566746389,777.77
7044,500,100,67,61,37004,60,25,7166687,22843,244,58720,5132647178953957840,799.24
7045,200,13,87,20,44151,0,9,7896489,83927,140,11201,2156749807209942768,921.77
7046,502,80,7,17,23367,0,15,6541697,76988,216,89558,2002438841182411137,123.03
7047,502,30,2,49,13941,54,7,3505318,238823,58,92109,3110655449507436990,379.36
7048,200,84,40,32,31297,0,28,726189,130196,75,94613,7603412515444640650,713.34
7049,304,99,1,86,30177,0,7,1185145,203434,235,95538,3655300167517743989,213.64
7050,301,58,63,15,48224,0,9,7944592,35814,5,32276,8968816110918491198,409.67
7051,200,64,66,29,967,0,16,3233613,138435,13,48138,7334073307984346692,710.24
7052,200,51,74,77,20285,36,16,6440861,222972,197,48745,7783259687059118642,268.62
7053,404,118,45,36,61238,0,4,5911347,35215,254,23714,3954423870587859526,988.37
7054,500,256,82,18,52086,0,6,2672227,241372,153,66804,6655207820769755885,401.25
7055,200,94,50,83,9926,0,7,5664411,21372,28,58845,4926418072230921938,582.43
7056,404,100,62,57,22697,0,6,5506349,176942,159,71053,1348304708258783523,649.23
7057,500,45,68,74,49713,97,23,4017123,169116,130,10934,8849060260788102057,613.01
7058,200,96,19,59,21947,0,26,6552941,60006,246,38145,2445953086309547346,509.8
7059,200,33,57,91,33198,0,24,5063107,112267,84,15143,5941326298380969199,521.87
7060,200,48,42,20,54629,0,9,3352216,66821,32,39835,2923245355883561624,819.34
7061,502,141,63,67,8202,0,27,5227821,228185,2,41243,6809125828604556890,333.91
7062,200,47,100,46,53884,0,14,5630722,54323,239,24022,2646259549863640061,31.04
7063,301,127,95,26,567,0,6,5828407,120512,144,11002,644035705126651216,656.56
7064,404,23,64,73,3200,0,25,5410870,73614,164,26570,1762490721024577092,290.84
7065,502,36,45,90,49204,0,23,1800898,87854,46,31832,6473459881627729602,725.67
7066,200,43,19,44,1654,0,17,6683290,198051,23,69796,3267588402076070000,234.22
7067,200,72,5,42,3149,0,2,6655902,113292,21,57747,4189273828115850627,414.8
7068,500,39,27,18,38822,0,20,5073834,132716,36,77985,5670699857898308092,996.97
7069,404,26,86,37,32404,0,11,2546360,112641,148,90218,3996080947567570805,516.31
7070,200,112,78,40,28601,0,25,3234057,118664,193,9066,6594298768469631698,470.41
7071,200,138,61,74,13322,0,12,6643240,151099,130,70182,761265939664285949,918.64
7072,500,33,86,57,38801,0,16,7468490,217491,128,84208,3904315231120717845,863.02
7073,500,13,88,48,17684,0,18,7312176,188576,248,73151,3323431818338182598,587.21
7074,200,106,83,45,16548,0,22,367645,169462,131,38683,1834431710527233588,703.17
7075,500,27,20,37,51889,0,20,4450870,194372,129,59542,2215541745109239632,727.3
7076,200,75,73,49,47958,0,16,4473594,64763,95,61659,5549175059175738643,598.24
7077,200,191,58,22,37874,0,15,7200798,180576,31,14431,5425598882050298202,582.76
7078,500,179,6,51,44162,0,21,4883648,148542,253,93744,3686465306673823395,727.11
7079,200,32,53,76,56332,0,1,586018,57089,58,72218,7060173782959668447,948.69
7080,200,32,87,27,53323,0,24,1556670,88621,181,61682,6386160956246129014,845.11
7081,200,22,49,90,19011,0,8,1968031,135556,203,55285,3825205211854810587,235.86
7082,502,139,7,69,37505,46,1,2466497,62861,220,67160,6346211319148038,28.1
7083,200,115,42,88,35190,102,27,1183499,179888,166,94175,2837886544630963752,154.52
7084,200,21,63,29,21174,0,8,360342,183514,232,88699,1909737885135147850,72.78
7085,200,43,66,78,27589,0,21,7678506,41292,23,87513,1674622692391576138,366.1
7086,500,128,86,16,8549,0,21,2553055,198315,72,45004,6924300477759334340,676.83
7087,500,13,69,53,45813,116,24,2393255,80295,169,77777,725062818563220318,633.91
7088,200,22,84,23,31175,0,12,1507417,16667,83,9433,487124962037736886,793.02
7089,304,245,16,90,13496,0,10,1749174,204152,53,33487,8683923562436377833,341.57
7090,502,131,63,51,24881,49,13,3508229,201073,181,6588,8343121493453460733,649.56
7091,404,113,85,23,47416,0,23,6762170,139983,195,38033,7043689702457889946,393.8
7092,200,13,54,59,13683,0,26,4352888,52254,243,29902,96350231620793625,641.39
7093,200,127,52,69,50444,0,24,1436546,155661,217,86110,6980175055682564860,152.85
7094,500,94,80,20,57073,0,24,2887969,37608,99,72301,2816637494652351810,10.55
7095,200,209,43,24,50030,0,18,6963885,240994,231,77131,2149702293652796652,36.58
7096,200,148,82,52,48984,0,28,6909833,239689,213,99287,2534618845564622934,119.39
7097,200,88,92,71,20856,0,28,5225765,34842,173,49389,1313445109193133570,958.57
7098,301,86,29,85,60444,66,28,7950254,223373,229,43342,3064867642380729566,630.02
7099,200,66,98,63,37539,0,23,618607,39866,54,83563,556514634759305855,248.18
7100,200,59,11,50,4853,0,19,7935892,26982,114,54743,6307276837970758172,688.09
7101,200,88,93,48,20663,0,20,3741309,58617,84,80975,5934421728608397494,969.77
7102,304,180,83,90,29240,0,5,292997,193335,175,81251,2351398059945788121,780.91
7103,304,24,22,52,22505,0,16,3977501,127435,76,13894,6876101770083626355,897.57
7104,404,34,23,89,44266,0,14,2992901,72536,192,19299,5329841430523916644,556.83
7105,200,148,6,28,35449,0,11,1596536,164961,57,98784,7151757702407998330,439.59
7106,200,102,96,53,33879,16,10,643425,175948,32,85327,3282677561303581182,171.16
7107,301,14,76,67,10022,0,7,863882,68624,65,72686,1498581706366273990,92.68
7108,200,37,47,89,29899,0,13,2376474,203490,226,21150,5077691501822118904,236.04
7109,200,76,2,30,27686,0,21,6936517,85743,179,19387,1514335417388048283,622.04
7110,200,175,34,17,4850,0,19,4176840,123073,170,36783,8925543186879007468,292.34
7111,500,56,38,41,52222,0,21,7383800,40448,202,45912,6341065175597617675,608.33
7112,500,21,4,21,41963,0,20,2535648,35862,5,58793,1276231651485848255,377.75
7113,301,72,79,50,31491,0,3,5331584,111273,41,79767,3704607898145580054,716.77
7114,304,49,25,87,52181,106,23,1729827,101437,10,88731,2427857885304578207,123.05
7115,200,68,53,42,49295,34,24,6267254,25537,11,33515,7451025324108360194,385.64
7116,200,148,73,63,58360,0,18,1133722,208474,160,25443,2207113371550712500,952.24
7117,200,107,21,78,17141,0,26,873486,34093,191,77208,660283146142961823,420.58
7118,200,170,54,77,23116,0,9,3233124,153603,252,42227,6804668281646535070,737.28
7119,200,62,57,53,31486,0,15,3133044,59577,130,32646,2057263033342976021,491.14
7120,200,211,54,29,33967,0,8,3382026,19210,183,40471,6899364780283118719,408.75
7121,304,119,39,74,12861,0,5,6685856,4306,213,33785,305606674656725568,647.61
7122,200,144,73,17,50940,0,6,2097001,16872,8,71843,3480443965489931685,771.26
7123,301,29,37,66,28650,0,26,6908929,68858,245,44676,7743695130020228706,414.9
7124,200,13,32,81,31221,0,12,4523155,179606,35,38986,7713140764757864817,959.46
7125,200,14,90,79,10780,101,20,5436261,130878,142,83410,3534227676861969450,681.27
7126,200,40,54,17,41322,0,20,7739199,203704,180,3898,3067595201901915843,343.31
7127,502,38,12,83,15125,0,17,1794602,189332,158,77408,3423388485723055786,35.49
7128,304,87,83,36,30302,0,25,7054157,52552,45,82849,7651283718664868272,781.34
7129,304,187,6,41,56675,43,4,4606732,83296,128,79246,2946724613854564401,623.06
7130,304,149,61,48,29766,0,1,1480995,25281,45,2993,2387553392562039377,118.64
7131,200,142,32,61,41607,0,23,278556,167611,71,37550,7895930764825102904,188.34
7132,200,48,76,92,13990,0,14,7590663,193619,122,45377,6312272707472603606,113.32
7133,200,107,48,55,61248,0,4,6412770,214843,194,72391,7943570285618285832,919.84
7134,301,1,79,72,12531,0,5,4216390,152312,224,22364,4996458714306824008,181.61
7135,200,178,37,47,40358,0,10,1503178,175508,5,9321,3550013644679083874,272.63
7136,301,42,14,40,63799,21,13,194606,4658,61,5092,1852480591692971572,681.29
7137,200,93,78,64,56715,0,26,5415055,8823,67,75801,4217473268514429458,480.5
7138,404,110,23,67,57842,0,7,4128372,20911,5,24250,3876185416644838970,216.49
7139,200,46,42,43,52433,0,10,6115104,100408,130,66990,5550208580059274518,978.62
7140,500,59,58,79,44853,0,3,7935465,4308,43,51685,7261706781720710500,35.5
7141,200,52,35,73,42349,0,5,129452,65946,224,69558,115314535908395829,141.03
7142,304,103,7,90,63549,0,24,3104305,211670,70,56118,3382617665072291559,672.83
7143,200,54,9,63,57832,0,14,1514267,93231,27,1580,1676419627471564504,857.96
7144,200,92,17,21,47942,0,8,5434208,129135,21,59515,852446435601826106,485.27
7145,200,8,100,37,33271,0,20,6602270,107780,92,83010,8894672802230465872,507.12
7146,200,119,27,69,32726,0,25,4323747,107301,26,68739,3635304984114488698,161.22
7147,502,121,64,55,52733,0,10,1841436,39845,187,50211,881860149943755677,412.11
7148,200,112,85,79,40564,0,26,561753,69624,66,82248,4172057963635645422,803.85
7149,200,39,83,40,40663,0,23,4805508,15414,157,70174,3753581365544799666,488.14
7150,200,165,15,16,7254,0,9,1187663,172501,188,67582,8222673593086772350,136.54
7151,500,86,17,89,1779,0,24,1828541,31324,186,90914,4101201755081968784,84.18
7152,200,73,98,66,58638,0,5,6678822,207905,17,79577,4701029646123605897,48.88
7153,200,65,6,20,59973,0,25,224747,180352,226,51829,8921015096966392162,924.15
7154,200,140,31,37,52313,0,9,2217264,64812,191,71456,8984023713306794611,931.0
7155,200,14,99,79,27377,0,11,5480619,219820,62,57367,8962679331584435863,316.31
7156,200,99,100,17,32364,0,9,4054626,87637,91,6324,2072750052449660073,92.49
7157,200,72,9,31,41769,5,24,4076925,153582,83,42000,7072484597933695783,326.73
7158,200,41,98,62,54912,0,25,7654123,29906,95,79310,2082322844614930940,832.48
7159,304,112,7,64,13578,0,23,7744991,224134,12,86015,7718572286105920850,907.24
7160,500,34,84,57,48824,0,6,4068799,246200,166,18626,4508993352004615011,613.5
7161,301,68,64,74,56234,0,2,6851926,70458,64,19604,3863744185514067845,642.49
7162,200,176,75,84,59203,82,27,1192534,73961,159,80373,8695094272119806603,846.86
7163,200,24,3,91,42239,0,7,1574004,219340,144,90370,7700639337063467975,527.02
7164,404,219,14,77,53722,0,0,5166488,5083,92,67549,3081690421706266710,324.76
7165,200,97,24,49,10123,0,1,957693,142279,172,51969,3867099807252610536,537.3
7166,200,5,14,22,15250,0,19,4018459,13788,140,52391,3760637252392856082,306.28
7167,200,127,60,79,54064,0,5,220756,206646,217,71196,8535275232256353431,684.19
7168,200,184,35,31,7995,52,7,2199749,115645,177,66434,6564690640661721377,590.16
7169,200,21,24,58,27166,0,25,3959165,114497,167,698,1177186277626473434,2.55
7170,404,95,16,58,60779,0,5,3219176,63635,245,49093,8965199630609215027,426.3
7171,200,102,94,47,55607,102,14,7385400,41353,157,36519,7163648707166678762,962.92
7172,200,83,96,79,40685,0,5,1842606,127077,47,41513,6803891671329121031,422.08
7173,500,163,23,81,53034,0,11,5851346,103401,39,14144,1936306450040292801,792.35
7174,404,67,28,28,39720,0,23,1828230,210018,130,11250,8004219919045542391,294.3
7175,200,149,90,68,62407,0,14,1922663,205352,122,56132,1693059173506169033,55.59
7176,404,253,27,21,50628,0,17,7376486,203019,83,19868,3069868468910233309,621.96
7177,304,137,17,34,60595,0,16,5382844,31336,218,55439,7183968833135516135,498.4
7178,502,112,52,71,14602,0,4,5522700,19207,14,69553,6267448534294999113,630.95
7179,200,33,93,49,28384,0,26,5710420,135871,170,70681,3570752704382061053,476.44
7180,200,68,91,63,11377,0,8,2268275,39121,65,42606,3641938927336467191,524.94
7181,500,129,22,90,11528,0,28,7918071,89883,142,56361,3418407655978157947,131.18
7182,200,5,60,53,14896,55,22,2662086,158687,54,87779,126842758963848632,307.43
7183,304,56,32,43,59573,0,1,5253450,3177,126,67198,3463978986631486845,423.32
7184,200,6,67,59,38742,0,19,5454031,235883,64,75675,4742921067296374694,602.8
7185,200,95,61,86,22477,0,6,4449223,208234,24,57745,3436859415523272870,225.73
7186,200,70,70,21,62850,0,23,1613086,229324,63,49288,5832174296778896885,963.86
7187,500,128,2,75,42267,0,1,6563735,125058,150,48716,1300966125850155453,47.36
7188,200,63,73,53,60541,0,11,233863,215662,232,81678,7959193620012466781,590.69
7189,200,87,95,59,49797,0,7,5451007,111969,69,68966,7093437827407783439,133.64
7190,200,169,76,27,51372,0,7,200356,155033,25,69518,6854448865672756586,524.45
7191,404,144,37,30,34616,0,18,7099882,234432,177,66687,4044612607493088424,730.95
7192,200,198,53,29,8159,7,5,99643,210371,142,38148,5142038000225982469,929.8
7193,304,4,24,46,31624,0,3,7778003,127319,93,1450,521627016653094892,795.42
7194,404,34,78,57,59752,5,26,7675863,21451,166,42884,8130232620025757267,139.62
7195,200,91,39,80,33575,0,12,5515528,28815,98,15497,1200359819102112197,252.3
7196,200,190,51,64,41382,0,27,1443036,26099,65,68450,4337510067412661296,808.32
7197,502,82,58,46,31703,0,7,5666438,164608,33,68716,991846000865411010,690.93
7198,304,71,68,52,5466,0,27,7041049,240098,218,63984,5571705360573777669,717.81
7199,404,1,84,27,30176,0,2,7804404,171591,115,57154,8690108688880112325,502.48
7200,200,75,35,61,9240,0,3,5396218,150714,6,78284,5248058937364529588,536.97
7201,304,35,85,74,62688,0,19,2408044,57437,39,30647,411365037365363517,292.07
7202,200,3,100,77,26952,0,13,3178666,214623,199,88993,2753779455020493099,638.54
7203,404,79,7,15,19507,0,25,4867945,119918,197,86873,8526924694035209830,876.69
7204,200,159,63,18,11959,0,19,5872679,49968,90,19335,8774747750637436876,952.83
7205,502,129,59,46,59222,0,15,707228,218757,198,64092,8396725184490416708,966.64
7206,404,65,12,16,44643,0,1,5578959,143486,102,22861,1026543013182091124,511.9
7207,301,184,30,26,52555,32,24,1321892,5243,80,80638,4520016174420554105,633.73
7208,200,101,71,65,51841,0,26,3394555,175155,37,14491,6597473443374796546,790.98
7209,502,101,57,63,62308,0,13,981139,244338,14,14106,3355541111443157023,319.84
7210,200,97,42,58,45514,24,0,294001,135094,140,94108,3937199673672802100,647.78
7211,200,131,28,88,42010,0,25,4076751,13738,207,91217,4508333937745903932,519.23
7212,301,68,14,89,29923,0,19,7038492,139976,153,78420,4291856441606283043,234.26
7213,502,41,32,34,61858,0,27,3074363,91399,18,71878,7715142862721463124,65.76
7214,200,72,23,80,34855,0,25,1789233,248020,2,99014,6294224838154387384,755.38
7215,200,14,94,28,46448,0,0,4888610,17025,54,95445,3870515668971870414,853.33
7216,500,67,39,61,12075,0,24,5329991,246855,38,41908,3751906642897944,814.59
7217,200,158,84,50,4085,0,17,5967402,220120,48,65569,1790223222700948122,194.3
7218,200,109,82,92,38976,0,14,7940864,242049,55,22986,2876180400302598461,710.87
7219,500,32,57,62,714,0,1,6306691,234827,37,7728,3374920967700944039,106.79
7220,200,19,36,18,32026,0,7,2630161,166416,10,73670,2251693133760333304,105.52
7221,200,33,19,36,56462,0,6,7386796,178592,33,7058,8498746791909214803,852.36
7222,502,46,94,87,41033,0,1,1812337,233032,142,15583,7582611445209722323,488.46
7223,200,56,19,43,44096,0,28,7396099,175760,51,67801,4945476458486381062,329.54
7224,500,61,48,63,1309,26,6,577806,59878,79,13151,5153994266030472945,215.49
7225,304,67,71,82,44350,111,3,6283105,237746,94,21312,8307452674998518322,581.91
7226,301,59,73,67,38324,0,0,6839657,140653,129,51257,4986438861727028118,686.87
7227,404,108,31,74,49518,0,8,1867450,141989,59,47865,5243255317668938625,176.81
7228,200,15,13,27,9710,0,1,1737647,16270,196,85845,8271607011826051122,450.94
7229,200,105,74,53,31648,74,25,5308961,188956,84,35592,5172058209302831857,846.65
7230,301,63,67,61,57485,0,18,5742913,41465,4,27496,4162437166122645818,854.55
7231,200,40,67,25,56571,0,25,1200050,218774,175,71848,7798780655741046120,984.46
7232,304,114,69,75,40978,0,25,2861050,151307,3,93791,5678894354216308831,299.25
7233,200,56,50,66,54913,0,16,1149029,183713,250,22563,2625771164434407453,603.94
7234,200,44,60,89,5917,0,25,700552,170011,236,15924,41197545034253433,29.66
7235,200,21,12,55,27916,0,12,5337455,189446,172,13235,900242578960928014,179.54
7236,200,2,63,75,34001,0,5,1060251,214973,223,73944,7289361680741527310,266.61
7237,200,121,12,79,58133,0,20,346349,95868,161,71865,8713739229606211151,321.84
7238,502,94,34,48,23258,0,20,2178041,40539,174,18490,6609039039368480168,960.73
7239,200,91,13,70,48012,0,3,6323708,89453,26,50532,3212017273455978143,940.34
7240,404,0,31,28,45985,0,9,353052,91046,219,33018,7269785116624509711,362.0
7241,502,27,30,44,452,0,26,1375102,59819,129,44441,2973185405173530629,99.54
7242,301,13,90,91,10002,0,1,2564151,164513,157,16898,511765751352901643,816.89
7243,304,6,95,69,6867,2,9,4570823,216271,158,41070,8128441853317511158,828.42
7244,404,85,79,45,16223,44,1,1555178,209344,157,53062,2633852322359541020,167.47
7245,404,126,96,49,7009,0,5,686789,11130,93,26362,7752554232849730879,59.79
7246,200,198,34,29,40439,0,12,2792375,103304,222,57646,2436859153498807688,781.57
7247,200,83,28,39,44142,0,9,4438605,6419,22,23554,4821158761027847153,854.03
7248,200,92,43,34,61695,0,4,1353796,79615,208,99194,2270092654056164394,187.85
7249,500,139,63,65,9392,0,15,3713757,207184,209,84946,1854712859854540027,909.89
7250,500,127,87,16,60859,0,8,7638487,61946,160,5847,6662272605246791498,770.2
7251,500,0,82,53,42545,0,12,149454,80403,192,1628,7716449206510054249,275.58
7252,200,111,35,21,7796,0,22,3322775,212647,248,90156,5312505016308674912,997.85
7253,200,43,48,74,17166,0,25,5610599,149403,172,39973,128061683911770537,556.53
7254,200,84,64,74,48306,85,13,2634124,50432,157,74531,2675675971520239119,786.93
7255,304,34,78,58,24846,0,3,2085667,249671,225,26681,1055746856136379928,68.85
7256,304,99,53,31,57393,0,18,2679473,33542,134,50475,260822023213929573,779.19
7257,200,115,30,46,41139,0,2,4194379,234274,205,63887,2280366756450418819,192.84
7258,200,119,80,26,57508,0,3,6988279,100556,179,4296,4270443831834139048,936.66
7259,404,44,96,31,7085,0,4,3933276,170668,80,80345,4104209541260903580,184.61
7260,200,101,47,91,38549,0,3,4828272,7752,222,16799,5979611604918399652,333.09
7261,301,206,53,28,34890,0,0,3950073,239304,173,31187,2242340331754146611,304.93
7262,200,110,66,91,14528,0,9,112417,234640,161,31365,1612530267848482249,629.39
7263,200,48,63,85,42928,0,24,5577688,95888,180,30393,7816612030042076105,134.44
7264,301,12,88,62,61673,0,5,6628539,48523,246,25160,1771741777533358648,371.91
7265,404,64,80,66,5023,0,17,5535761,60799,119,61035,3980750274905930524,515.74
7266,500,28,69,25,14392,0,6,3808470,196559,86,46249,8908736060578866849,761.57
7267,304,94,82,35,590,0,10,7775398,173949,18,91764,5811844789284040793,397.27
7268,200,31,56,39,10024,0,20,1079503,212642,29,32514,5759014363457476063,119.15
7269,301,16,26,59,13465,0,27,605152,140851,15,38710,3569614186620009609,82.85
7270,500,13,68,37,20032,0,27,2216158,149944,252,38634,6990436858808147134,453.96
7271,404,94,92,30,59050,80,1,7358091,104514,42,4489,3612851843700754028,228.59
7272,304,100,40,69,12930,0,6,5474196,27773,70,89836,1953701265151581795,109.13
7273,500,99,79,48,27307,37,4,4072433,167210,144,74662,775140068424676130,232.03
7274,500,150,64,59,23725,0,2,2338370,68443,176,11021,1930979675552717616,885.39
7275,200,105,82,49,50004,0,10,4774972,226841,113,79624,768249012040959651,859.79
7276,304,84,10,74,41046,0,5,6783687,50654,222,95112,3973500024061750000,716.29
7277,500,199,25,90,1416,0,15,1072901,117998,31,51484,4455581620783929960,420.01
7278,404,4,24,24,19454,0,0,2268550,56443,203,76417,8424511596071346192,953.5
7279,301,38,54,60,60989,0,28,4435196,227170,21,80076,4044701421220317996,489.52
7280,404,148,99,87,40288,0,1,3727707,69843,89,14297,3107483029672889097,367.45
7281,404,139,58,44,19096,0,23,2854686,178856,223,33017,7780785760446969229,281.82
7282,200,123,46,49,25693,0,28,2973634,160263,42,85238,8604092529366244419,102.07
7283,200,57,24,23,2820,0,6,2021919,217816,26,39464,3993438405778336695,246.95
7284,502,158,89,81,58656,0,4,1780285,115673,216,5342,2289272214075566145,359.9
7285,200,159,13,71,23727,0,3,2935353,234066,54,17064,6082171677626650873,487.19
7286,200,124,32,68,40734,0,7,7714234,221949,59,48397,3628246840438165319,953.42
7287,200,157,81,82,19163,0,11,5450166,129605,212,71680,5337237772554462730,107.06
7288,502,70,39,19,10129,0,21,2742186,107780,115,1116,8473983123217097730,350.7
7289,200,69,24,62,40473,34,13,3151046,13311,70,10932,5588507128737114545,491.29
7290,404,10,99,91,27915,0,6,4976996,167318,36,22091,7131802633841065526,850.26
7291,200,146,22,57,56171,8,7,323778,51516,199,14734,3368726115224615695,105.19
7292,200,117,57,22,16780,0,20,3385911,107887,104,21801,8592371892028581677,85.47
7293,404,6,13,21,5429,0,28,1801696,160635,123,85234,3051359790657576141,821.19
7294,404,152,10,37,57314,0,8,3312379,26910,149,2546,4852365255818273586,243.48
7295,200,136,0,50,48623,0,6,7214557,85530,72,65227,8065481025445798372,611.68
7296,502,110,59,70,47069,0,20,7423396,121824,220,85776,1336271567648401514,382.94
7297,301,165,90,18,39158,0,16,7664374,113833,63,72933,4589263032964421353,804.16
7298,404,56,29,46,2652,0,13,2443772,126443,4,50202,65365363673666639,849.32
7299,200,64,48,44,57255,0,23,4470538,186769,15,8486,1252794847368273658,37.04
7300,200,165,50,72,1243,0,7,891357,9186,2,63240,2507374304780177315,67.8
7301,200,108,89,72,37531,43,11,6171487,122665,188,3415,850341727347844095,565.56
7302,200,33,23,22,19638,0,7,1596629,36220,212,72917,6958648399810920068,509.08
7303,200,92,31,21,30671,0,19,1345263,239318,208,34608,5464115259969938274,620.13
7304,200,55,70,61,3290,0,0,2609725,126249,103,43687,6916610550064745349,924.2
7305,404,24,79,83,63419,0,3,5267809,155409,166,38181,4496865574336827787,899.72
7306,304,9,11,61,4864,0,26,1952912,130916,68,7208,4335670595113445792,996.67
7307,500,162,13,68,41028,14,24,1895018,157228,232,54569,7221544115315237329,202.51
7308,200,6,74,59,26819,97,19,5703685,223587,188,40188,4560814318204305740,576.82
7309,200,24,42,67,38253,0,5,1653838,181428,235,67584,5838068030625249851,137.66
7310,200,182,88,23,28135,0,5,7243053,67071,43,37704,5108199633759067861,483.6
7311,500,101,95,62,1455,0,4,6292421,32259,24,39098,8181778472094293041,15.48
7312,200,60,48,88,480,0,13,2950631,75632,64,90769,4973844137650994381,53.2
7313,200,70,0,73,53117,0,19,5509289,85004,186,99199,5943740214415951859,481.67
7314,200,125,11,84,25751,0,8,2070962,147779,63,58354,6466308224441408665,238.02
7315,200,60,11,24,31814,0,16,3006912,78861,128,71003,8697830344052941462,789.91
7316,500,85,40,57,27530,54,25,1903065,63131,251,68523,221206032965570714,92.48
7317,304,62,58,32,59212,0,7,5842467,135389,117,20674,2600412438366765380,53.95
7318,200,86,27,19,62273,0,27,2917489,155142,223,94388,4504415768318310886,124.22
7319,502,41,28,43,54061,0,25,5971450,33703,38,60244,368061070174819808,23.85
7320,301,155,83,48,57335,0,22,1028545,220287,232,28799,4206549148789901821,565.41
7321,301,90,16,31,6660,87,14,6763486,239969,8,86478,271828803011420180,780.4
7322,301,67,4,92,48628,0,28,3082277,237940,102,94706,406356303036853129,673.89
7323,200,146,44,18,7243,0,19,7802469,181020,58,83420,5973285072954120950,492.56
7324,500,80,82,56,25824,0,5,7136281,81051,255,5674,4036920407675543746,918.38
7325,200,103,61,69,2578,0,14,7538235,77560,17,96429,7963668591119160143,423.37
7326,200,56,16,46,11658,0,5,2499787,177755,147,54391,7112260519330970387,486.29
7327,200,162,8,38,52466,0,9,7424268,4748,221,53295,2448651235213983094,853.85
7328,502,67,39,76,7626,0,11,2317284,224108,14,54106,2277121823245047171,242.28
7329,301,176,95,34,19413,0,3,3802548,125240,173,92260,3204889101956490666,87.96
7330,500,2,11,24,34118,0,3,4721275,241925,17,33140,7662203039635514264,958.97
7331,200,100,77,15,12556,0,13,2506925,110819,2,80401,8415858551909025118,50.46
7332,304,37,44,90,55132,0,20,6055534,158694,20,10105,3361709216873058349,888.98
7333,304,25,69,35,12471,0,7,854152,152134,185,62151,6506904119303979593,791.85
7334,500,131,16,28,49380,66,16,3744274,103017,192,15568,434508723705822365,701.74
7335,301,182,52,89,53255,0,21,1912760,193083,33,35410,8153426706698818095,376.31
7336,304,91,48,41,45364,0,8,7334211,230992,134,69543,4278792432824459124,92.43
7337,200,90,41,26,2622,0,13,7508249,234420,6,71071,4203749603497352355,786.72
7338,200,103,53,87,27131,0,1,1241252,21755,19,1387,4854634833316147198,757.57
7339,200,158,95,48,24412,0,17,4768510,180277,127,30131,8767419375411362303,586.45
7340,200,82,21,82,25044,0,24,7097197,132166,218,49331,1557502166254716516,461.66
7341,200,141,21,66,63012,0,17,2907016,178030,247,0,7924086374774789667,818.08
7342,200,113,41,83,48252,26,7,2826073,18422,135,69613,3925335001632432943,550.35
7343,304,121,38,73,46886,0,27,5661312,9717,200,77224,4457821947821999073,464.39
7344,404,103,50,80,32334,0,19,4501129,195583,105,87817,200795394501616267,159.99
7345,304,187,43,82,48685,0,25,6740770,154001,8,44821,2036771827429307302,527.18
7346,200,57,54,77,37746,0,28,1399946,205527,213,63300,3142750383808652457,87.67
7347,502,115,15,80,11194,0,3,6676235,89089,224,72820,1671549969518983046,338.47
7348,200,58,38,41,17063,0,9,4477546,49125,214,67288,8688859854535414431,502.34
7349,200,186,25,55,37242,80,3,1047570,12366,227,77417,3634338435683894880,362.95
7350,301,88,36,37,41534,0,19,3645871,65707,104,28081,1627840574515549042,180.99
7351,304,151,61,80,42969,0,2,3916986,82972,221,70282,8992521232818591183,467.49
7352,200,137,93,66,27606,0,15,4956204,192993,158,80083,8941393354972142485,751.2
7353,404,2,95,18,20781,0,26,4220467,114798,45,64843,3766509323529196119,759.63
7354,200,114,63,39,32263,113,11,2496337,98027,156,26140,7630071522127366920,913.75
7355,404,204,93,66,9851,0,0,6631975,25743,6,41406,6231811985379166370,287.54
7356,200,197,90,64,39428,49,9,6500762,19072,105,33407,3863958845642042399,725.68
7357,304,25,26,59,52716,0,23,6446574,59948,173,81779,4824932007799770269,249.29
7358,200,57,47,65,59722,0,0,6663655,119303,253,63231,7982914606784975420,150.64
7359,200,117,0,56,41124,0,11,6634341,135515,56,84069,2247711498692493890,316.79
7360,304,38,6,27,33679,0,12,1646234,112963,140,7633,2444314020343806393,990.73
7361,200,41,68,63,27053,0,12,761069,204093,212,88196,2922042118271242729,269.0
7362,200,101,60,48,11535,0,0,3619687,221506,103,18242,4211938635832632825,598.58
7363,200,49,9,27,26216,0,14,6845521,139256,174,83179,7970633611765193547,660.48
7364,304,144,77,21,60558,0,8,6858000,153895,101,3090,2991262007141266208,492.89
7365,304,22,97,77,47123,0,16,4901146,216349,22,68122,3718605828870399742,504.38
7366,200,102,77,22,8947,0,26,4628098,514,67,98090,1275831593660866054,787.27
7367,200,59,13,83,52561,0,14,4929968,160456,83,67685,3547524736868633766,255.06
7368,502,57,74,23,12419,0,11,120504,57261,98,91646,1947410855381730078,431.89
7369,502,5,77,62,57519,0,28,501535,41848,166,75414,4825707962448350134,199.83
7370,304,32,3,62,4993,0,22,2768349,7704,22,47114,1018248591570307876,279.15
7371,301,173,20,85,32705,0,13,5497078,3312,168,88065,6204228431203294195,113.73
7372,502,72,47,51,16251,0,9,725911,28416,154,27845,643056470065447706,379.98
7373,404,107,71,29,57248,0,11,966068,65403,141,22128,3682385158506011889,488.19
7374,301,62,71,79,46204,0,10,1244283,185863,196,38924,6317733712253215944,750.65
7375,502,150,71,29,63039,0,8,3778587,148870,21,17574,1184623622692241697,300.39
7376,200,79,0,44,46344,0,2,3875298,107421,231,15208,6092330642216176212,586.0
7377,404,22,3,85,7325,0,26,3372416,175445,89,48359,8928457665862425658,568.51
7378,304,79,9,67,49432,0,20,6341475,42501,9,45343,7286398188945045861,403.59
7379,200,5,59,86,4414,0,23,6705630,138139,143,4658,5838740957049398125,782.27
7380,502,25,57,60,17502,68,28,2273032,139201,199,47563,1254789241708755926,385.94
7381,200,1,68,33,60370,0,18,7880290,184741,250,93716,6811427503160134317,627.35
7382,200,144,98,63,16610,0,9,4430592,167173,160,2847,5695692953331150914,904.27
7383,304,61,48,49,17457,0,16,5602838,47181,141,88851,5808848274717068325,559.26
7384,301,85,89,85,3937,0,27,3580685,233275,222,60422,3792350865799925877,818.21
7385,502,58,60,36,28702,0,4,3975979,119027,126,10781,745448491451650159,269.24
7386,301,65,25,44,54709,38,24,2041178,190657,129,38266,8056560826176026577,595.52
7387,404,179,34,26,52873,0,15,442044,38904,186,88282,1201524106286940835,892.06
7388,502,98,93,39,4862,0,15,5351381,171614,107,62905,8894415990778375613,777.23
7389,200,51,57,86,2943,0,18,7605726,174642,14,65517,5816613549684364692,145.18
7390,200,31,47,34,25583,0,24,107698,185979,80,11035,8883564029709764259,867.74
7391,200,246,33,22,7420,0,23,3411572,14299,158,77327,3121113908755218274,739.98
7392,404,21,87,89,25803,0,16,5647670,21095,241,14049,7169836495370753261,344.86
7393,200,160,91,61,42365,0,20,4307210,226536,192,90853,3525321714546598671,771.21
7394,500,59,16,91,38561,0,12,6017740,227563,205,12696,2403333862432732588,985.9
7395,200,37,22,62,20005,81,10,397186,171139,231,9690,5348718526013399928,193.15
7396,200,47,85,56,38087,0,1,6672413,112292,73,98633,7023634331659267293,609.66
7397,200,101,7,42,30289,31,24,2814760,16881,127,15508,1911035385347929687,298.68
7398,301,50,81,30,3864,0,22,7095774,202297,223,5875,3670336221592661504,249.8
7399,500,7,12,35,52427,0,19,319827,146926,116,69087,8782924143920475891,788.19
7400,200,167,11,52,10257,0,0,787383,118083,181,83579,2376861945012536884,457.01
7401,200,81,6,91,14505,0,4,1374567,167875,179,85374,4785238173912902030,120.09
7402,200,208,73,47,1863,0,9,1878018,137022,154,58909,636344146461695557,94.48
7403,200,92,15,69,10821,0,18,4679306,217574,171,36600,8996023357060101045,12.43
7404,304,56,2,91,55548,0,24,6762176,185079,209,41239,1541846257321462748,501.66
7405,502,55,8,50,13453,0,1,5813496,8672,25,98115,4523177830938251663,920.41
7406,200,67,74,74,39221,0,6,4637624,140672,184,82888,8542070394756155115,503.6
7407,304,131,93,49,21757,0,0,785388,3428,63,34699,5710789830174935706,375.43
7408,200,123,68,61,30575,0,19,3557942,116067,216,35752,7079149316467519361,96.28
7409,200,175,29,29,56581,26,20,1957069,227073,90,67881,3962433570650572622,931.51
7410,200,56,84,82,21761,0,5,4595120,86882,205,42469,5925476837305211948,885.05
7411,304,220,44,53,63929,0,10,2126313,98503,236,97153,8221375989653126309,949.52
7412,200,140,55,19,6499,0,21,6430028,87099,184,32183,406277189787058382,341.85
7413,404,124,43,86,32944,0,5,3981922,113952,32,20007,4312520980331858512,767.63
7414,404,9,71,35,16377,0,24,2745608,10959,174,23436,6938080068421206597,372.83
7415,200,94,12,68,1814,74,3,3744735,26919,217,29413,5127592670515891827,51.05
7416,500,46,53,31,9964,0,1,7021957,189705,20,44,5429570583799479294,609.98
7417,404,104,37,65,55043,0,16,7642645,143966,153,39642,6435331580954134065,379.36
7418,502,18,71,86,49981,0,16,504045,6500,19,87591,6995577155171346683,111.46
7419,200,21,56,28,19874,85,20,7342025,98084,159,10466,8362575991081097956,161.69
7420,200,139,82,40,59847,0,13,5943439,94575,128,38986,1198737130125690215,785.29
7421,304,130,94,76,16719,0,12,636489,40502,48,37813,2648180033128109274,947.38
7422,301,46,86,40,26816,6,8,7126497,37283,57,30902,356073397983165401,348.12
7423,200,6,73,48,63036,0,15,6853397,168603,128,50252,6376929707479453169,913.39
7424,200,4,84,16,25204,107,22,7669730,101437,115,86990,8862721336569755334,277.89
7425,200,49,71,25,63993,0,19,2144015,40699,32,1242,3419801560007188911,600.89
7426,200,96,56,21,8649,0,11,3327889,68287,135,43982,8073697407283161236,942.55
7427,301,83,29,56,52555,0,3,4098829,210276,18,63774,2313281408242607601,847.93
7428,200,26,55,33,37691,0,22,7834415,111143,154,18966,7749043960941839894,994.44
7429,301,135,77,77,32160,0,23,473399,234373,206,29491,1887487964533173465,310.11
7430,200,79,31,82,6410,0,21,1835201,166505,175,21570,8722080559463033567,443.33
7431,200,83,74,49,20858,0,27,659507,3082,13,41646,1623202868000709003,943.0
7432,200,41,29,57,16505,0,3,159645,59076,223,19108,8284629796917857476,656.85
7433,304,129,16,36,54252,0,16,3088575,39981,95,81302,4383811973431637343,694.48
7434,404,81,13,44,23363,32,27,2854898,29576,235,47414,1480248335583383288,326.09
7435,404,12,71,65,52963,0,25,3793807,150569,165,13749,6591786568724454713,703.42
7436,200,43,19,18,52884,0,15,2088748,44814,190,61411,4440523569523012910,429.45
7437,301,38,21,63,10019,0,14,7009474,1186,235,44021,8198959325482144489,11.95
7438,200,48,18,83,3904,0,8,238813,56397,15,54280,8858299140824359427,579.1
7439,502,46,71,59,34405,0,24,5675388,13819,63,74337,3353610759448967061,688.1
7440,304,59,40,82,25508,0,4,6017572,72421,115,28438,5041672498616954345,522.68
7441,200,48,62,64,27982,0,27,2885673,119233,68,16279,5498991747951517019,850.57
7442,500,12,45,35,45900,0,26,7777485,90753,19,54161,6275390156728636754,698.13
7443,304,150,47,34,531,103,25,4563241,212351,210,19975,935456886176476896,475.32
7444,200,85,43,48,33091,0,2,7913532,179559,195,86183,902535300680605096,747.28
7445,404,88,10,48,11326,0,5,5160572,76902,54,43422,3857769221147115395,375.65
7446,200,25,30,51,18197,0,28,1382626,21165,97,11937,2066633843426423159,906.44
7447,200,56,88,54,25778,0,28,107983,53493,73,18132,42094323429840876,96.54
7448,404,106,51,60,11295,0,27,7035241,80837,164,62358,8288353672515564956,261.44
7449,200,60,19,89,27968,0,28,5047677,128428,117,47452,5907560095233305146,477.93
7450,500,24,97,36,61383,31,4,424273,25314,110,70360,1504368957182499976,878.39
7451,200,34,47,76,16484,0,11,4847084,64418,67,19028,282261052754797070,229.9
7452,200,86,63,55,1693,0,0,5117780,244519,197,80589,2603295967180474124,50.44
7453,301,79,72,32,32327,0,28,5524966,220147,144,3506,6505795421553882846,147.28
7454,301,101,67,85,24286,0,27,6200839,142614,118,23626,1228325637180418795,892.05
7455,200,92,48,28,37351,0,9,1224591,112923,6,26364,8060335872845609776,906.47
7456,200,94,87,63,22473,0,4,2936346,156292,125,76147,1610937376661988808,44.72
7457,200,118,56,34,31742,0,0,257846,20445,249,9462,8354298775098496377,791.09
7458,500,46,16,27,8945,3,11,2345335,221648,164,70206,2768844167475274533,431.15
7459,200,6,99,88,25411,54,15,1836862,100496,32,91052,4684013381765355762,176.13
7460,200,96,87,51,9735,103,17,5128348,65745,103,63756,5142453573533669226,295.2
7461,304,100,17,47,62150,7,22,1299744,89762,137,24708,4750215441333659855,468.56
7462,200,10,37,92,44155,16,4,7537381,212104,114,36880,483934167305079030,863.87
7463,200,88,87,43,53341,0,5,6939132,218491,194,49008,3284703218550799576,665.64
7464,200,109,18,63,1883,0,27,2729253,221040,5,88929,8048487594256967703,543.1
7465,304,40,73,55,23568,0,26,4757635,52934,181,93247,6811909629192294883,144.61
7466,200,169,60,79,13269,0,9,898105,16458,161,40841,7904704003460699315,809.67
7467,500,103,48,35,46688,46,17,7386658,193566,86,39769,41299610054140737,901.73
7468,200,124,22,45,24565,0,3,2452414,53488,81,58345,1889013677713869544,265.95
7469,200,52,50,21,6304,0,17,7665107,194824,200,20035,4985543924065276478,87.18
7470,200,170,12,65,28622,0,20,5920380,174136,163,42573,1418630285842955788,951.69
7471,200,24,6,20,49905,0,20,7546034,119712,173,69810,8896664492215220637,973.22
7472,502,115,64,29,33408,0,15,1989322,158805,190,7704,6296365377637870693,871.25
7473,502,120,98,25,19279,0,26,6647338,179895,211,23930,953040687533264447,781.8
7474,200,79,34,52,27727,0,23,7343656,66019,82,67473,2508417656110402179,164.19
7475,500,33,44,41,55464,0,25,6090796,80019,170,71717,6516667356568458630,979.85
7476,500,134,24,59,19251,32,20,2855919,76589,122,90187,3539310647584367762,158.39
7477,500,138,0,65,57780,0,3,6306457,214087,62,48063,1762336993597203034,422.97
7478,200,82,11,82,58912,0,13,3077416,78278,206,6190,7901783275929489349,661.09
7479,200,65,91,63,47743,0,5,285802,138016,157,76066,8153095385680214275,791.69
7480,200,43,76,86,52420,109,28,135556,75936,203,29867,7904323940813371534,36.04
7481,500,52,35,41,60323,84,0,179634,71723,152,6133,6300852658340442592,33.27
7482,502,242,37,56,55583,0,1,7311075,94220,189,67712,853455171350325011,125.34
7483,200,138,79,53,2846,0,0,4521695,537,206,3689,7046502686856387234,644.7
7484,404,79,0,66,57925,0,25,6347979,79151,13,22574,7980281614221236356,572.2
7485,404,25,19,64,40839,0,27,2275097,137563,40,95298,6807684245172937718,114.21
7486,200,20,69,56,33449,0,15,1357629,57355,64,8550,1190578864928795257,574.79
7487,200,23,30,18,6527,0,26,3067418,150213,103,14875,4812468020306811386,619.83
7488,200,79,96,23,61446,0,7,4013976,18426,74,96747,2221022064694481491,502.98
7489,500,106,7,18,23901,0,21,4034528,49108,180,21259,7403870218940516619,318.08
7490,404,89,33,25,49089,0,21,5479223,66428,65,4061,5563664002850197549,166.87
7491,500,47,85,35,14705,0,5,802382,239341,101,82887,1689986903363279908,757.5
7492,200,156,83,47,12405,0,19,2125017,113968,94,60746,3758733029913854414,576.74
7493,404,54,100,74,47923,0,10,6304882,175273,100,28917,2217653884436444166,688.75
7494,200,123,77,92,9237,0,1,5903730,45602,122,96036,6100528376870284970,366.73
7495,502,90,79,91,57343,0,14,4440116,207269,4,12761,7245769471208827067,132.54
7496,200,114,16,84,10143,0,16,4454013,143033,105,81328,3911792505228844249,480.05
7497,304,110,80,17,60107,19,27,4491649,32430,62,92272,6807299010879939897,120.5
7498,301,135,62,80,61799,0,2,2569923,123480,84,50055,4482193344092798057,906.01
7499,200,171,45,30,16987,0,8,6306924,241222,245,85699,8982590367998669610,479.45
7500,304,123,84,65,8161,0,27,4839691,132739,186,52742,8931491849860484532,715.7
7501,500,150,93,17,30448,0,23,5412039,60559,175,52365,1874751032224619244,986.6
7502,200,45,78,44,24129,0,12,5822344,107057,33,50800,3402515005728915913,164.54
7503,502,203,49,51,46297,0,26,3311452,2324,254,41396,7128133403742126285,819.57
7504,502,69,49,85,37563,0,20,2030183,133858,157,50761,3870613459768804594,326.62
7505,200,41,5,57,52864,0,13,753374,231346,8,75746,1629298575098465479,532.83
7506,304,16,43,28,44535,82,26,6845299,76489,47,46461,2213075575483106411,628.91
7507,500,102,87,29,24199,0,16,6512266,11046,93,69942,1015804592155714614,324.54
7508,200,125,11,71,5109,0,8,4595789,132986,118,21314,8551135785750082595,173.41
7509,500,83,55,68,8959,0,10,2510926,11237,136,1852,605631096168242307,722.09
7510,200,115,43,44,7555,0,18,336132,153867,236,48390,7768833050432537188,912.46
7511,502,18,10,31,28787,0,24,1861004,8090,217,15376,1790715551757477388,510.65
7512,301,91,94,41,27423,0,26,7175628,217010,236,63675,6889420960104401960,515.58
7513,301,171,23,85,58048,0,5,2485506,108261,189,21319,7334796604722968284,459.66
7514,404,28,15,84,9421,0,22,4599497,21319,254,66606,4572325108368002779,433.37
7515,200,17,30,33,55934,0,26,1874741,65974,163,55126,7409812258896273122,750.74
7516,200,90,56,54,24168,0,18,2400147,104396,239,51989,8534009598137686320,214.35
7517,200,3,23,79,38549,0,12,1219143,126408,99,6291,1055312532041495299,499.7
7518,200,100,66,89,59329,0,9,5600881,156509,161,8071,6588053826327401766,440.19
7519,200,34,6,40,17609,0,0,6145031,191392,28,38336,2235324917661015798,182.46
7520,404,52,44,28,35212,0,24,1144770,146025,90,43841,3791198843867597417,961.67
7521,200,116,85,74,14514,0,27,6123403,48133,85,6349,487128167056334611,444.28
7522,200,7,65,85,57591,0,4,1396077,247388,224,40589,1481411565347737261,930.14
7523,304,74,3,25,46189,0,11,7547068,244289,177,27804,6010223209085388726,307.15
7524,200,6,23,50,8797,0,5,1267115,249302,145,59759,110629201447306007,639.31
7525,502,22,100,52,56792,70,15,5660727,130525,108,65128,3902772832839653849,209.56
7526,404,51,100,35,11504,0,5,7637831,192502,44,50964,6295799038793772297,981.12
7527,502,27,15,91,15888,0,22,7606623,218654,168,36585,7405866355603458821,673.13
7528,200,54,25,68,30957,86,22,861286,161823,248,95249,2134849153173465334,817.41
7529,200,230,11,18,63879,0,13,2569487,164488,102,88783,5466915124127540353,394.45
7530,500,103,97,32,1558,0,7,4300230,219475,189,62093,8536978174526131965,210.75
7531,200,79,60,30,44974,0,0,5040717,12576,16,53919,3645500367300833578,957.43
7532,200,18,0,28,52182,0,8,2105612,106093,131,71373,935889464468623410,966.37
7533,200,130,52,33,11543,0,7,4331525,137637,175,33332,6965805080681289683,79.27
7534,200,164,35,39,19039,0,1,2679609,231804,235,93757,5782710986511833650,440.28
7535,200,110,94,19,2147,0,5,7277332,201404,241,89965,3477247508872370870,810.58
7536,502,145,9,90,18154,0,25,6427423,88083,139,83596,2985330122235527240,944.95
7537,200,75,43,70,25629,0,25,3050662,228208,120,26637,5547064928200713722,583.94
7538,502,133,88,29,48939,0,22,4068548,99026,36,92751,3079114507353079792,250.21
7539,200,61,29,15,6183,0,14,1034934,62611,139,11323,7276320550182029044,604.85
7540,200,180,72,51,60760,0,3,3407745,92545,146,93550,2824383811279659745,188.01
7541,404,122,75,73,5756,0,7,7637409,156442,48,53509,6555755950751478173,404.42
7542,200,77,59,30,61866,96,4,4985794,173175,25,50775,6500461007066873932,608.77
7543,200,0,70,17,54909,14,9,730226,185206,197,42828,2296957829131447053,260.96
7544,404,76,2,20,63630,0,20,7350113,171805,145,95153,4336048731284026401,961.55
7545,502,58,91,55,38397,0,5,1523532,38972,157,71928,866282821893248223,343.75
7546,404,77,8,26,23141,0,1,5868143,31146,88,81197,8311611340865199758,503.97
7547,200,8,50,56,51179,0,4,7448029,54083,35,22880,275242665129996804,211.03
7548,502,167,10,77,24678,52,13,6406705,3538,179,60316,146631212671424111,169.56
7549,502,54,76,51,55419,0,26,1363855,87066,2,36111,8106646578574801524,634.41
7550,404,14,20,26,25231,0,13,6513763,12900,233,63844,2737459524344377643,793.44
7551,404,106,97,29,38896,0,8,3116125,192784,38,15776,3135542103548492389,319.6
7552,502,33,67,15,22563,24,18,1351784,161057,73,16328,1541352466715008318,411.29
7553,200,67,40,75,31743,0,3,5145894,198409,33,78507,3267072557100811425,772.24
7554,200,76,43,72,41405,0,3,7705751,12358,172,27455,1539707314613084281,331.48
7555,200,66,84,81,61225,44,13,2597829,142525,49,86038,2516000758137856511,759.51
7556,200,92,52,46,62418,0,11,7998319,66429,242,15568,4587791872472159072,566.13
7557,200,60,44,34,8782,0,17,4544169,208479,138,23187,6224497924963313856,64.08
7558,502,56,25,92,43777,0,1,5591528,54643,2,5098,7108624130960586861,213.38
7559,200,114,93,64,53151,0,6,915919,160947,242,79819,4517638537226351227,138.23
7560,200,118,9,45,36069,0,5,5242738,91260,42,5164,6900402015714752041,962.84
7561,502,32,64,70,4342,0,11,5778831,12051,91,11046,3896662942762173341,973.79
7562,200,104,1,71,30352,0,3,7886800,84987,194,1889,3136144144562729427,814.02
7563,200,37,26,66,34496,0,3,6719663,62998,191,19639,1158812120832627458,412.69
7564,404,107,44,75,237,0,4,6433954,187347,138,41097,152511993613615263,489.08
7565,404,91,7,63,2171,0,2,2837966,13620,130,64118,6451509272838684480,528.38
7566,200,130,11,56,61703,0,13,6909403,223352,221,38583,69602470019277664,235.24
7567,200,45,81,32,14956,0,16,6993338,24412,74,40852,6181269206684246925,66.9
7568,502,91,94,26,22822,0,7,3006959,137389,45,7452,5293191320542100651,52.08
7569,304,82,24,49,6792,0,4,7327815,116603,239,89597,5781543305328742326,370.04
7570,200,149,19,87,12290,0,14,3867664,101101,193,36189,1500660259271792460,152.25
7571,200,111,31,60,4003,0,0,6047770,164950,199,36858,2625016647398893441,188.0
7572,502,152,82,47,57410,0,0,1992997,235312,198,85183,5959037451347656262,466.62
7573,404,63,56,67,26416,0,6,121855,183523,197,49808,6382373539101908164,977.11
7574,502,114,91,72,8114,0,13,4977497,8015,244,29300,4086226222592203343,439.89
7575,200,67,79,91,6861,0,10,520945,46262,189,22459,8415612955040800607,566.06
7576,200,87,84,70,47008,0,17,5257112,42687,190,39601,4702854479120311998,861.81
7577,200,20,41,61,58529,0,21,6672236,32226,139,49270,5302974313444716512,243.54
7578,500,65,48,51,26645,0,14,7316952,78801,246,22105,6570109345637759251,190.59
7579,200,77,81,32,32790,0,20,983059,22134,61,2600,8523688645212722435,225.33
7580,200,30,8,50,39375,0,11,3332772,76277,154,94105,8130038699963015326,882.0
7581,200,97,43,29,44467,0,23,5957117,25964,222,62162,2763975737414933204,973.54
7582,404,97,71,77,3792,0,3,1218838,168777,49,20376,7849625138128521286,533.54
7583,301,21,71,62,17723,0,7,6786280,149826,3,42725,6391067436657587963,425.11
7584,404,30,58,50,45817,0,27,312975,87267,143,56318,2650569594226632796,244.2
7585,304,90,14,74,24626,0,9,1411738,243323,62,37374,7555187420514076555,387.32
7586,200,154,71,67,1848,0,18,6092784,206531,29,43384,7917818074082674124,893.28
7587,200,171,38,41,44786,0,25,7375299,168201,234,23230,7554268735324593419,980.11
7588,200,79,58,79,56876,0,20,6514396,189662,164,1932,2080397112186414428,733.15
7589,500,80,65,19,42698,0,28,1445994,218776,42,62504,5214690656016130817,346.54
7590,500,29,69,77,25099,0,3,3745640,23834,132,29986,3890343406719838658,249.57
7591,500,195,44,88,12870,0,16,7035393,109675,72,75456,8591113014757104370,682.73
7592,404,174,26,23,10678,0,5,3344828,115980,138,26383,8756552116717599768,917.93
7593,200,124,60,90,919,0,14,6431996,60026,150,33706,1449318722006978200,735.73
7594,200,41,77,51,54426,0,18,3915502,14220,207,75850,3913347205140695334,270.74
7595,200,48,98,36,12318,0,6,1742102,218008,20,64204,6136466425598632233,380.95
7596,200,170,4,46,47752,0,7,7568296,170271,100,414,1578033479713148897,262.02
7597,502,59,73,76,8742,0,12,5739644,83460,200,83643,6544601928508601998,102.49
7598,304,75,43,30,30448,0,0,3105884,6454,175,65259,7355723303824006069,955.48
7599,404,65,47,15,24445,0,0,5531771,66733,11,34627,3152832286453842353,751.84
7600,200,27,77,70,14311,0,25,1847561,228686,185,73385,3120467666357573118,357.59
7601,200,66,48,72,8787,32,5,5550595,248803,44,10118,5822785090019095469,489.43
7602,200,57,90,67,31773,0,9,1832679,71108,112,54853,3011672306909186225,789.13
7603,200,85,34,23,29662,0,27,6953060,236770,90,16062,7560296357300773627,480.57
7604,404,118,26,90,30543,0,2,183105,163753,185,34128,1075919515304490998,996.01
7605,200,95,60,29,45627,0,8,1431896,123651,246,60957,1670265476771267175,814.34
7606,301,11,35,61,16431,111,10,3977767,139986,229,77391,6334323219308586338,696.49
7607,200,32,3,38,31583,115,23,5750560,127113,171,85734,8230581710389613045,986.27
7608,200,13,61,24,41466,0,14,3919131,126968,140,88538,5635087685088000705,394.55
7609,404,19,52,72,42910,86,21,3829454,142840,247,91626,6567124180783754309,6.32
7610,301,67,100,80,56808,70,23,7908974,56031,80,13726,4167884975901049634,48.35
7611,500,28,49,51,63265,0,14,744736,127557,224,92782,8485822519935325214,498.26
7612,301,33,67,38,48263,118,8,5775281,119728,206,69284,638628806526540095,672.55
7613,500,90,14,65,37078,0,24,3848326,215277,40,22013,6620754213564145311,899.27
7614,500,86,77,64,50041,0,15,3775968,213352,6,90623,393677769136064636,743.52
7615,404,171,81,41,37338,72,2,1616194,191185,221,84442,4720828101729456,299.36
7616,404,132,52,80,2759,0,16,2926938,244776,36,15555,6806617436604573202,952.58
7617,301,74,9,43,41353,0,9,2325834,125309,81,82153,8733410714615392457,181.58
7618,304,60,45,53,39982,12,21,2487693,152344,187,65852,5963044527306218992,336.19
7619,301,245,2,74,49284,0,10,1206424,131176,179,53123,257012803304024483,321.43
7620,200,192,34,61,54962,0,20,6104390,207567,194,17560,2844974463917898812,32.42
7621,200,94,63,39,53924,0,24,2438463,67014,216,28672,5564388100382678216,210.96
7622,500,83,53,27,16044,0,10,7930262,106471,199,1050,7597955755796052268,173.28
7623,500,100,71,53,34733,18,13,6857689,102074,151,43554,2800218975853530228,256.3
7624,200,8,55,61,60920,0,12,7110884,56917,251,20051,1251776593327951601,939.8
7625,200,3,0,45,56199,71,15,7334893,209177,113,77751,4460110026143918944,993.47
7626,301,43,13,68,5792,0,6,5979815,60867,145,32832,5202759104141269391,863.55
7627,404,76,27,49,21617,0,4,6422907,196752,162,79736,3832655370551804623,581.97
7628,200,11,100,21,533,0,22,2560507,1157,222,79338,6388297988166241421,532.45
7629,301,96,28,49,32231,0,10,1211845,98371,233,26506,5643665742509604376,903.7
7630,502,134,63,24,39186,0,26,5535501,122415,244,46673,8501734369125702054,397.23
7631,301,64,32,29,45505,0,27,475732,126615,82,85365,6047312562512656642,596.84
7632,404,141,58,26,9049,0,7,6090047,225255,154,3791,315752361200075401,811.1
7633,404,126,53,88,59657,0,11,179303,113262,167,88023,4595710141552467410,834.94
7634,502,102,68,31,57105,0,0,6170561,7975,182,83950,2008828306070326472,161.2
7635,500,73,35,19,49775,0,22,903228,178262,236,27341,4746805876577524917,5.25
7636,404,107,54,66,14538,0,13,257899,78329,106,20422,2521155756451420397,962.21
7637,200,38,11,55,41562,0,28,6371994,149531,234,81870,4026319566339371437,610.57
7638,301,71,26,92,27948,1,17,1913914,192849,142,78542,6496566174843575761,162.02
7639,200,18,13,78,1129,0,18,6983490,37550,137,74233,3450204913466572391,499.26
7640,500,84,76,87,4290,0,8,7763147,165945,220,60546,6433100947019066260,832.11
7641,200,72,98,69,14237,0,16,5245774,182600,154,38611,1655434043179435435,59.68
7642,304,35,19,85,15717,43,22,7700517,34897,218,87120,1550293736094772104,37.23
7643,200,169,93,44,60886,101,14,4280734,143775,78,12797,1503766994062638193,47.49
7644,200,22,12,27,25125,0,26,4544111,174854,174,35750,2749086030526207591,12.31
7645,304,152,86,43,63246,0,25,4798353,237883,163,16122,1777998099437394734,385.39
7646,304,38,69,69,51107,0,18,6341261,210916,230,10889,620251114001327611,905.93
7647,502,126,57,71,42002,0,23,3219171,127724,4,98258,6698772470512468299,397.49
7648,200,4,1,91,63667,0,11,1315562,18341,52,46151,1245729435844636281,318.3
7649,502,31,11,67,10895,0,1,7822104,97441,205,10697,7485314679097175336,921.92
7650,200,10,24,37,26512,0,0,828203,116697,152,67036,1170989114793604022,165.9
7651,200,47,36,70,27753,0,0,1312052,219382,91,28507,1737383906889599714,125.15
7652,502,72,68,65,51790,0,4,5628601,230086,91,72489,2728164876794344630,947.37
7653,301,120,100,57,646,0,18,6422595,81538,10,87520,2211096412268451283,170.5
7654,304,99,29,52,48273,0,28,2674451,187849,241,39887,3612437617116313411,627.75
7655,200,32,17,21,7142,0,3,7053030,229500,19,3910,8814522311090019035,3.8
7656,500,104,78,20,18153,0,7,4409408,220617,21,18355,2568778646098100453,226.58
7657,500,74,97,60,27722,0,16,7477571,141190,37,99272,6733558732434929249,431.61
7658,200,123,5,51,30318,70,7,695370,127551,243,73240,1002642712378634949,925.49
7659,200,44,10,53,59826,29,2,401534,14422,139,32737,6741950631705141933,800.09
7660,200,102,47,83,16683,83,21,3669478,29866,95,81782,533730490435846690,978.62
7661,301,27,96,30,59912,0,21,5501094,240599,163,58460,6220177710856163974,105.35
7662,200,224,46,68,7857,0,6,1145804,44017,87,20768,8701847167823339969,330.75
7663,200,54,55,26,46733,0,13,6743406,67281,51,24752,5567386721590355538,31.54
7664,304,22,93,43,48465,5,20,5909570,86262,210,40041,4820648523239634297,143.66
7665,200,85,85,71,49651,0,28,2786108,116892,143,69388,8246041751155703675,759.86
7666,200,209,58,84,56231,0,2,139118,209564,171,24923,3124633515189898076,637.32
7667,404,65,98,37,6279,0,0,7969972,10694,143,66994,7698371673675953554,724.49
7668,502,71,21,38,62789,0,1,6006805,244193,226,83887,7191582856782339074,925.63
7669,404,67,11,31,21450,54,5,6616283,85973,113,93894,1357188017021935355,46.75
7670,200,22,54,83,42085,0,12,5268072,85732,221,79039,3116718922816141898,164.11
7671,200,45,49,19,52346,0,2,2343401,19898,21,16776,6676405082143485797,670.08
7672,500,49,8,69,58137,63,24,3497340,61774,7,43464,4859513948262747499,113.31
7673,200,101,36,81,60888,0,18,5702534,21740,217,64251,923115632126324717,547.9
7674,502,83,70,89,22266,0,25,3826941,106458,249,36022,2891753581061354330,603.1
7675,502,39,99,30,42407,0,20,3622771,204700,158,548,7100740115239077397,838.69
7676,200,44,73,47,37392,0,3,7724702,79353,81,7357,3715838451028485379,929.49
7677,200,191,71,44,22538,0,9,5545195,30475,252,87511,4568417671283683610,827.08
7678,200,105,51,81,54182,101,10,5440098,73525,159,60045,3631840450513948157,626.11
7679,200,33,30,31,42111,0,10,3397739,81789,198,78346,6999140478841592091,822.38
7680,200,91,20,29,32057,92,17,4455715,132206,118,3025,3216717324884406962,848.54
7681,200,108,11,84,40372,0,3,6262160,52041,150,90231,3025763346316577736,229.85
7682,500,117,87,84,1166,0,5,2737943,229827,4,34317,4844827970907296126,211.67
7683,200,43,31,28,12861,42,1,6969108,7281,50,7809,8129631485295662133,541.34
7684,200,23,90,29,7957,0,27,7064152,148666,254,63688,5893722198883994980,401.24
7685,200,76,79,88,46530,0,8,5122889,193038,210,225,5644027095768010362,110.91
7686,502,81,60,64,45278,0,0,3250935,139013,72,35952,3788377750475472863,712.27
7687,301,8,37,48,43806,0,6,1141316,163937,156,71114,1861623193132758485,763.72
7688,304,51,39,87,54812,0,9,1296119,45551,211,62063,5414065411980960369,44.63
7689,200,11,15,83,61379,0,0,563769,83457,192,16000,3247511279425632245,795.85
7690,200,21,96,29,12399,22,13,7766161,121359,192,81017,4840644716212716842,515.66
7691,200,85,26,69,5121,118,2,3672171,149101,14,98929,2770747121848568947,484.99
7692,500,58,47,57,5084,22,22,5084977,224954,37,87751,2373353739651894993,744.79
7693,301,91,45,63,37849,0,4,2942997,100937,255,52616,4975268858209126514,51.46
7694,301,146,29,90,12100,0,17,5154684,22099,61,95313,2489385578503360718,444.17
7695,200,161,28,59,49295,95,27,7118897,129773,43,58454,2795298927887209682,220.18
7696,200,67,86,57,46929,0,18,6109888,111172,137,96277,2528636415625864183,975.24
7697,301,112,7,73,31116,0,15,6118293,246352,217,37715,6889887912982121940,373.31
7698,200,39,41,18,32492,92,14,6706566,137401,242,12292,3626823264925315095,708.11
7699,500,34,7,40,30682,0,9,2510997,158879,161,74434,5593332605945450872,719.47
7700,301,45,30,73,36330,0,24,3885754,152759,86,9759,6905477843400313330,528.72
7701,500,147,28,66,44291,0,2,5959916,193026,113,64793,7591818248723943919,892.85
7702,304,113,97,60,4620,0,15,1830880,164340,162,14100,3060835755872330738,579.91
7703,200,110,39,73,14284,74,7,942044,79402,98,22824,1937017804461028801,825.34
7704,304,113,49,57,40590,0,25,7028654,76836,76,82850,8437466108609630935,878.82
7705,200,76,44,42,16116,0,6,3456382,3662,29,9277,2104745966712189235,944.03
7706,502,166,9,42,59347,0,22,6148032,15057,194,74230,1424993924699713424,312.88
7707,200,153,20,20,14034,0,18,4680700,51215,132,84005,2182707990947597057,129.95
7708,200,74,14,87,37911,0,12,3287775,116008,99,57196,2789260689697202951,76.62
7709,304,50,30,72,48682,0,6,1925741,148009,40,30469,4571312745383884327,732.75
7710,500,92,9,32,15752,0,12,434063,231113,125,41351,8259414463258752899,430.7
7711,200,5,60,63,50837,0,23,792719,156955,153,89171,598094766206790013,726.43
7712,304,43,80,41,20129,0,19,5829584,1746,122,68479,427369868981808616,246.37
7713,200,52,0,26,26392,81,26,4430445,168439,189,82575,5881238465955873438,250.88
7714,404,72,83,34,37901,0,25,3202149,123831,89,22726,3644019864100663299,324.61
7715,500,14,82,86,40962,0,23,6058172,35590,125,43245,8043690890893741522,366.23
7716,200,134,86,53,9783,0,22,6858856,20420,212,34356,815929801244284896,464.37
7717,200,69,61,33,48643,0,9,2147007,2291,46,17708,431556347001093593,449.83
7718,200,35,67,54,35939,0,12,1455886,47250,78,63324,8577201371228929577,534.21
7719,304,73,22,68,17653,0,3,5722064,117213,116,24477,962459939681364783,894.18
7720,200,173,3,85,30534,0,19,3262789,213245,30,12252,5771173341546142077,36.16
7721,404,144,100,20,4730,5,13,5451084,39955,142,54936,3451328847458007583,20.25
7722,304,49,54,17,51433,0,7,6454433,105182,10,91184,5203814107291178167,668.98
7723,200,40,74,68,26118,0,12,2096316,196503,46,4399,708722710129021353,235.21
7724,200,49,68,88,25277,0,19,3623397,158103,182,21155,6815600569725276445,495.53
7725,404,89,69,17,43852,0,5,425966,55439,173,9698,1656346192475025110,472.71
7726,304,249,50,53,3918,42,9,1628342,115791,64,98272,7016868354207437973,347.67
7727,200,23,94,26,36329,28,10,4899015,38442,204,4790,6889889780133680478,37.54
7728,200,70,92,32,27689,0,10,515250,64534,139,20586,3362898357240166685,106.49
7729,500,119,81,22,51391,0,13,2590890,155558,198,30363,3045337764530584431,653.17
7730,200,166,43,76,63250,0,18,3219781,140518,103,96979,2113308011964045546,5.15
7731,200,169,87,77,25045,0,15,2428244,83326,103,59823,1136291276846980199,612.76
7732,502,89,66,72,39222,0,10,2052871,34413,127,61322,1846114214385210140,156.1
7733,200,37,81,16,28893,0,24,3595545,164218,107,64630,1318892046963325545,742.34
7734,304,101,34,77,32580,0,28,2900733,166188,111,14266,7297103778522048060,412.93
7735,200,16,13,86,20556,0,18,4596878,102948,206,33878,5129230031075048638,14.06
7736,500,66,69,77,49845,18,16,7004932,133786,184,46839,3070267921136022367,747.78
7737,304,92,42,26,26683,0,4,2427377,199562,58,99356,7970231488345534791,321.97
7738,200,118,89,75,37616,0,17,3233915,101172,78,11268,4996865668448694607,405.42
7739,200,132,4,21,1532,0,3,873054,158242,146,5835,6154741964832547982,754.09
7740,301,81,37,58,22576,0,12,5361088,65593,135,91112,7061728363669442232,55.86
7741,200,114,46,47,34233,0,18,6779688,212626,75,37323,6680175015654724132,130.6
7742,200,134,58,44,54188,0,16,4258059,6404,139,32881,1061475293517900536,324.48
7743,200,154,43,74,675,0,5,947150,19255,237,40841,6963128025546959303,98.74
7744,200,36,94,62,5942,0,18,4177238,137000,237,79831,741101322589849467,159.83
7745,200,55,95,32,54077,0,19,6212371,233188,163,80093,365743939751715487,853.5
7746,502,148,100,80,39315,0,0,6955048,169235,94,70775,8687589749049365407,229.86
7747,404,80,20,38,49797,0,26,7746413,134883,234,42117,1986887866172414990,370.86
7748,301,168,74,26,52245,0,18,4854481,120618,80,60505,5477652331050059174,326.64
7749,200,123,81,62,11758,66,20,5119925,203472,136,81226,6569039321548072021,225.78
7750,502,183,80,21,41538,0,20,6384339,235963,0,92055,8372268244390397918,510.58
7751,200,30,4,31,62747,0,24,906043,182935,202,30123,1796311804201309489,823.28
7752,200,170,84,50,30663,0,26,4172302,165589,101,93786,3523900601685720631,953.64
7753,200,150,55,84,21119,83,21,217782,200570,162,93333,6980238535886342634,485.54
7754,502,99,44,32,17207,43,28,529047,142686,177,26673,4602865887859316282,361.95
7755,502,18,81,85,44288,0,26,647619,80149,124,49997,6381935608710221081,767.04
7756,200,19,27,42,56467,0,13,7767002,120746,153,44211,129719501921834488,241.55
7757,200,43,14,53,39111,0,7,3417241,237525,18,65574,7442177129930943051,903.37
7758,502,6,55,52,58564,0,3,602704,65203,244,85506,2026024775303033003,551.04
7759,200,158,74,56,9943,0,3,6086271,92449,195,85480,2237696903938004105,54.72
7760,200,150,60,42,14933,0,21,7915678,64381,205,99463,8842486324205379476,669.98
7761,200,11,10,40,47429,0,19,7983157,189448,86,50452,4873902147249783074,722.3
7762,500,36,21,15,58698,0,13,7727303,53498,248,15248,7525966989997588889,700.95
7763,200,131,1,86,12267,0,18,5869636,75936,33,73926,6768687034910940775,375.35
7764,502,62,55,49,45954,0,13,1088411,87056,244,9105,5285522699950913797,947.97
7765,200,114,3,47,49250,0,12,4622939,120673,166,40605,3580370755076605039,383.71
7766,301,4,35,15,24335,92,23,3038511,133875,34,98591,1487117770773931045,852.27
7767,200,54,87,66,41476,29,14,5462131,26963,84,9007,5859404003022982847,255.75
7768,500,16,40,64,22251,8,16,7270385,104326,192,58155,8922835264322369848,569.78
7769,502,45,1,15,24988,54,26,5375164,111124,143,56804,3873801870020038964,798.1
7770,301,164,16,45,2193,0,21,5404413,215277,138,46800,5538509722729236659,943.77
7771,200,55,92,72,727,0,21,5909380,61584,153,11777,4780942305787233317,619.0
7772,301,111,17,51,17930,0,26,2311273,120914,121,65847,930467201908310272,516.33
7773,304,10,79,18,34156,0,1,1473212,19571,213,61869,670935155957721901,521.08
7774,200,155,37,46,9392,0,13,4227804,122546,106,17024,2536434087533066276,523.7
7775,200,113,73,56,10028,83,0,4948964,135752,116,57461,5184615302682625131,768.96
7776,502,66,36,55,31545,65,25,5155895,130958,33,76365,1154145126495698726,525.11
7777,500,58,13,92,3165,0,7,7257450,233672,130,69394,3551303290704745487,603.65
7778,200,147,66,72,38903,0,12,1616257,26204,210,53826,3905081608852077361,932.04
7779,200,94,51,84,24485,0,28,4402237,43186,7,53014,5298474440978382300,565.83
7780,502,31,17,40,48023,0,16,6623764,126785,236,62685,3766914322939371874,927.6
7781,200,128,53,53,13553,46,11,7790404,132695,81,93331,2310493112946808328,481.06
7782,304,46,93,33,53372,0,2,1836742,186840,139,79674,3935492035876450911,419.38
7783,404,68,23,19,24798,0,13,4579739,133134,82,52372,8597040850965786433,653.12
7784,304,70,54,53,32019,112,13,4906203,211942,117,37441,3181397577769678836,715.63
7785,304,116,28,19,62767,0,12,7148799,173460,163,31627,7209872366882904248,822.99
7786,200,105,21,86,3090,0,5,1541132,14096,67,867,1286992771280518714,212.89
7787,304,134,83,73,22062,76,24,702204,237440,162,84361,1177465742695899927,951.33
7788,500,140,8,91,57753,0,16,5481130,72678,6,17976,6174555547167686652,25.68
7789,200,104,3,49,41210,0,5,4731160,71431,158,74898,1031849447650391436,169.78
7790,200,79,6,30,23355,0,22,5158060,216564,224,95036,4350054855697430648,667.59
7791,200,91,42,86,49727,0,21,3112846,182357,52,48839,1856925102156489104,224.84
7792,200,121,13,46,56407,0,6,4584954,224603,139,26736,665721117644819697,22.29
7793,502,4,48,40,21361,0,22,609625,52361,86,71715,5368350173030867677,932.84
7794,200,113,17,34,13683,49,9,3561600,116042,116,94603,1265577705475379917,417.01
7795,200,60,84,20,32822,0,6,732607,49199,58,31975,3167370689154113400,508.31
7796,200,94,65,28,33179,0,25,7761284,55685,119,67196,8547985423033496982,243.63
7797,502,56,39,32,9333,0,16,5250621,56223,159,37058,6182108449440279006,1.87
7798,200,125,77,49,15555,0,5,4359672,216661,79,88239,1018714754335684904,507.91
7799,200,111,91,92,20028,0,25,1559414,34179,179,8369,6069400758022461365,28.89
7800,200,6,71,52,20999,0,0,7385172,216935,167,5795,8721098416623845687,397.74
7801,200,162,0,48,49158,0,3,6406615,225398,226,8151,1587289734100602258,741.87
7802,200,115,90,71,2666,0,20,2473900,15050,124,38899,1803466495311770491,75.45
7803,200,20,67,82,33869,0,16,6670042,29109,162,53927,7324982873662762490,531.05
7804,200,8,44,31,7558,0,13,426238,22716,51,27865,1857605903702769704,535.49
7805,404,154,9,91,1641,55,25,6178904,30785,5,44604,2627477949818213045,140.64
7806,200,111,96,32,54710,0,4,1818334,65449,240,97092,2001437326215528707,169.32
7807,404,70,46,91,19761,0,8,1908840,77348,17,57914,5316897951701710480,325.22
7808,404,38,5,35,27418,0,3,748560,224237,169,14428,3535998213838781463,857.57
7809,301,58,44,92,9083,0,20,7615829,64427,72,15120,4817895852739074314,274.14
7810,404,40,90,82,6226,0,3,4254662,203554,140,4572,7608247517248817468,708.88
7811,404,21,97,59,39651,0,21,4280387,128431,106,79225,6305679550086283321,195.65
7812,200,73,2,23,28665,0,27,7645701,2724,87,55112,7620371985552023287,316.56
7813,500,122,24,25,18374,0,15,2826585,61693,212,2381,5419399801372055737,58.59
7814,502,118,98,44,13262,0,20,33608,83410,78,85796,1988527925710016435,993.62
7815,404,7,58,82,15522,0,27,1669366,208989,107,47094,6206834750831384925,664.12
7816,200,87,80,67,13833,34,14,504971,172630,78,72809,2763543859129218607,97.43
7817,200,3,100,22,45237,0,18,6964265,69287,44,94537,6761540288542318592,726.13
7818,200,72,23,90,21583,0,20,5780291,244889,77,27557,3694871845316927194,261.06
7819,304,2,30,71,48164,0,19,2097821,62880,165,94236,5072460065586431400,612.91
7820,500,56,50,25,16317,0,24,2613725,210746,147,20560,3993714984114547884,170.14
7821,200,49,96,54,17299,96,25,4954841,60329,32,95113,6643093887268757707,481.28
7822,500,191,81,69,10446,96,18,548704,182489,70,99883,4472848300205795233,537.83
7823,301,1,19,40,17611,44,4,6351536,31231,171,77518,6101975510705010090,546.69
7824,500,159,42,58,22373,0,5,3184886,134487,72,12959,4897450654736509813,739.99
7825,200,48,8,17,16240,0,22,7554524,10677,144,15768,2107572549914566997,677.14
7826,502,77,53,86,44621,0,2,6248105,56004,141,85271,4510283194185534670,579.15
7827,200,114,53,62,25922,0,11,2594687,111088,66,70516,161311727644894647,970.39
7828,301,166,85,58,52238,0,3,4264619,20980,99,63180,8983563269971239258,863.12
7829,200,44,35,74,42289,0,18,532985,161120,116,88141,1888773349506555494,53.69
7830,200,26,68,60,21685,0,24,6770190,184384,233,39771,3243122217095220429,258.46
7831,200,153,6,19,2733,116,10,6750027,198333,188,3982,2729813993528476063,70.79
7832,200,23,79,42,41108,0,17,3469274,105709,148,18554,8138872022890433927,311.77
7833,500,226,52,47,12697,0,15,4584297,116849,67,37256,7748354526223867881,684.64
7834,500,72,76,18,53581,0,22,4223240,140432,156,1046,427768844465912338,968.65
7835,200,69,31,61,5924,0,10,7609086,152204,60,66437,509652613157055856,856.85
7836,500,102,81,39,2051,16,15,4776220,167001,50,62215,7239409242208483888,914.6
7837,200,145,46,20,7235,107,12,5576176,7112,61,42818,6917981179795171852,154.41
7838,200,47,30,43,61713,0,10,7229682,225964,3,68491,8263642793521562103,453.65
7839,304,63,64,83,37682,0,0,7764199,181784,21,69197,7524907589817537694,830.89
7840,404,23,94,82,28246,0,16,2591947,101914,208,23130,3751233925204887296,248.56
7841,200,123,26,71,21779,0,1,6261386,122040,34,47094,1185873887333374770,303.25
7842,200,100,15,39,63236,0,1,3550271,164927,70,30405,2648473815884734200,757.37
7843,500,185,28,46,40071,43,1,3079739,73421,85,50851,7890815297026136747,810.79
7844,200,126,21,45,45035,0,4,5494128,9420,70,69561,3520737303286385042,140.55
7845,200,6,89,51,13383,86,13,4633253,15233,30,16634,1526579058511053248,302.43
7846,502,131,24,56,6518,0,7,430817,212525,53,54248,5601368459931582038,605.01
7847,304,89,35,31,11765,0,9,5291483,179302,122,69113,1841990740949362538,140.2
7848,502,174,47,65,29792,0,10,4007592,212517,154,89799,5531344546075884514,653.52
7849,200,202,49,66,9765,0,10,7809847,55687,50,26542,3560913967413951671,747.82
7850,200,166,100,24,46372,0,20,313159,29824,31,35745,2124233888349106707,572.46
7851,200,40,97,69,27559,93,8,4794764,96060,224,94231,1142658714416979010,295.48
7852,200,109,18,80,18469,0,12,2554819,221429,13,37015,8160185056589183952,336.15
7853,502,68,35,76,33224,0,27,4103255,62469,166,95513,1801276138674596073,989.31
7854,200,142,10,92,38874,48,26,526512,41360,168,19015,2678703599884486746,336.51
7855,200,22,69,76,51805,0,8,4499467,102797,46,50728,8142394283541265590,982.48
7856,301,61,33,32,51823,0,20,3377371,42214,88,19665,4848513486528434805,499.95
7857,404,30,8,44,11593,0,0,6373883,66265,119,56459,5522937244427506406,19.66
7858,200,133,51,90,40174,0,27,6646058,29266,34,46002,2930647413556098092,590.84
7859,304,192,79,37,1622,0,24,4089943,219612,125,15645,4582472427138451216,283.59
7860,404,49,84,57,17208,0,13,2529388,43960,57,3802,5392986375898196450,935.93
7861,502,164,53,38,58154,0,11,5844739,231278,169,74256,7081034809018848002,423.97
7862,304,82,91,41,27695,0,9,4673123,16371,197,91434,6322198310056733520,63.59
7863,200,76,2,87,25935,0,10,7808882,195741,223,84691,3101872052628539430,121.53
7864,200,157,67,44,60131,19,12,102560,175109,194,99611,5702451784075108671,838.01
7865,404,143,16,64,22621,0,6,4289207,155062,49,16913,5427980273795593068,759.76
7866,200,10,95,49,32670,0,26,6581469,58578,1,89544,800511477288752282,520.42
7867,200,62,13,17,57000,0,17,4345713,116479,34,99320,4976280873432931855,899.92
7868,200,83,32,89,32294,0,2,2929691,111949,165,92193,3624252944521947133,887.35
7869,404,124,39,62,15455,0,6,5761101,238393,14,59051,5265110839916474946,799.07
7870,404,75,58,19,57204,0,14,2471468,164794,205,52760,7746499216233594938,498.0
7871,304,122,40,59,1370,0,22,5390467,137386,60,81745,2358376861966942894,735.42
7872,304,68,58,25,49506,0,7,706066,215869,209,48409,3258314328369973837,155.45
7873,301,200,87,78,56435,0,9,3755472,24929,207,5100,1732034300119479283,226.28
7874,200,133,65,31,14710,0,3,660330,33474,164,68548,5760672977362360639,527.18
7875,200,174,39,55,8535,0,3,1779286,55442,28,23172,1561751504794562809,383.14
7876,200,30,79,48,48830,0,3,7013468,232079,206,3796,4166388054178342467,704.66
7877,200,198,84,76,54517,0,13,191313,209523,116,25456,2372249032733304117,553.78
7878,200,15,70,69,46784,0,9,6797286,76221,168,47106,66532255008177233,453.95
7879,500,130,53,48,44859,0,12,5910982,108256,87,63123,1764069282631294879,403.9
7880,502,70,29,33,18744,0,11,6867236,194884,43,24851,3451785890404230031,138.1
7881,502,52,77,72,50980,0,15,202086,206814,166,62809,6628989368672011624,835.57
7882,200,192,61,61,28824,0,27,1890675,56335,111,71608,1581291541187745071,297.01
7883,301,283,7,87,39762,0,26,6479792,186597,252,1890,6012020114003170309,940.01
7884,500,75,5,73,42892,0,2,7440821,181076,215,44771,3038362896076938813,28.2
7885,502,149,45,48,12529,0,20,2808310,99734,72,95818,7473876757592219067,67.61
7886,500,56,41,58,25168,0,26,3592435,148084,132,50583,8946216563713524588,445.97
7887,200,179,11,27,12429,0,23,3630679,48638,114,68050,3818516061866357634,911.73
7888,301,44,100,45,8256,0,28,908288,6638,146,36744,1937251382127655935,851.53
7889,500,22,59,27,39311,0,26,6117439,234187,56,93588,160535690255437396,788.16
7890,404,60,81,54,23622,0,22,7360915,82537,143,60590,5017051544854002101,687.04
7891,200,49,86,88,50034,0,9,3972194,89538,171,5084,1370259892281926218,598.86
7892,502,68,44,53,29377,0,7,1667618,242515,186,1346,4787761196897826149,335.61
7893,304,80,15,62,56837,39,26,7101860,1392,166,34173,3703276802570229109,563.55
7894,200,19,2,58,55269,0,19,223116,31973,176,49777,5779115620409428249,330.6
7895,200,194,49,79,39699,0,24,3928665,170772,225,40839,4413425797709282808,221.07
7896,200,46,31,40,45306,0,12,2615066,196918,20,96915,6902039995945142170,177.91
7897,304,100,77,21,27700,0,18,1165575,247554,25,30222,6638562367320224559,929.54
7898,301,133,48,25,5587,68,16,7661831,135364,164,57023,4594547558356631058,163.71
7899,200,52,32,55,36541,0,14,5542357,157608,217,55010,1255830955126402712,198.49
7900,500,88,66,71,52015,0,0,2257762,112185,219,84831,5455689697345755222,282.24
7901,200,141,81,54,41723,0,11,2537947,12212,172,85386,2415587081196972718,518.32
7902,502,20,40,18,16132,101,16,7904661,176578,254,81851,6952871498377630719,468.18
7903,200,111,15,40,26729,0,25,3599660,32959,7,44347,7525035240007014108,801.18
7904,200,32,59,33,41443,0,2,294208,156859,139,49674,2363157669910800508,504.68
7905,200,32,44,80,2663,0,10,4590527,85216,243,39606,1033374780675396541,165.36
7906,304,70,7,55,55022,0,4,5873101,13262,142,14655,4424897315239756079,883.16
7907,502,116,94,76,47685,0,13,4894809,18649,181,87953,1651846906281565541,931.57
7908,404,8,28,30,23030,0,5,13578,100619,27,82846,7425046874307675832,774.5
7909,301,111,6,59,18425,0,1,2591095,201121,32,18265,2898467207953199865,22.35
7910,301,124,40,16,31079,25,13,1335880,190267,200,36168,3252233651840486666,630.1
7911,200,209,31,62,27465,0,12,6407392,139701,167,900,4292715234373045057,515.91
7912,502,112,27,46,23249,0,23,3812421,110151,2,12199,8609360822695793683,793.75
7913,200,79,9,56,42400,0,16,6454403,231627,122,80957,6255230556782937586,619.33
7914,500,18,16,34,2234,101,15,1682033,62245,20,20450,5287014691187384176,661.04
7915,404,9,47,38,10697,0,13,2934889,27047,169,39406,10925900720671530,606.86
7916,502,58,74,86,44813,66,4,5340624,85558,252,63536,8053767879329006134,513.12
7917,404,19,53,50,30210,0,21,2126840,21149,189,83740,5216883587474070762,833.78
7918,502,12,26,16,32927,9,21,7827304,1608,138,14463,6543239903853225884,828.3
7919,304,124,64,79,5974,0,10,987294,84710,125,75076,2409815202587504304,798.02
7920,200,78,65,64,23451,9,14,5141864,4079,24,12970,8375457574205308420,178.89
7921,200,184,36,18,51307,0,5,7118979,241108,60,24279,7036518484207416383,209.51
7922,304,131,52,65,28356,0,6,7593834,118195,237,76020,6594404050446735523,83.93
7923,200,190,60,49,31747,0,8,6696044,135263,201,82941,441333788651377633,270.35
7924,404,4,20,90,5890,0,22,5385249,119712,82,11185,7775576051446624893,828.29
7925,200,24,62,24,52374,0,4,2772286,76481,118,3317,834114770922791894,719.19
7926,200,89,19,38,34611,0,0,6715298,54715,175,86181,4702281650353760241,447.71
7927,200,8,92,68,1999,0,24,3529131,165420,81,3904,7156693384690737216,925.13
7928,200,10,22,44,58175,0,11,2718436,185263,81,24275,1056514808736798520,421.62
7929,200,1,59,63,21184,0,14,7164013,166559,4,47104,1289910691138841132,369.5
7930,200,163,74,64,40290,83,17,4852612,223031,138,62452,3361831323131813142,407.1
7931,200,52,63,85,42493,0,8,2331733,181005,224,5496,2320439758519710503,534.35
7932,200,110,92,44,9988,0,4,3652025,172795,187,70944,7816474756285435496,422.94
7933,500,148,41,42,29559,0,2,3577805,58787,86,54335,4065251901505637501,393.54
7934,404,44,27,75,20577,108,27,4444228,147069,105,80889,8578072635584894868,558.42
7935,502,22,54,92,20719,0,9,5332530,230512,27,62664,339093705535849026,920.37
7936,500,65,100,20,15686,0,7,7290992,3821,88,38976,8136014322021735167,433.7
7937,500,49,5,77,52155,0,7,3877776,82366,75,74387,6228179874013072875,994.51
7938,502,198,88,39,15205,31,0,4327820,235390,47,51080,7292247032218452268,694.61
7939,304,0,43,89,12092,0,18,3975524,111114,206,35702,3002002140942167665,288.81
7940,502,29,35,50,23408,68,28,7086218,38421,160,34766,3234405397543192333,69.05
7941,404,81,1,63,12374,0,20,5490180,67544,230,44969,6128548269413300208,173.89
7942,200,127,55,26,45532,0,28,5291876,78523,78,75974,2487138347919297109,165.02
7943,200,154,31,58,56481,0,8,4407425,76131,167,64624,3331559156426441536,276.42
7944,500,26,8,16,46672,0,2,5091850,179008,61,837,8584056001968551192,795.85
7945,304,102,3,61,12920,0,22,2155991,1738,236,36263,2679785900555412827,606.27
7946,200,60,69,82,22723,0,11,5920022,131320,248,28546,5248073582270593705,956.41
7947,200,32,24,81,25451,0,16,2282096,131648,38,83935,1819378691192222712,372.69
7948,200,67,67,42,39693,22,6,5484669,79988,228,58365,3070331362860900206,381.94
7949,200,156,16,78,2198,0,24,5477997,32910,95,18925,1493370683295238922,973.1
7950,200,23,46,35,2776,0,26,6901811,219302,9,15305,6757645184785966741,649.12
7951,200,147,44,75,61708,0,22,2317134,35046,204,14974,1049119311389367792,674.49
7952,200,67,85,72,35551,0,27,3314534,172210,67,15245,6490265438806129250,919.36
7953,502,96,65,25,33152,0,26,1198482,97237,232,47302,1041070059854415400,726.57
7954,304,86,95,67,28883,110,5,586382,240971,99,85119,1592155164632612360,631.57
7955,200,194,86,36,35718,0,18,5035944,247077,4,10216,3316038444529928066,385.73
7956,200,151,9,15,38622,45,7,1765318,126599,53,99782,1825590436270252422,641.29
7957,304,144,57,49,61409,0,6,4882957,129177,178,69983,2916176162314338855,461.78
7958,500,107,53,80,62292,0,13,960120,124571,96,24031,5658503262995258142,864.72
7959,301,31,49,81,47992,0,17,6249135,52469,139,45608,5776101396541619133,430.88
7960,304,38,90,30,37153,0,19,464640,243173,114,859,8918039965652069276,533.67
7961,200,51,84,47,616,0,22,6432521,110455,166,61337,5627670349689901736,532.58
7962,301,125,5,68,605,0,11,753983,208046,28,38477,5382205373741007493,189.57
7963,200,167,94,76,31018,0,8,1444042,35294,36,99369,550328168804590137,647.22
7964,304,112,74,90,59336,9,12,3184575,178171,113,67189,2074924205587550767,184.0
7965,404,56,28,42,49660,5,12,7897907,167967,102,50580,1946935166166434980,158.79
7966,200,83,56,71,43332,0,8,272864,162572,147,89134,5461156325774456485,855.97
7967,200,58,42,63,10852,0,16,6358921,180077,247,10840,433527314311471620,910.77
7968,500,64,27,32,59214,0,11,2453653,154520,124,47154,4120723938764528281,318.28
7969,301,212,41,16,9934,77,9,1148167,241916,147,34519,6460030863562091830,598.96
7970,404,111,9,31,12376,0,25,1680775,159926,231,56214,6669540511476796089,623.45
7971,500,82,85,56,62047,0,0,1673053,173739,162,200,4209925126527855075,452.66
7972,500,63,19,22,38157,0,17,3634060,196583,145,34594,8258002693999511395,238.96
7973,200,104,22,19,27848,0,18,5172348,172950,237,25120,8791615789442443480,19.9
7974,304,133,72,75,34173,0,3,880239,111614,33,48661,1681385289857654410,25.11
7975,200,48,14,89,41895,0,16,1860667,178546,173,34786,7595615567351341443,7.42
7976,304,100,52,61,48089,0,25,5308727,105276,138,97202,1851268400049820185,627.97
7977,404,41,19,26,18908,0,16,2058957,161022,57,88295,8230188731266940864,270.13
7978,200,2,77,61,31398,0,5,5512495,147673,114,59179,1212828274934733254,307.67
7979,404,54,63,41,50548,42,9,6394930,121149,152,79042,1010793629659031102,883.57
7980,200,79,47,78,61863,0,17,1274728,147290,222,31377,7134435361006201469,144.62
7981,200,14,27,30,15190,0,3,5552708,165774,101,97723,1145635336561750329,498.53
7982,502,233,85,47,14271,115,6,6361336,184362,7,44207,196760528335377836,238.78
7983,502,210,30,58,18228,0,9,4500016,225197,3,5920,949782476346877289,327.01
7984,200,75,69,87,6398,0,18,6550503,218082,54,40209,5564605436597780438,535.61
7985,304,23,9,45,45619,0,12,1914219,208688,247,76817,2416362114704483220,0.99
7986,301,75,71,65,12405,0,20,2266602,168590,216,66866,8968471459859762589,772.53
7987,404,64,81,49,41800,16,16,1939601,213857,28,65634,1173004827246136848,141.77
7988,200,136,57,50,7168,0,20,263007,154452,223,25189,2777028530634800514,226.93
7989,200,9,62,83,49070,0,19,255423,196916,10,34790,2489502660079557866,773.85
7990,200,32,0,87,24444,0,17,4449675,132586,48,55601,4398052587086373304,607.47
7991,200,142,80,19,21745,0,1,4419314,21375,202,2687,2105798795336717943,833.07
7992,502,77,3,80,27476,0,22,3679088,7620,41,43233,7786981697719604674,769.0
7993,304,20,30,27,32685,0,27,5734302,179718,217,30757,739502626328269512,713.96
7994,200,13,0,39,20693,0,17,6324957,87732,160,7532,7516738019586508578,907.71
7995,200,130,78,50,36888,0,3,1060896,115247,27,44179,4255205029375465918,847.28
7996,200,110,45,35,5553,0,26,7205409,186409,78,23358,2788317836953350890,198.24
7997,200,69,24,25,12704,15,13,6624185,212025,113,390,4725818340670819505,77.87
7998,200,99,65,37,22920,7,21,6158434,248894,138,1383,4167596410397857347,141.66
7999,200,25,67,83,18022,0,23,2465086,114763,10,67108,585110818025277877,250.55
8000,502,69,39,48,62860,0,23,122362,226554,0,33450,1461570860970812292,441.71
8001,200,16,74,42,9211,0,18,1624196,100360,228,10551,1025325323634185411,616.73
8002,200,105,21,62,44182,0,19,154300,154493,217,9806,3459854316659136742,962.84
8003,200,75,28,59,32403,0,4,5327692,74899,54,73539,2416435288658580022,110.82
8004,200,37,75,53,55674,0,10,5115709,220497,13,52561,5765372121050018348,439.88
8005,301,88,41,84,18468,0,14,4651725,36540,147,61402,8828014577411277478,413.02
8006,200,66,21,68,35729,0,18,2495451,139685,25,57359,8325078708931738028,177.14
8007,200,1,94,61,18588,47,20,4631682,168162,23,53289,5526189192441659624,25.98
8008,304,29,63,59,57865,0,12,3971089,208102,206,21882,480859582937510897,304.07
8009,404,8,93,91,58815,0,11,1573594,32834,215,50352,2138573747577228490,859.79
8010,200,41,23,50,48796,0,18,6611296,166389,4,61181,288651712436777006,529.39
8011,304,117,20,64,51395,0,13,7628555,79130,133,41717,3315794141667812599,69.26
8012,200,11,90,67,6914,0,23,2303203,247515,148,53107,1130184171677540431,583.02
8013,500,93,58,63,30677,0,26,5228412,28039,236,51673,3010864376489881562,834.96
8014,200,17,85,50,21397,0,27,1605018,94110,77,66670,3215968457392220818,879.02
8015,404,63,34,75,32249,0,17,7426911,149823,88,69346,8926441844131301704,867.57
8016,500,65,82,46,33588,0,24,4349822,29949,13,53764,1815214995784697680,631.21
8017,200,75,90,29,18966,0,18,535313,14846,59,41234,659168610066561243,376.21
8018,301,90,34,33,6472,0,3,517286,223379,196,17296,883718643726425961,787.33
8019,301,18,44,77,12724,0,3,5008959,16822,203,96736,6531943767139865588,266.33
8020,502,94,21,32,18952,0,11,6706636,208152,124,24521,33009357560520725,364.53
8021,200,224,37,71,6367,0,22,2398783,134861,209,96317,5208629969887974999,168.81
8022,304,149,76,40,38476,0,20,6364502,133113,114,66397,2367457495895905155,522.14
8023,301,21,5,80,522,0,21,6926374,23913,108,49780,1841250570444061471,525.04
8024,304,183,90,75,62968,0,0,1704237,57767,219,92932,4932009395027008318,898.84
8025,500,71,68,61,32373,118,8,5428894,57191,3,93378,7545979826229519103,95.5
8026,200,25,13,74,61011,37,3,2923413,115155,182,69743,13342055320359516,173.69
8027,200,51,70,70,59756,0,19,3253995,39171,192,23063,8582188352994291194,760.57
8028,200,32,31,59,9884,0,27,3768480,149879,232,21715,4179962118716179516,168.4
8029,301,126,30,38,24054,0,23,1959374,84939,227,96833,343520970490634600,749.8
8030,200,10,46,37,3456,31,14,2572208,35552,45,56668,4361084660263587966,913.42
8031,200,84,64,22,53842,0,15,2488909,28426,68,84137,8722866569170484857,6.83
8032,502,67,82,77,6988,0,27,6051859,114289,163,93664,2648832236912572982,658.36
8033,200,82,62,72,5983,0,0,5795121,121054,58,81299,1123974205758233349,549.4
8034,301,37,61,90,31700,27,24,5425242,93474,59,27466,4702438205813523844,45.93
8035,200,93,15,89,29008,0,9,4772484,81594,91,39868,3641077809705732786,264.33
8036,502,41,7,30,35992,0,4,7219470,128641,95,82131,8598875355202239589,531.79
8037,304,15,17,80,44633,74,15,7575860,81102,198,15092,8195164939491665863,372.53
8038,200,82,71,41,390,0,10,4751087,165704,224,91827,5284769651487422387,478.18
8039,502,133,51,61,45222,0,4,2948984,196492,38,19425,4072077528564997945,528.47
8040,200,136,19,34,53961,0,20,1345637,55026,110,69489,4881119828013118192,442.5
8041,200,61,12,79,59038,51,21,430943,3134,133,80605,6106661659629999025,701.59
8042,404,109,63,57,27034,51,19,3831335,156416,0,77614,6524071591530739627,891.07
8043,200,37,62,57,27747,0,9,3162627,132358,125,50161,5057006074832998698,34.82
8044,301,123,32,57,33376,0,11,1998783,85219,221,71482,459476404827653888,262.6
8045,304,130,83,44,19594,0,19,7020679,47809,18,57093,882566216895937406,669.49
8046,301,29,33,25,30073,0,10,4682441,69756,90,92242,4379620999573438659,706.44
8047,200,136,21,71,36092,99,27,2958336,21396,11,3137,7639600098195556676,446.73
8048,404,102,59,68,58757,0,19,963387,228364,246,40887,4466876669745018523,223.53
8049,500,65,71,73,26817,0,0,4448903,62963,37,32638,909875349474580399,832.86
8050,301,84,83,26,58728,0,0,2115770,6559,195,83167,54504717936464081,211.96
8051,502,101,38,86,47199,0,13,7569069,125649,41,95063,2064309692195821316,718.85
8052,301,152,11,81,34751,0,9,2337555,101236,204,71556,1344105704877065746,973.74
8053,502,110,24,74,48759,0,21,746994,49327,152,26944,7635733659323212471,775.4
8054,502,45,7,90,54865,0,10,1350451,129788,226,76916,1440296377696802187,562.12
8055,200,187,79,43,45058,0,10,7373049,232569,106,84929,4900597495412241084,631.68
8056,404,92,31,71,25087,0,4,2898476,128067,33,64213,2811877886375462613,545.38
8057,304,132,22,64,36463,0,14,2245269,159496,87,13600,6090224171791636216,764.46
8058,301,99,64,51,51374,0,19,7653658,191014,142,8849,1931155960359829957,55.69
8059,200,150,21,29,53337,0,25,2858674,147647,226,23837,5540773737561837204,385.24
8060,200,115,70,27,26877,0,18,1464754,225195,135,41624,4104723912963653686,55.53
8061,404,37,87,92,53210,0,23,799985,94312,191,12871,107378935819794757,979.27
8062,200,78,5,80,16371,0,11,4986875,119841,18,13644,5552470281269186177,132.73
8063,404,54,73,84,15885,0,28,304729,74309,152,19881,7838617642547089174,109.73
8064,304,84,8,69,39143,0,21,3392182,199472,44,69626,5870328407523168712,737.3
8065,200,0,39,80,33531,88,21,1649919,226924,232,27731,4437224424719852791,927.66
8066,200,63,48,64,31697,97,18,1831483,175147,150,75266,4864971178839270610,184.37
8067,500,89,100,26,48362,0,4,440643,121298,131,87456,1429575228534674732,270.5
8068,304,73,66,27,46364,46,24,709889,180524,68,38247,3775958272376527626,433.95
8069,200,39,40,30,19588,0,1,3651052,101621,15,89736,6135417846439218630,394.95
8070,301,27,21,34,34344,0,9,852842,246782,167,24188,4232751164246401862,595.06
8071,500,82,81,20,58696,0,9,5198639,53541,167,20646,7412019534612293519,580.94
8072,200,132,20,48,60698,0,5,3355051,18259,248,40527,6051186663921781510,543.54
8073,200,78,87,45,32770,0,7,17277,77430,202,37310,6040977223605560071,971.15
8074,200,10,67,43,57522,96,10,3535566,137273,51,24920,7938207793399401275,225.68
8075,200,99,22,42,6199,0,9,5312563,46422,181,75436,490810239189416589,763.93
8076,200,11,7,27,40166,0,9,5998588,138250,230,84611,5512527907370508635,7.24
8077,200,101,34,50,26398,0,7,6127916,36891,105,69122,6649030993504300636,402.53
8078,200,95,22,52,57716,0,16,6452104,240524,34,70750,6748083633119712864,548.34
8079,200,222,12,43,52069,46,4,3362892,16829,158,79447,6714953576882909385,369.93
8080,200,153,17,20,56444,0,17,1905524,61879,237,22259,3800971148344054656,316.51
8081,404,119,86,85,54851,0,27,653628,238299,183,40699,5129692022049475329,453.17
8082,200,0,14,72,19792,0,13,6855642,199655,184,55728,5152845392377175238,836.31
8083,304,48,62,35,48056,90,12,4318030,120575,50,43121,6969260731302488191,900.4
8084,502,99,45,53,7915,0,27,2828089,13940,223,58496,5682170956940661236,416.83
8085,301,86,22,26,62214,0,25,2974704,137358,249,89520,1772806811458970547,251.14
8086,200,124,94,49,16856,0,28,3251823,108224,184,67668,496143349694748802,721.29
8087,502,22,42,68,430,12,23,7110813,193942,166,64355,2985077946914856101,505.12
8088,200,64,75,63,46269,0,23,354321,49316,147,20249,6592674015677174432,543.43
8089,200,146,56,34,52178,0,4,6834597,132923,45,70294,7936988333740790789,315.21
8090,200,59,3,39,53138,0,23,4052908,144002,230,41817,8718076575300596784,549.95
8091,502,78,61,50,12395,0,8,3625795,161800,238,44578,2639678971236510661,214.52
8092,301,26,67,89,36789,116,5,5989996,223248,186,41701,6903601283810813975,150.72
8093,200,67,0,91,63892,0,16,1898755,242673,89,91147,7376047981059820485,271.48
8094,200,100,90,47,57210,0,18,6203399,148388,131,32568,8671337656569753962,166.28
8095,304,0,55,57,53892,108,6,7397823,209200,23,19238,2353608796161264435,752.43
8096,404,5,43,78,60787,0,14,7363110,143080,30,55329,6622165129503621469,858.26
8097,200,6,70,15,6149,0,23,1165565,93124,8,56713,5513175612084237007,520.79
8098,502,62,38,74,38500,0,3,1721171,2777,24,39626,734122871322272645,530.59
8099,200,14,30,68,3198,0,13,5614355,134848,202,45440,5665245281327184975,653.88
8100,200,72,82,70,58215,46,21,3574441,145416,1,43728,5050396576019554790,43.83
8101,404,8,79,38,41418,0,0,6909720,84251,186,45896,395016017704718674,292.78
8102,200,5,41,60,1372,0,26,3137792,170739,7,25199,140781089618535838,470.78
8103,404,47,83,25,17096,0,14,5302061,97229,133,13077,3761221552009938116,828.01
8104,304,6,69,78,30545,0,6,6987640,5872,255,22106,504713596911950302,374.82
8105,200,44,4,84,38072,0,20,2692424,240154,44,89432,8964517270378377275,723.33
8106,500,43,15,74,58591,5,25,4908628,221775,13,59694,6416541531738721791,545.5
8107,301,115,15,44,5750,0,5,143973,16932,156,35040,8570576458515458132,258.31
8108,500,64,12,61,26865,0,7,4416213,231822,120,29536,2728242968725558160,122.85
8109,502,128,87,28,2850,0,0,5918039,177530,219,52421,2111811636706701252,801.86
8110,404,55,85,86,3510,50,27,1786458,187862,41,40388,923801688096619881,892.31
8111,500,65,81,55,8246,18,22,2195540,29290,119,92502,5431512258633851780,697.63
8112,502,120,59,38,40720,0,17,4948215,173809,74,57444,5200968480224715754,844.76
8113,301,82,20,89,14809,0,12,7260962,85016,83,61682,3501654996481792440,119.07
8114,502,233,84,46,47401,0,18,7480784,154770,46,67065,1741539596285011168,203.76
8115,301,36,86,60,5830,0,16,2646367,64953,50,80926,7478626063980784775,568.89
8116,500,78,50,23,29442,20,2,7835883,164756,182,38178,6299209364143178983,385.91
8117,200,97,71,45,34217,0,20,4041251,165447,60,3322,443804071453156416,408.36
8118,304,114,6,68,17888,0,5,3968758,120236,212,46355,6380241705987714723,723.35
8119,502,5,83,84,58307,0,27,1942519,183555,37,93579,8200749045865528319,516.08
8120,200,50,17,84,38649,0,19,590244,248432,73,63712,4916676506730937971,447.0
8121,404,7,70,17,29763,0,5,2493499,141426,130,14047,7061327968754172027,448.15
8122,200,63,70,37,9781,0,0,5924157,201969,233,96245,3956216634846699902,193.27
8123,200,125,78,84,56025,0,17,1853485,13458,21,89214,525736882541401706,242.17
8124,200,112,35,19,56572,0,27,1316597,33505,132,6574,310524470369877961,624.17
8125,500,117,39,81,692,96,9,3345904,19446,20,55396,5523381383132186795,691.8
8126,500,190,75,67,38382,0,14,6078628,137845,16,88067,671172998108203396,13.6
8127,304,128,22,22,7653,0,15,5016684,210373,23,71280,4079126067820645612,536.21
8128,304,60,71,53,45922,0,3,3680339,158088,219,39685,8172850078883195498,994.83
8129,304,23,94,38,51980,0,19,7807862,194320,56,6862,3585852125898975908,878.47
8130,301,111,100,64,62455,0,22,280888,147301,13,33868,8569287823180181272,393.9
8131,500,125,91,23,42172,0,28,7118642,118572,156,53955,3219777598737367201,4.13
8132,200,146,69,75,19707,0,18,6286761,219810,209,84495,2602700423348656149,58.78
8133,200,114,34,91,56299,0,6,4632367,103049,78,95288,2895929145556730425,527.95
8134,502,135,41,81,13955,0,6,3013740,95874,16,16323,8244259607078991040,355.08
8135,502,105,0,71,1023,0,10,1864863,17165,176,43728,2063350311297929530,80.59
8136,200,65,31,25,58145,0,19,4984784,232551,4,79187,4918625534382109322,908.99
8137,200,167,65,36,13589,0,9,3133801,96531,202,26945,3376008694204680123,475.22
8138,200,57,44,37,28161,0,25,2930221,235661,154,90090,4530358085291179768,887.49
8139,500,78,40,53,63114,0,16,4385190,193486,91,98758,7503923118579831772,245.83
8140,200,100,37,49,56431,0,21,4914592,41127,249,87009,2912151821971052369,855.94
8141,200,158,64,21,11719,0,27,30838,11090,165,18054,8751438483215038919,21.9
8142,304,18,64,41,6808,0,13,7900262,206479,236,48897,5144004165728129242,394.76
8143,200,93,39,21,58895,0,27,6461450,192054,45,93285,7280156268402713116,609.56
8144,500,153,33,34,29348,20,2,5271241,105566,8,59597,5524464819376794801,200.1
8145,200,102,33,83,12516,0,26,3013716,177064,8,116,4177689567201205968,500.69
8146,404,94,28,32,34914,0,15,7754656,194986,88,54901,864851071106775414,354.85
8147,200,62,68,48,57138,0,21,6870918,156687,224,36133,4331989866307102721,784.0
8148,200,60,81,18,54197,0,24,3566353,146398,159,72652,689128874778191261,408.8
8149,200,151,55,39,44636,81,8,5835336,5848,189,26103,7256772886831995409,918.13
8150,200,89,56,59,16752,0,13,7592394,230765,30,51477,2014952589093720317,975.43
8151,502,150,24,86,1858,95,20,2759999,205788,183,93626,246660569329871800,610.82
8152,200,39,70,53,19581,0,18,5355855,25040,84,13137,3562341600057624843,86.15
8153,200,109,65,91,2115,0,19,1688594,57621,75,29369,2525588832292012802,542.28
8154,200,26,19,85,5056,0,3,4422251,246261,159,36169,508553824463737798,201.56
8155,301,181,23,29,33859,0,7,838746,83608,32,91509,7577773606737796944,578.1
8156,200,36,29,25,38770,0,23,5124397,229198,118,72838,3195731761270314196,706.94
8157,200,11,74,24,35453,0,3,2733431,71622,177,7463,6468119890682661466,144.15
8158,200,13,57,30,4211,109,2,6298131,12055,140,49818,8186343144619536913,804.18
8159,304,54,88,35,37290,0,13,5577618,38271,52,51647,5592224218839939458,298.51
8160,200,39,11,64,36963,47,23,5740518,155345,171,29561,3147063530617055362,662.69
8161,200,7,19,15,59312,0,5,2566844,28104,15,5136,468382108526100184,491.74
8162,301,15,86,28,35784,0,28,7880751,145674,51,82910,1987539476925943558,671.1
8163,200,103,16,82,45854,0,26,1614705,175339,169,8287,8034655267029886085,779.45
8164,304,69,99,43,62427,0,19,2205104,213987,123,65910,3003469903144781306,153.25
8165,200,47,80,26,17115,0,9,7474177,149569,196,38284,5730326647364129981,924.97
8166,304,6,80,73,19545,0,20,6808614,95308,173,89686,1222411112803033240,430.34
8167,200,122,46,36,21071,0,27,5755077,137934,140,65349,6004961474020709012,287.96
8168,304,53,10,21,49990,0,8,1460840,81743,79,84274,900744224844773552,141.73
8169,200,152,74,56,63979,0,23,7679742,195811,6,15061,2990420003155507504,541.18
8170,200,98,56,18,4785,68,8,2817257,114723,14,82789,6409404125384879982,200.61
8171,200,148,75,69,22509,0,16,4908148,135800,59,86822,7724375596093409332,118.18
8172,500,65,47,90,62362,0,20,3286917,69022,5,10385,7803876316939967832,330.93
8173,200,85,28,80,41725,0,14,6706586,79794,171,80139,555894728172728067,298.26
8174,502,93,46,53,34001,0,12,1432014,164672,55,16646,590954725055484042,81.0
8175,304,125,29,77,2575,0,18,3113081,142405,114,43926,6399093209166314163,616.52
8176,500,101,49,71,53653,0,9,7855388,236528,218,66381,7571813954294859871,454.39
8177,404,48,100,64,14240,22,15,5972923,170620,56,69435,5439092662354289648,344.69
8178,304,87,100,71,49649,0,11,272085,173568,163,84238,6415440254483350829,670.44
8179,200,133,91,62,39216,51,27,6435241,194817,88,97477,6143764595887564098,950.86
8180,200,97,1,83,14275,0,16,6407398,204799,51,35100,4066919464752754690,396.41
8181,301,217,93,23,3049,0,4,5758169,9857,40,70371,3340112225980681055,633.56
8182,200,26,13,65,52634,0,25,2976653,3375,53,30110,8790933213025630276,437.32
8183,304,39,17,70,34874,0,15,2691884,36904,40,35206,7332495783304514945,623.87
8184,200,13,12,83,15533,0,27,3684059,169341,197,76829,8959894917109854074,233.03
8185,200,141,59,22,8408,0,7,2285114,60539,23,13407,3102050827456951323,969.89
8186,404,138,6,75,40812,0,14,3079282,18227,86,51313,7417219424805234829,721.13
8187,301,219,26,70,28038,0,3,2383457,208902,120,54519,8846056207315811231,447.94
8188,404,53,88,62,10085,70,4,600115,60085,98,34782,4060773575238766286,169.35
8189,200,158,15,46,20724,0,25,7030605,88805,161,39342,6505962765164095653,977.31
8190,200,153,17,60,49969,0,27,84976,419,27,89888,3731073920844787370,625.74
8191,301,179,53,92,30053,0,12,4717956,141355,119,16722,1154061145013000946,212.67
8192,304,147,62,59,61823,117,20,4678159,219961,116,71184,4635143312020077057,409.82
8193,502,58,6,69,60675,82,1,4808909,21903,16,78031,2153889721371475425,725.74
8194,404,106,86,30,7323,0,16,5440752,185068,21,76841,611415666231236823,650.78
8195,404,133,2,74,15441,115,0,6467860,8986,75,82304,1174765520168247144,981.8
8196,200,142,50,66,27403,0,4,7927041,123196,108,87636,5186414376331479636,465.02
8197,200,64,90,49,32312,0,15,5618672,128590,168,37627,8575975272972520626,627.95
8198,301,129,65,49,42444,86,0,7191473,18562,77,88983,6367409904040165869,410.41
8199,502,99,9,82,50238,0,22,3392079,91994,174,23942,3676638947733103719,50.04
8200,200,121,9,24,3439,0,25,4021205,156650,143,30139,1147342883613061058,738.64
8201,301,55,3,43,41359,0,13,3930158,237020,94,32420,8495359714632000986,306.02
8202,200,213,19,15,16959,0,2,1105549,63955,11,93664,5353860969187620925,709.01
8203,200,26,37,76,46593,0,6,5652647,157199,26,6969,2918506045623501585,868.81
8204,200,59,92,87,58478,0,3,4311404,46485,204,37857,1017985071229509448,646.62
8205,301,148,83,66,28892,0,15,7218432,105764,174,5245,1132594896743539079,146.33
8206,404,131,88,40,54930,0,21,4985835,7571,95,16989,6070869531793898267,968.5
8207,200,200,99,45,59764,0,25,4400992,19529,97,71361,8610445723179025835,992.16
8208,500,9,80,21,49516,0,19,2845457,5290,194,17637,4248879019710386306,556.2
8209,502,66,83,41,13242,0,23,4563698,120675,222,19157,6674735239657170132,66.29
8210,200,67,15,37,5604,0,25,4759087,13945,9,43974,8637991800605674984,918.87
8211,200,11,44,57,19088,41,20,647254,661,106,88082,5489558642994631991,227.5
8212,301,103,95,17,62947,0,2,4941822,212198,252,42672,184610829524438358,254.0
8213,200,53,37,37,9365,0,11,6793970,213447,13,80184,2511818241159152348,938.27
8214,200,52,17,82,56017,0,15,5077611,156359,177,32466,3945548710990749913,901.91
8215,404,144,82,64,12145,0,28,7967413,128888,152,15469,7172578218072385681,607.57
8216,200,127,95,26,25537,65,3,2753573,41589,226,48117,2764724128701521175,280.09
8217,502,0,45,92,62628,0,11,1949787,134697,195,87398,3864014612408435763,368.64
8218,200,133,13,71,15149,0,6,7714951,141014,250,95990,2583139520742882281,962.89
8219,200,206,16,40,9982,0,18,7643312,99343,69,37796,8108313583749012739,543.85
8220,200,100,30,80,37598,0,24,1290218,57607,1,82449,883127345114811073,63.7
8221,200,61,1,30,24049,0,13,1152434,199203,100,42637,8855847337148758321,60.57
8222,500,83,34,32,2677,0,9,830184,30944,205,20987,428576999723041915,117.98
8223,200,76,40,35,7467,0,2,5196969,218558,117,75460,921128648146588471,21.37
8224,301,78,62,84,63372,0,11,4578307,228132,0,64540,2539709798247443972,854.78
8225,200,82,45,45,62631,0,11,1543882,218113,16,25799,5010026413015092283,511.99
8226,301,125,66,84,31252,54,12,3203895,237869,119,17385,1353003770007420328,108.27
8227,200,27,22,79,19677,94,9,1078262,160964,89,26360,7147336016540333649,227.55
8228,200,20,83,79,61951,0,26,2643134,170381,196,55448,2477205248005871958,558.8
8229,502,43,9,84,44719,0,18,3338385,213525,76,10773,3371663985446742180,622.34
8230,200,142,33,49,1805,0,10,3711837,219711,253,8479,8655438104485162728,675.83
8231,200,10,72,47,6114,0,7,805240,243316,143,41041,5673411860458037102,430.35
8232,200,76,35,53,39279,0,16,3747081,167673,205,90066,125268884641404849,58.49
8233,200,44,66,89,17919,0,25,6091771,135078,153,32273,6609691852163483610,746.07
8234,200,64,98,31,6697,0,1,7562434,244929,2,44728,1147385545948123461,361.95
8235,500,140,17,88,46952,0,4,3935294,227515,208,89176,6224004808717060801,582.16
8236,200,130,31,48,43059,0,26,5705984,165229,103,8168,2881071421807872257,349.92
8237,200,57,47,81,30239,0,8,1272723,117107,180,72371,5770741503416308676,432.88
8238,200,77,96,59,16803,0,5,2112470,110905,27,41748,8916735341086164483,826.57
8239,200,71,95,20,43225,21,7,1305483,102145,157,15365,578962900516251683,952.31
8240,404,96,11,18,23038,0,28,7197717,77974,155,93177,505453963083975016,531.49
8241,301,64,4,25,422,0,15,1448793,226097,97,66161,6117311353931004074,516.99
8242,301,102,18,73,8949,0,15,202246,85703,80,67357,5897855557967988614,844.71
8243,200,64,75,79,13596,0,22,2232672,92734,31,2345,2139258193762217258,706.27
8244,304,126,62,54,9176,0,11,436344,71527,53,88734,2359689115610204395,20.29
8245,200,72,27,20,37670,0,27,400076,204060,45,45070,1747692429222941475,519.63
8246,301,85,41,30,229,0,27,4500167,75873,30,99326,3809541087663869391,193.35
8247,502,16,42,57,7534,0,18,6835984,178329,69,91920,6444807340219276564,490.18
8248,200,91,96,40,59521,0,1,2586044,21560,183,81883,5953164942080246997,5.99
8249,502,34,66,84,58860,68,15,1200169,229419,225,35056,284495057259194560,293.73
8250,304,103,8,29,15562,0,6,2409528,44036,223,84645,4971630074892711843,623.08
8251,301,114,72,38,46151,0,3,6960319,223708,108,34453,5527596311475393618,762.64
8252,200,185,6,29,3951,0,28,7796672,15768,149,88417,5982313498060723316,787.2
8253,502,128,58,26,1328,0,13,1486010,24362,67,85960,8547547027291539946,107.59
8254,200,64,48,58,10608,0,7,1211762,1653,11,13415,3831047422254401774,164.72
8255,200,77,17,76,15295,0,24,5358711,101261,217,31662,60711966114661304,426.15
8256,500,97,33,86,17050,0,2,3853083,189983,187,18036,5612530868114358768,110.01
8257,404,20,30,65,53601,0,12,6533349,66556,246,15139,8803083995387779681,100.76
8258,502,61,59,74,47611,0,13,2842254,447,74,8156,8233282223843942137,757.8
8259,200,167,6,90,59085,16,20,6810973,181190,155,21242,1659514264065369356,858.1
8260,502,55,87,48,49304,0,12,171123,193931,129,37631,5694776905902002696,854.67
8261,502,106,84,86,2091,0,7,4830941,196407,24,97746,6301196413882227479,967.48
8262,200,70,6,85,25664,0,0,7368534,249128,107,27385,6977112304765752259,800.32
8263,200,156,95,16,63495,0,5,2609914,193868,94,27943,4555634978471384743,826.65
8264,500,111,6,82,53076,19,24,5783817,83089,33,36752,1535874039627398390,20.31
8265,200,38,13,50,31851,0,20,6561967,216067,225,20821,5768061168374637384,299.33
8266,301,14,29,81,3867,0,19,1071492,211081,54,66682,735599510834400061,426.85
8267,200,72,57,66,4370,0,11,5762441,238231,8,97770,1271829512284335069,914.51
8268,200,16,79,28,63629,0,19,6931007,156685,152,38788,370539382032016944,400.72
8269,200,7,96,75,40537,0,14,1343633,1468,189,11024,7321509342207264594,503.85
8270,301,44,45,42,3105,0,21,5795677,41580,104,98707,6947810719806879768,620.43
8271,502,87,22,17,30357,0,13,1699700,61691,175,2612,4747205164371172852,743.98
8272,200,46,8,45,11806,0,15,6496107,148492,64,20107,3909274785359709458,611.27
8273,404,88,43,71,53077,0,11,3661814,137212,71,57473,2060111229397949146,744.94
8274,502,129,55,27,44119,0,14,7027610,82463,167,75590,3354276795169553247,422.21
8275,200,162,44,76,4585,0,19,727656,91529,26,2035,6782254804759479200,707.9
8276,502,24,13,58,38736,0,13,7977385,36010,152,49855,906552945065765855,295.24
8277,500,128,39,24,35470,0,3,5768258,227790,97,9049,3317413785668962367,276.67
8278,200,21,46,25,40435,0,21,4287897,125630,117,73276,2158530424413286612,159.39
8279,500,53,72,83,36655,0,17,849042,13316,56,70693,4431269989327265348,132.98
8280,301,91,69,15,26230,41,25,3246859,235767,216,62383,2582259838006252823,56.4
8281,200,195,44,16,2275,0,23,7786893,164309,148,95426,8368273641103532270,204.01
8282,200,69,32,19,3504,0,11,2667208,179598,88,2271,8948609202124729994,337.17
8283,200,203,2,52,21598,0,10,6475872,230620,136,42026,2828162386033922303,840.72
8284,404,110,60,82,22906,0,2,4099061,22400,159,89691,2177828370980296928,912.1
8285,200,68,11,61,29833,21,15,5707557,69262,38,38615,2133979517372592208,888.5
8286,301,54,76,88,52770,0,16,2713297,174874,20,32549,3707539255357830290,353.12
8287,200,35,6,59,21116,0,14,2104665,56443,123,56784,8118869401707013927,510.39
8288,404,47,90,67,244,0,9,7496125,59704,42,21254,730640267435692768,512.37
8289,200,35,12,46,16420,0,9,3200274,136484,116,97826,6677538126778077945,191.87
8290,200,109,37,89,57682,0,26,7048924,149288,230,47251,6412657835379606203,117.63
8291,502,61,19,31,57366,0,26,887272,247869,56,92472,6131341274221649103,270.04
8292,200,100,31,69,21025,0,5,4573569,231756,33,85234,1504638787554476322,816.52
8293,304,41,29,92,60917,0,19,3974183,107455,161,7459,7898505665136404375,135.1
8294,200,135,33,63,15675,0,22,5709988,95371,10,35904,6583685778936462507,266.62
8295,500,116,53,36,33234,0,22,5666629,70193,111,78077,4868305522095384705,67.04
8296,304,31,25,55,49153,0,23,4510508,192885,107,40787,3435034019804065747,378.09
8297,200,195,81,69,41006,0,20,347162,114936,118,71243,7307171227124499952,923.94
8298,301,3,60,53,2826,0,20,2193705,216818,118,75500,6568117295716094554,733.54
8299,502,78,53,86,16877,0,1,254176,129884,51,20133,1510933714860404548,28.15
8300,502,77,57,23,18302,0,7,2601947,242763,51,38140,7698459501488609658,967.19
8301,200,138,53,18,4449,0,16,3676371,26440,134,38336,6240377173277542339,252.17
8302,404,60,83,38,26467,0,9,708084,28562,45,9085,5804897876509186646,885.93
8303,404,85,43,89,35738,0,13,960576,183845,179,83581,117465388171595754,500.42
8304,502,75,69,22,55156,0,16,2330384,239143,128,65192,2809641837553168923,1.42
8305,304,100,77,34,6860,0,18,7388911,12511,232,20184,2965842548368317609,961.64
8306,200,60,78,63,11683,0,25,7747936,152091,75,64265,1070769949429301156,828.98
8307,200,31,97,38,58943,0,4,4556116,63523,181,9872,2770280081200738313,139.17
8308,200,110,78,38,33953,0,24,3377933,190134,22,3725,5924295373771466966,517.51
8309,304,125,78,92,62263,0,28,1061914,150387,190,30197,5221467180905213882,504.79
8310,502,28,57,67,54653,0,23,5993462,189946,37,32565,5029667752873537903,966.53
8311,200,2,81,85,19270,86,0,6779513,110778,81,48587,6575968849655228975,708.29
8312,200,22,62,72,41200,0,26,1533110,58741,59,67186,8956824996037962085,265.58
8313,200,211,59,23,44085,0,2,4175795,140403,122,23854,1363840101481343581,852.97
8314,502,128,44,61,37798,0,8,7707969,10213,180,48895,5809110285301531541,975.13
8315,200,6,47,76,56699,0,5,6041758,218447,10,91374,1548656135556065407,818.11
8316,200,48,81,53,60329,0,15,881047,15715,9,46762,8159172359983449292,158.89
8317,200,135,36,82,1636,0,20,2230138,66859,77,37202,1191754868554122353,706.99
8318,200,60,42,15,52473,0,7,511636,212378,219,23870,4762718977268609870,312.17
8319,200,52,43,49,21323,0,1,323322,206913,227,22519,6487578905543988862,695.39
8320,502,101,77,22,1346,0,13,132136,14878,240,11921,5932473711923942290,295.06
8321,500,37,89,17,58423,0,27,1142677,180235,178,12889,6769536898082214137,73.2
8322,404,50,17,39,52406,0,7,4615309,229737,25,55407,7049827911737429416,362.92
8323,200,141,57,86,397,0,5,1488156,45401,45,13593,8162744350211194481,753.23
8324,200,27,6,42,29545,0,20,5059862,234861,178,91526,2271378374482846606,408.52
8325,301,25,62,70,5083,7,24,7551893,152453,107,86697,3570467661062600834,499.64
8326,200,64,43,23,42950,0,26,4910858,173460,131,92997,3812269545501588502,746.83
8327,200,79,82,88,30038,35,20,3777493,197327,165,1707,1732447064342648940,824.66
8328,200,113,51,86,19424,10,8,2638034,218858,144,89236,1795571688396136488,119.62
8329,502,33,76,19,17060,0,12,2770118,10166,225,84452,8652032355033941854,183.33
8330,200,57,36,22,39360,0,18,2182379,16695,83,37590,5203798215905375227,717.84
8331,200,132,15,68,4873,0,10,5745311,30988,33,4608,3173819649262309688,516.18
8332,500,102,74,75,35101,0,26,6887535,213938,193,5296,4091996117949608446,926.12
8333,404,62,4,73,23849,0,17,7414052,208433,174,34043,2321455275350824211,823.4
8334,301,15,74,81,15972,0,12,1258973,128525,40,57213,5044484333936124919,870.03
8335,200,117,18,39,12444,0,9,2686537,164651,227,14852,7292969169835431485,696.75
8336,200,42,56,35,47549,0,19,1513033,142686,70,6939,6126367442008172270,189.65
8337,301,155,93,65,46185,0,9,6355996,173362,110,64815,5484389141539255419,627.51
8338,502,133,85,70,57007,0,3,7610990,69422,23,55407,5847519924563210256,229.42
8339,200,1,31,77,23037,0,24,1215180,132951,4,73685,4422822349435985101,393.72
8340,200,56,81,15,55070,0,25,6264946,141589,214,89375,1275734947445914757,423.31
8341,500,41,8,15,18148,0,28,2918595,242673,196,72490,8304243121437996180,111.5
8342,200,97,12,22,33265,0,21,652719,220612,72,35807,8075934000869574744,79.04
8343,404,129,99,40,18361,65,4,2940894,211520,125,84229,396718803067720466,941.02
8344,502,15,79,65,37005,0,11,7456582,123491,64,48279,4651539790179248955,936.42
8345,200,156,95,74,39787,0,28,3420570,88036,255,52879,8459553096360504616,675.73
8346,200,158,76,36,50357,0,1,6472791,30334,179,4477,2732754244654256393,581.71
8347,304,171,7,34,31174,0,18,1706250,233231,39,5263,2770646382315859907,852.56
8348,404,63,45,80,25123,0,0,7046251,122141,246,30569,2797976891730790583,494.77
8349,200,50,41,18,39024,0,28,587025,29103,40,20808,8801329046399344245,651.7
8350,200,62,2,80,54059,97,16,4713575,97786,77,31193,5367408898797562044,775.05
8351,200,145,73,92,60510,23,11,7383812,98890,23,3989,2795505007584245818,111.41
8352,200,57,30,25,45561,0,15,3904019,8413,185,27129,8804139069757564034,326.01
8353,200,47,96,57,38804,94,11,5906064,42357,161,17697,3446006962350939805,176.8
8354,200,28,55,47,13028,0,19,1690731,237943,48,73782,6648017730075418071,203.04
8355,304,65,60,81,26375,0,6,2722770,29988,150,39230,1829977953963151890,167.22
8356,200,151,87,65,7535,0,0,6677571,204274,170,41030,188037533902597525,551.5
8357,301,78,40,41,6395,0,3,1321820,63045,127,37438,2177394926131115774,358.56
8358,404,26,87,69,9485,0,2,7549020,33587,97,65624,3751267424418913652,654.95
8359,502,16,14,91,4836,0,22,4948904,235540,224,27637,4274552175513028501,220.93
8360,304,197,86,24,51888,0,10,3172607,180004,187,53932,8159733328690183931,355.64
8361,200,158,19,41,20135,0,27,5457065,52427,255,68310,1919701489649970198,206.1
8362,200,19,100,84,42270,0,8,4290904,23109,194,94565,4418079408206389211,965.79
8363,200,46,49,90,14615,86,21,4948686,176458,182,57083,8093880082395725691,690.23
8364,304,75,22,24,2049,0,2,1610596,93623,220,4718,554377393204755610,248.78
8365,304,49,54,66,58719,0,15,7013632,119283,221,19462,8696472023195610773,567.83
8366,301,39,14,55,40725,72,26,209478,4423,176,40001,7321659312781658781,644.29
8367,404,79,98,58,20095,0,20,7231119,142271,248,92009,737759035876383067,19.62
8368,500,72,8,44,15792,0,22,928510,138412,190,34854,5480788221085509432,914.62
8369,301,123,48,28,43283,0,1,7777957,165553,168,18012,257589878890261337,703.93
8370,500,40,38,82,49119,0,8,2757737,238543,200,12359,8803014328595868691,263.45
8371,200,96,94,86,24853,37,20,908273,28681,229,41376,338864866949244462,462.85
8372,500,169,94,66,63607,0,2,1327431,80979,117,44131,5747821405793739438,415.91
8373,502,13,79,63,14133,0,9,4757619,49022,246,3495,2209636744296337533,822.45
8374,304,70,37,85,5123,0,2,154908,36605,149,92476,4469565925640295719,124.52
8375,404,122,53,87,12271,0,2,7016761,26464,57,92424,8635133167162480709,160.76
8376,200,122,82,85,63893,0,17,293543,187727,31,69157,3813368435894798785,338.22
8377,200,40,40,16,37880,0,5,2101056,103445,52,68116,1977311910432469381,517.9
8378,200,85,76,54,20282,0,26,3475604,3255,185,13630,7138421549779962519,425.54
8379,404,4,71,76,61418,3,18,7012991,200350,143,32968,2280671942416947482,12.18
8380,304,73,12,18,42053,0,9,72044,50508,159,86962,6577649091423971136,633.35
8381,200,105,30,56,41658,0,25,3770071,10793,88,74613,1497326351507427168,192.93
8382,301,92,87,25,27140,29,1,5554833,156161,71,51320,3355788807623065175,983.51
8383,200,139,23,58,10049,0,22,3979698,63445,216,75360,2541894022821311849,339.2
8384,301,45,49,85,10703,3,2,2865094,192425,206,32935,2101024159737207643,325.17
8385,200,29,48,52,15914,0,26,1698410,106945,153,19541,6652987155747346895,322.43
8386,200,155,23,88,8182,0,25,1592009,160243,201,30148,692295183219682851,977.93
8387,200,17,45,40,44473,0,10,5002625,158723,174,93026,5469502149282052459,603.56
8388,200,52,92,79,51387,32,24,7696339,22986,67,44549,7337701185036033820,592.21
8389,200,258,34,62,55706,0,16,2784212,104404,90,55977,5527251369932651989,796.74
8390,200,133,20,43,52862,0,28,1316506,133612,72,80237,517653855666576338,8.55
8391,200,31,54,15,52992,0,21,6332133,201255,221,59014,2701111643918630373,796.13
8392,502,7,46,71,29434,64,5,1732309,107234,197,40644,4654651814938860251,957.28
8393,200,77,75,76,18366,0,23,6494533,208604,10,11247,4681272936696563554,902.95
8394,200,87,90,32,20999,0,0,2968594,94879,63,73333,7697812026431474853,94.85
8395,304,80,10,83,61015,0,7,5155643,218658,214,83175,214160825211443013,50.51
8396,200,68,59,28,18408,0,12,5606761,32325,60,84827,2976539812391361781,567.63
8397,500,101,12,74,41414,0,24,6970706,133723,116,94608,4616254131647994858,961.09
8398,301,244,41,69,21776,0,13,1448196,126664,52,28033,7333965507198482633,274.82
8399,502,70,81,90,26120,0,9,1475983,121861,193,36303,8495844831343168630,382.29
8400,500,59,46,74,64000,52,2,2009109,105355,11,35813,1196236361508707930,11.84
8401,502,144,24,76,21965,0,17,124539,20821,82,54919,4867573049411327067,11.66
8402,200,48,51,20,18739,0,22,6056270,5363,128,56324,749179986365847263,677.05
8403,404,138,63,56,4249,0,6,4644147,110361,119,47546,8478081825222394669,724.36
8404,200,151,85,79,10934,0,5,6022162,43910,115,54610,2529238076069446862,498.74
8405,301,33,93,39,30684,0,27,6532154,133183,69,72526,2725043272028796875,298.43
8406,200,28,61,37,17099,0,26,7103195,32356,154,12586,5560689845650684541,680.27
8407,200,121,28,40,28732,0,8,3159890,101441,150,42982,7697357394621982010,383.24
8408,404,153,67,45,13450,0,21,1454105,167943,76,44167,4480027411082342416,337.85
8409,304,80,38,78,28732,0,26,1085185,236003,138,95924,5158684941109539332,180.01
8410,200,70,19,46,7617,0,14,3992812,141235,214,51999,1800204871693378184,782.0
8411,304,81,15,20,43579,0,14,3332669,44862,85,46032,4548858726092630363,859.22
8412,200,72,10,66,61297,0,10,7838058,120287,230,53929,8267983440730802800,886.88
8413,304,0,35,56,9736,0,18,5166161,71791,85,2462,6942594300248277997,867.34
8414,301,16,46,87,25589,0,16,4377920,100582,3,38481,6760122823707617184,764.84
8415,200,84,38,91,49252,0,3,2651343,46622,14,94563,4620089428426282498,441.45
8416,200,0,2,65,63762,93,25,6379091,45860,238,57691,3810824503060106919,825.43
8417,200,137,76,82,58041,0,2,610241,181506,140,80636,2279773194084457839,926.56
8418,304,127,65,54,7564,0,23,5824074,3875,108,54265,7620340460773888948,82.44
8419,200,78,94,65,557,24,8,7588357,127028,134,69090,1224963616048179283,953.44
8420,301,74,80,20,8534,0,14,4304350,167573,37,13915,6276959351624406074,417.48
8421,500,56,23,33,18777,0,27,7839163,168956,227,84620,1835026449801980083,859.57
8422,200,139,83,92,56877,0,9,4719335,126495,55,78061,8392798170688031640,238.56
8423,200,107,61,28,49838,0,14,2470810,242707,78,90127,7515713905960445540,878.23
8424,200,38,26,62,38099,0,28,524672,25945,74,95395,7611865409239812206,235.4
8425,200,32,31,18,20881,0,2,5336008,116315,2,65331,2641681423111432128,536.67
8426,200,71,84,64,50676,0,11,5661679,248791,179,23426,1088822074073920525,154.84
8427,502,84,20,17,36022,0,20,5860133,68115,101,17019,2791333609107535136,779.43
8428,404,146,19,20,10606,0,15,1630893,74498,1,3090,2078909483306273034,180.06
8429,200,139,55,38,22798,0,14,7729920,187740,5,82660,8532078110274173981,199.06
8430,301,123,63,79,46916,0,10,7401795,4218,115,72240,4160171647623288263,860.58
8431,500,100,65,29,63763,0,26,6694918,95591,190,66652,15475599805678655,971.0
8432,200,95,89,18,47433,97,27,46185,41258,199,51895,4857675762769250770,794.53
8433,200,13,1,57,25821,0,0,7848918,208296,79,23594,7409697785785064587,742.98
8434,200,20,35,68,44355,0,16,5022631,81231,149,52036,2952233038997335438,164.19
8435,502,114,82,21,42944,0,1,5150503,43067,8,27472,7160626210354167081,291.93
8436,500,128,87,69,26768,0,24,1383238,209716,254,1021,5966830863314035005,660.91
8437,404,24,59,28,23843,0,11,1454004,238,62,50866,4743845431708851126,966.27
8438,200,156,45,29,31841,62,27,6004585,166968,103,90460,8661219572972347880,831.45
8439,502,73,38,64,27629,0,4,6826171,178098,210,81953,5331117288394117260,929.69
8440,502,159,15,24,15227,0,22,4485116,102906,213,22837,7460827139555575653,378.51
8441,500,86,58,67,12046,0,22,829886,126491,111,59463,4052020049125907343,989.05
8442,200,215,21,32,14912,0,15,5447017,50047,242,51964,3872252806658978194,236.01
8443,200,47,93,31,47622,0,14,3894392,136110,200,6324,1181483479279088143,68.42
8444,301,59,53,82,1389,0,1,3282864,182484,249,8169,2978551055580628494,913.84
8445,200,54,13,72,24642,0,23,3303589,35135,175,15920,5347725935243377783,827.67
8446,200,68,47,38,9272,0,11,6606829,47369,125,54327,3480370742598999587,992.71
8447,404,37,43,42,35009,0,27,303838,148549,79,43383,1840028869642892188,339.72
8448,200,74,4,43,48612,0,20,7660777,26909,204,34676,1062339106119321063,352.58
8449,200,40,17,92,62167,0,13,402109,7533,140,98321,6783610051573957151,40.26
8450,200,73,61,77,59400,0,15,5794637,214688,210,30703,5471182228966268719,350.23
8451,200,117,78,28,29348,0,4,7070815,78214,108,10271,3209329490599555403,152.0
8452,200,67,2,61,61256,0,13,4070512,51316,227,3737,2086992684262836956,794.07
8453,304,11,56,31,2838,111,5,2838570,32872,100,84495,5388423158128342080,483.31
8454,404,109,46,40,28787,0,20,6226344,200438,128,67977,8893955778921001802,503.04
8455,200,17,62,68,20558,0,24,3234009,38218,165,26457,409744325280374508,538.01
8456,304,57,34,76,9539,0,2,5599935,137514,203,86065,8696004088337590475,278.75
8457,200,94,12,75,25841,0,25,6003071,100729,173,26055,783359932320494263,637.6
8458,200,147,9,89,5862,69,1,4161029,53866,188,70275,8851137977212738631,38.02
8459,200,67,42,86,23970,0,9,3240952,120970,210,48121,7205218741589542453,557.77
8460,200,140,4,76,19787,76,24,5746982,156879,189,48659,4549492031575150838,723.52
8461,304,61,98,91,25859,0,1,3045627,64265,41,38595,90009605155803283,774.55
8462,200,119,48,21,63136,0,3,451633,84861,253,11060,8763131812347506434,913.73
8463,301,96,26,57,57436,0,12,5028595,240069,150,7052,1477227423328029690,46.34
8464,200,62,12,43,36811,84,3,5905459,144461,197,91679,1770360473559119655,854.59
8465,200,119,21,51,5285,0,25,2946493,152309,126,68393,4287313361437294739,877.39
8466,404,12,3,37,6280,0,1,7651625,108109,198,1306,2281833791106698888,506.55
8467,200,131,32,79,15812,53,27,1214896,111717,120,59666,4673722844536151249,854.27
8468,200,21,48,85,16769,0,4,6988815,221895,183,80861,867540156405380800,317.03
8469,500,104,82,51,21340,0,27,5312817,117184,214,45309,6948316922680122854,109.87
8470,304,235,88,53,58028,0,25,2911490,188853,40,70797,2124843185718474034,185.3
8471,502,79,3,42,61567,0,11,6823407,174958,236,96997,5863786833596798390,862.94
8472,200,135,17,63,1297,0,9,4230768,188453,251,33933,6497650213719782478,366.78
8473,500,67,86,44,52002,0,23,2447943,58765,41,18846,5430817760105146784,246.62
8474,502,22,73,76,398,85,26,5243786,247666,206,73626,6347383624749796461,825.02
8475,500,198,67,16,61946,115,22,6872965,71226,50,21676,1787372650363426809,482.54
8476,200,65,58,23,18314,0,2,4537880,163417,43,46249,4075613527493064853,794.55
8477,502,15,50,40,8684,0,22,2588776,237445,73,50187,1611258120002342713,497.16
8478,200,181,48,31,3087,0,5,24457,124659,186,3538,4080802049544797331,916.32
8479,404,36,48,38,47703,104,20,4897829,186931,183,5393,5694972653488537167,408.39
8480,404,87,63,77,56128,0,19,4917189,107848,16,26265,7145939208541737408,754.37
8481,200,44,93,76,16325,0,15,197657,111509,110,14032,8671127243528197873,336.96
8482,200,143,79,43,45860,0,16,7010688,54621,53,99155,3409287358019994126,501.1
8483,200,88,57,25,33729,0,26,7890629,207076,107,76588,6840928556773990761,915.01
8484,502,86,4,89,15582,0,2,406642,26427,150,85352,8910115357654306667,148.78
8485,500,60,99,88,53529,52,2,5398079,228830,255,33371,2541091519560340974,15.41
8486,200,109,11,50,3286,0,16,3908745,107792,62,69345,3005404923457353510,373.71
8487,200,15,30,15,13080,0,21,1651460,242629,34,14814,6415997180042084794,912.61
8488,200,180,12,33,27630,0,2,6609215,115807,8,28038,2001038406815945778,349.5
8489,200,72,41,82,31870,0,19,2748129,78857,36,64407,8844198210242946883,558.22
8490,200,87,8,56,15946,29,4,698202,148622,139,88332,8886518218610582855,403.26
8491,200,92,87,37,60099,0,3,7019834,9978,177,76283,2871948764946745334,602.13
8492,200,84,75,90,29897,0,28,3758900,125882,140,5274,8422845407714533987,249.13
8493,301,50,0,32,9611,0,4,564687,230929,73,64084,2773987848388377616,15.74
8494,502,51,51,63,17181,0,24,1182326,24001,122,9182,5371616805768531595,314.94
8495,304,109,17,38,38887,111,14,6520363,114483,72,22434,8844875575011872194,577.27
8496,301,93,13,25,7835,0,6,3890530,232268,215,93555,5964156740173506098,205.38
8497,200,9,37,69,41592,0,3,346404,219674,108,81336,4224202228203732410,757.76
8498,502,23,69,59,9986,0,19,3001850,13829,227,24872,3870070785702564788,234.67
8499,200,49,94,53,37778,89,7,4666741,241627,244,72904,3530909175243841932,591.61
8500,301,22,90,66,1927,7,6,6339386,7678,203,58474,5225147101881191607,213.24
8501,200,83,23,52,11804,0,8,3941597,234510,168,70247,689042796296485755,19.83
8502,200,61,43,78,57254,0,24,7252804,161612,65,30526,5312513690954459389,827.43
8503,301,0,94,34,59615,0,11,7517456,178669,76,92034,5896554355725284781,991.27
8504,200,104,21,73,33614,0,12,7990968,1041,52,26689,8374113867055979043,667.5
8505,200,104,80,42,25804,0,0,421517,116559,52,10486,6525548266775744250,633.12
8506,200,92,10,82,9719,0,26,3792289,243414,75,78250,8644260961548540035,6.12
8507,304,88,52,89,49239,0,21,1814126,121171,42,85713,3457319867109818958,132.22
8508,502,43,74,74,44706,0,24,5707776,216872,204,12304,5194784151458734057,484.08
8509,200,128,21,55,45658,0,14,5238222,223246,196,70810,3133634147998613276,370.06
8510,304,168,75,50,3861,0,24,4509990,114553,191,33273,1041716519279003830,297.93
8511,500,53,59,58,3420,0,13,4408975,220821,128,5897,8351062958919603723,62.81
8512,200,113,42,53,1428,0,14,5088130,82420,86,71050,1055099293255217005,948.0
8513,502,173,68,47,50372,0,7,5499601,86484,150,9640,472663582887583396,505.6
8514,404,99,20,47,17521,88,9,6023562,1700,183,93911,8710311538110016582,102.27
8515,200,84,40,31,29107,80,7,4740264,152500,58,65698,7624498964844848141,839.21
8516,200,80,77,31,49066,0,15,4735154,34080,198,25116,7365663682678119988,32.19
8517,200,39,50,66,19790,0,27,1668545,62456,239,39564,8313481371789907302,580.34
8518,500,138,38,77,24870,14,2,5108543,46249,198,81964,804561053259997836,875.04
8519,301,130,80,64,28397,0,28,6527068,155371,71,14656,8389812327531524923,141.67
8520,404,173,71,22,50017,0,14,6525034,84911,73,18172,3324549610606363445,439.35
8521,200,73,78,16,38011,0,14,6831892,243370,243,30222,1130880663382033410,930.82
8522,500,135,96,23,48996,0,13,6893518,237596,115,98421,6929451930210857123,877.4
8523,500,8,54,67,33672,0,18,7904508,37924,236,72631,5159645110538170605,589.27
8524,200,31,27,92,14241,0,26,3549308,15428,255,50496,2297859251843223417,940.96
8525,404,232,68,30,29583,35,15,7041099,68912,141,85740,4701141460028138297,465.0
8526,200,84,26,91,55158,0,6,7381717,50677,107,89040,4647542351865945990,297.54
8527,301,22,25,70,35523,0,4,3310309,230789,241,93454,6871735271801754312,68.07
8528,500,39,46,73,55358,54,13,7504535,110626,237,38207,8626008022510948035,873.15
8529,200,92,94,54,667,0,19,6398732,152801,163,68991,561860940296627546,445.42
8530,301,6,7,44,1801,115,24,1542249,120911,141,75287,789404169827269127,561.94
8531,301,138,15,25,53574,0,28,1493813,176481,105,13255,2890303224183161584,918.79
8532,304,11,40,90,27628,0,19,106742,163608,157,66973,6824345010325821896,139.13
8533,500,80,55,70,46155,0,22,7445018,146529,74,62471,8486822550227912370,954.48
8534,502,53,82,51,53293,0,17,453530,161038,207,14436,5627937379933734322,879.57
8535,200,44,12,36,49756,0,28,7572645,144470,78,77139,4605907490842554849,626.12
8536,404,31,28,41,27602,0,25,6608455,142481,70,90519,7370427036997769863,926.67
8537,200,8,89,80,23723,0,9,1916402,214448,219,55605,7493875686679844536,870.24
8538,200,141,0,61,15831,22,2,5589525,152429,14,42713,235624971439794583,986.46
8539,404,34,39,60,41866,0,1,7407274,38715,191,96674,2357076664332248719,603.26
8540,200,47,16,27,51955,0,11,1927974,150702,57,51749,3579522840118592090,49.23
8541,304,94,18,82,38703,0,14,1663588,15746,113,51418,3357327665647768533,314.12
8542,200,214,46,38,28834,0,20,3878010,245838,130,17598,5616687352926539551,23.58
8543,301,66,78,35,22882,0,9,677140,83331,40,78035,8731449456171936561,575.95
8544,200,8,78,79,14452,0,26,1368179,146846,51,34857,6457470787009187647,168.21
8545,500,161,85,65,30663,0,0,550231,11880,32,49441,6683650514072221434,868.44
8546,304,112,89,52,29762,0,23,5367089,97460,128,73862,7566891185547510422,329.57
